/*******************************************************************************
 * Size: 26 px
 * Bpp: 4
 * Opts: undefined
 ******************************************************************************/

#ifdef LV_LVGL_H_INCLUDE_SIMPLE
#include "lvgl.h"
#else
#include "lvgl.h"
#endif

#ifndef LV_FONT_NOTOSANS_BOLD_26
#define LV_FONT_NOTOSANS_BOLD_26 1
#endif

#if LV_FONT_NOTOSANS_BOLD_26

/*-----------------
 *    BITMAPS
 *----------------*/

/*Store the image of the glyphs*/
static LV_ATTRIBUTE_LARGE_CONST const uint8_t glyph_bitmap[] = {
    /* U+0020 " " */

    /* U+0021 "!" */
    0x7f, 0xff, 0xe6, 0xff, 0xfd, 0x5f, 0xff, 0xc4,
    0xff, 0xfb, 0x3f, 0xff, 0xb3, 0xff, 0xfa, 0x2f,
    0xff, 0x91, 0xff, 0xf8, 0xf, 0xff, 0x70, 0xff,
    0xf7, 0xe, 0xff, 0x60, 0xef, 0xf5, 0xb, 0xee,
    0x40, 0x0, 0x0, 0x2, 0x75, 0x3, 0xff, 0xf9,
    0x7f, 0xff, 0xd6, 0xff, 0xfc, 0xa, 0xfd, 0x30,

    /* U+0022 "\"" */
    0x4f, 0xff, 0x30, 0xef, 0xf8, 0x3f, 0xff, 0x10,
    0xdf, 0xf7, 0x2f, 0xff, 0x0, 0xcf, 0xf6, 0xf,
    0xff, 0x0, 0xbf, 0xf5, 0xf, 0xfe, 0x0, 0x9f,
    0xf3, 0xe, 0xfd, 0x0, 0x8f, 0xf2, 0xc, 0xfb,
    0x0, 0x7f, 0xf1,

    /* U+0023 "#" */
    0x0, 0x0, 0x0, 0xff, 0xc0, 0xa, 0xff, 0x10,
    0x0, 0x0, 0x0, 0x2f, 0xf9, 0x0, 0xdf, 0xd0,
    0x0, 0x0, 0x0, 0x5, 0xff, 0x60, 0xf, 0xfa,
    0x0, 0x0, 0x0, 0x0, 0x8f, 0xf3, 0x4, 0xff,
    0x70, 0x0, 0x0, 0x0, 0xb, 0xff, 0x0, 0x7f,
    0xf4, 0x0, 0x0, 0x8f, 0xff, 0xff, 0xff, 0xff,
    0xff, 0xff, 0xf3, 0x8, 0xff, 0xff, 0xff, 0xff,
    0xff, 0xff, 0xff, 0x30, 0x6c, 0xcd, 0xff, 0xdc,
    0xcf, 0xfe, 0xcc, 0xc2, 0x0, 0x0, 0x7f, 0xf4,
    0x3, 0xff, 0x80, 0x0, 0x0, 0x0, 0xa, 0xff,
    0x10, 0x6f, 0xf5, 0x0, 0x0, 0x0, 0x0, 0xdf,
    0xe0, 0x9, 0xff, 0x20, 0x0, 0x6, 0xff, 0xff,
    0xff, 0xff, 0xff, 0xff, 0xff, 0x50, 0x6f, 0xff,
    0xff, 0xff, 0xff, 0xff, 0xff, 0xf5, 0x4, 0xbb,
    0xdf, 0xfc, 0xbc, 0xff, 0xeb, 0xbb, 0x40, 0x0,
    0x8, 0xff, 0x30, 0x5f, 0xf7, 0x0, 0x0, 0x0,
    0x0, 0xbf, 0xf0, 0x8, 0xff, 0x40, 0x0, 0x0,
    0x0, 0xe, 0xfd, 0x0, 0xbf, 0xf1, 0x0, 0x0,
    0x0, 0x1, 0xff, 0xa0, 0xe, 0xfe, 0x0, 0x0,
    0x0, 0x0, 0x4f, 0xf7, 0x1, 0xff, 0xb0, 0x0,
    0x0, 0x0,

    /* U+0024 "$" */
    0x0, 0x0, 0x6, 0xf5, 0x0, 0x0, 0x0, 0x0,
    0x0, 0x6f, 0x50, 0x0, 0x0, 0x0, 0x29, 0xdf,
    0xff, 0xfd, 0x95, 0x0, 0x7f, 0xff, 0xff, 0xff,
    0xff, 0xf6, 0x5f, 0xff, 0xff, 0xff, 0xff, 0xff,
    0x1b, 0xff, 0xf9, 0x9f, 0x75, 0x8d, 0xa0, 0xdf,
    0xff, 0x6, 0xf5, 0x0, 0x0, 0xc, 0xff, 0xf6,
    0x6f, 0x50, 0x0, 0x0, 0x7f, 0xff, 0xff, 0xf5,
    0x0, 0x0, 0x0, 0xcf, 0xff, 0xff, 0xe8, 0x10,
    0x0, 0x0, 0x8f, 0xff, 0xff, 0xff, 0x80, 0x0,
    0x0, 0x29, 0xff, 0xff, 0xff, 0xc0, 0x0, 0x0,
    0x6, 0xfe, 0xff, 0xff, 0x70, 0x0, 0x0, 0x6f,
    0x57, 0xff, 0xfc, 0x30, 0x0, 0x6, 0xf5, 0xf,
    0xff, 0xdd, 0xd8, 0x41, 0x6f, 0x69, 0xff, 0xfa,
    0xdf, 0xff, 0xff, 0xff, 0xff, 0xff, 0x4d, 0xff,
    0xff, 0xff, 0xff, 0xff, 0x70, 0x28, 0xcf, 0xff,
    0xff, 0xe9, 0x20, 0x0, 0x0, 0x0, 0x7f, 0x50,
    0x0, 0x0, 0x0, 0x0, 0x6, 0xf5, 0x0, 0x0,
    0x0, 0x0, 0x0, 0x6f, 0x50, 0x0, 0x0, 0x0,
    0x0, 0x0, 0x0, 0x0, 0x0, 0x0,

    /* U+0025 "%" */
    0x0, 0x2b, 0xef, 0xc5, 0x0, 0x0, 0x0, 0xe,
    0xff, 0x10, 0x0, 0x0, 0x2f, 0xff, 0xff, 0xf6,
    0x0, 0x0, 0x8, 0xff, 0x80, 0x0, 0x0, 0xa,
    0xff, 0xfe, 0xff, 0xf0, 0x0, 0x1, 0xff, 0xe1,
    0x0, 0x0, 0x0, 0xff, 0xf5, 0xe, 0xff, 0x50,
    0x0, 0x9f, 0xf7, 0x0, 0x0, 0x0, 0x1f, 0xff,
    0x10, 0xaf, 0xf8, 0x0, 0x2f, 0xfe, 0x0, 0x0,
    0x0, 0x2, 0xff, 0xf0, 0x9, 0xff, 0x90, 0xa,
    0xff, 0x60, 0x0, 0x0, 0x0, 0x2f, 0xff, 0x0,
    0x9f, 0xf9, 0x3, 0xff, 0xd0, 0x0, 0x0, 0x0,
    0x1, 0xff, 0xf2, 0xb, 0xff, 0x70, 0xcf, 0xf4,
    0x7, 0xab, 0x82, 0x0, 0xd, 0xff, 0x82, 0xff,
    0xf4, 0x4f, 0xfc, 0xd, 0xff, 0xff, 0xf3, 0x0,
    0x7f, 0xff, 0xff, 0xfe, 0xd, 0xff, 0x38, 0xff,
    0xff, 0xff, 0xd0, 0x0, 0xcf, 0xff, 0xff, 0x46,
    0xff, 0xa0, 0xef, 0xf8, 0x2f, 0xff, 0x40, 0x0,
    0x6a, 0xb8, 0x20, 0xef, 0xf2, 0x1f, 0xff, 0x20,
    0xbf, 0xf7, 0x0, 0x0, 0x0, 0x0, 0x7f, 0xf9,
    0x2, 0xff, 0xf0, 0x9, 0xff, 0x90, 0x0, 0x0,
    0x0, 0x1e, 0xff, 0x10, 0x2f, 0xff, 0x0, 0x9f,
    0xf9, 0x0, 0x0, 0x0, 0x8, 0xff, 0x70, 0x1,
    0xff, 0xf1, 0xa, 0xff, 0x80, 0x0, 0x0, 0x1,
    0xff, 0xe0, 0x0, 0xe, 0xff, 0x40, 0xdf, 0xf5,
    0x0, 0x0, 0x0, 0xaf, 0xf6, 0x0, 0x0, 0x9f,
    0xfd, 0xaf, 0xff, 0x10, 0x0, 0x0, 0x2f, 0xfd,
    0x0, 0x0, 0x1, 0xef, 0xff, 0xff, 0x70, 0x0,
    0x0, 0xb, 0xff, 0x50, 0x0, 0x0, 0x2, 0xae,
    0xfd, 0x60, 0x0,

    /* U+0026 "&" */
    0x0, 0x2, 0x9d, 0xff, 0xd9, 0x20, 0x0, 0x0,
    0x0, 0x0, 0x4, 0xff, 0xff, 0xff, 0xff, 0x40,
    0x0, 0x0, 0x0, 0x0, 0xef, 0xff, 0xff, 0xff,
    0xfe, 0x0, 0x0, 0x0, 0x0, 0x4f, 0xff, 0xb3,
    0x3c, 0xff, 0xf3, 0x0, 0x0, 0x0, 0x5, 0xff,
    0xf3, 0x0, 0x6f, 0xff, 0x20, 0x0, 0x0, 0x0,
    0x3f, 0xff, 0x70, 0xb, 0xff, 0xe0, 0x0, 0x0,
    0x0, 0x0, 0xdf, 0xfe, 0x4b, 0xff, 0xf6, 0x0,
    0x0, 0x0, 0x0, 0x4, 0xff, 0xff, 0xff, 0xf9,
    0x0, 0x0, 0x0, 0x0, 0x0, 0x1d, 0xff, 0xff,
    0xe5, 0x0, 0x1, 0x55, 0x53, 0x0, 0x3e, 0xff,
    0xff, 0xfe, 0x20, 0x0, 0x9f, 0xff, 0x70, 0x1e,
    0xff, 0xfd, 0xff, 0xfe, 0x30, 0xe, 0xff, 0xf2,
    0x8, 0xff, 0xfc, 0x7, 0xff, 0xfe, 0x35, 0xff,
    0xfb, 0x0, 0xdf, 0xff, 0x40, 0x7, 0xff, 0xff,
    0xef, 0xff, 0x30, 0xe, 0xff, 0xf2, 0x0, 0x6,
    0xff, 0xff, 0xff, 0xa0, 0x0, 0xdf, 0xff, 0x80,
    0x0, 0x7, 0xff, 0xff, 0xe1, 0x0, 0x9, 0xff,
    0xff, 0xb7, 0x69, 0xef, 0xff, 0xff, 0x40, 0x0,
    0x2f, 0xff, 0xff, 0xff, 0xff, 0xff, 0xff, 0xff,
    0x30, 0x0, 0x3e, 0xff, 0xff, 0xff, 0xff, 0xcb,
    0xff, 0xfe, 0x20, 0x0, 0x17, 0xbe, 0xff, 0xda,
    0x40, 0xb, 0xff, 0xfe, 0x20,

    /* U+0027 "'" */
    0x4f, 0xff, 0x33, 0xff, 0xf1, 0x2f, 0xff, 0x0,
    0xff, 0xf0, 0xf, 0xfe, 0x0, 0xef, 0xd0, 0xc,
    0xfb, 0x0,

    /* U+0028 "(" */
    0x0, 0x7, 0xff, 0xb0, 0x0, 0x2f, 0xff, 0x20,
    0x0, 0xbf, 0xf9, 0x0, 0x3, 0xff, 0xf2, 0x0,
    0x9, 0xff, 0xc0, 0x0, 0xf, 0xff, 0x60, 0x0,
    0x3f, 0xff, 0x20, 0x0, 0x7f, 0xfe, 0x0, 0x0,
    0xbf, 0xfb, 0x0, 0x0, 0xcf, 0xf9, 0x0, 0x0,
    0xdf, 0xf8, 0x0, 0x0, 0xef, 0xf7, 0x0, 0x0,
    0xef, 0xf7, 0x0, 0x0, 0xdf, 0xf8, 0x0, 0x0,
    0xcf, 0xf9, 0x0, 0x0, 0xaf, 0xfc, 0x0, 0x0,
    0x6f, 0xff, 0x0, 0x0, 0x2f, 0xff, 0x30, 0x0,
    0xe, 0xff, 0x80, 0x0, 0x7, 0xff, 0xe0, 0x0,
    0x1, 0xff, 0xf4, 0x0, 0x0, 0x8f, 0xfc, 0x0,
    0x0, 0xd, 0xff, 0x60, 0x0, 0x2, 0x88, 0x70,

    /* U+0029 ")" */
    0xe, 0xff, 0x40, 0x0, 0x5, 0xff, 0xe0, 0x0,
    0x0, 0xcf, 0xf8, 0x0, 0x0, 0x5f, 0xff, 0x0,
    0x0, 0xe, 0xff, 0x60, 0x0, 0x9, 0xff, 0xc0,
    0x0, 0x5, 0xff, 0xf0, 0x0, 0x1, 0xff, 0xf4,
    0x0, 0x0, 0xef, 0xf7, 0x0, 0x0, 0xcf, 0xf9,
    0x0, 0x0, 0xbf, 0xfa, 0x0, 0x0, 0xaf, 0xfb,
    0x0, 0x0, 0xaf, 0xfb, 0x0, 0x0, 0xbf, 0xfa,
    0x0, 0x0, 0xcf, 0xf9, 0x0, 0x0, 0xff, 0xf7,
    0x0, 0x2, 0xff, 0xf3, 0x0, 0x6, 0xff, 0xf0,
    0x0, 0xb, 0xff, 0xb0, 0x0, 0x1f, 0xff, 0x40,
    0x0, 0x7f, 0xfd, 0x0, 0x1, 0xef, 0xf5, 0x0,
    0x9, 0xff, 0xa0, 0x0, 0x8, 0x88, 0x10, 0x0,

    /* U+002A "*" */
    0x0, 0x0, 0x8, 0xff, 0xa0, 0x0, 0x0, 0x0,
    0x0, 0x6, 0xff, 0x90, 0x0, 0x0, 0x0, 0x0,
    0x5, 0xff, 0x70, 0x0, 0x0, 0x4, 0x20, 0x3,
    0xff, 0x50, 0x1, 0x50, 0xd, 0xfd, 0x85, 0xff,
    0x77, 0xcf, 0xf1, 0xf, 0xff, 0xff, 0xff, 0xff,
    0xff, 0xf3, 0x1d, 0xff, 0xff, 0xff, 0xff, 0xff,
    0xf5, 0x0, 0x0, 0x4f, 0xff, 0xf6, 0x0, 0x0,
    0x0, 0x0, 0xdf, 0xff, 0xff, 0x20, 0x0, 0x0,
    0x9, 0xff, 0x98, 0xff, 0xc0, 0x0, 0x0, 0x4f,
    0xff, 0x31, 0xff, 0xf7, 0x0, 0x0, 0x3b, 0xfc,
    0x0, 0x9f, 0xd4, 0x0, 0x0, 0x0, 0x33, 0x0,
    0x16, 0x0, 0x0,

    /* U+002B "+" */
    0x0, 0x0, 0x1, 0x11, 0x0, 0x0, 0x0, 0x0,
    0x0, 0xff, 0xd0, 0x0, 0x0, 0x0, 0x0, 0xf,
    0xfd, 0x0, 0x0, 0x0, 0x0, 0x0, 0xff, 0xd0,
    0x0, 0x0, 0x0, 0x0, 0xf, 0xfd, 0x0, 0x0,
    0x0, 0x0, 0x0, 0xff, 0xd0, 0x0, 0x0, 0xef,
    0xff, 0xff, 0xff, 0xff, 0xff, 0xbe, 0xff, 0xff,
    0xff, 0xff, 0xff, 0xfb, 0xce, 0xee, 0xef, 0xff,
    0xee, 0xee, 0xa0, 0x0, 0x0, 0xff, 0xd0, 0x0,
    0x0, 0x0, 0x0, 0xf, 0xfd, 0x0, 0x0, 0x0,
    0x0, 0x0, 0xff, 0xd0, 0x0, 0x0, 0x0, 0x0,
    0xf, 0xfd, 0x0, 0x0, 0x0, 0x0, 0x0, 0xff,
    0xd0, 0x0, 0x0,

    /* U+002C "," */
    0x0, 0x9a, 0xa7, 0x1, 0xff, 0xf9, 0x4, 0xff,
    0xf4, 0x7, 0xff, 0xe0, 0xa, 0xff, 0x90, 0xe,
    0xff, 0x20, 0x1f, 0xfc, 0x0,

    /* U+002D "-" */
    0x4, 0x44, 0x44, 0x42, 0x3f, 0xff, 0xff, 0xf9,
    0x3f, 0xff, 0xff, 0xf9, 0x3f, 0xff, 0xff, 0xf9,

    /* U+002E "." */
    0x2, 0x75, 0x3, 0xff, 0xf9, 0x7f, 0xff, 0xd6,
    0xff, 0xfc, 0xa, 0xfd, 0x30,

    /* U+002F "/" */
    0x0, 0x0, 0x0, 0x1f, 0xff, 0x60, 0x0, 0x0,
    0x7, 0xff, 0xf1, 0x0, 0x0, 0x0, 0xdf, 0xfb,
    0x0, 0x0, 0x0, 0x2f, 0xff, 0x50, 0x0, 0x0,
    0x8, 0xff, 0xe0, 0x0, 0x0, 0x0, 0xef, 0xf9,
    0x0, 0x0, 0x0, 0x4f, 0xff, 0x30, 0x0, 0x0,
    0xa, 0xff, 0xd0, 0x0, 0x0, 0x0, 0xff, 0xf8,
    0x0, 0x0, 0x0, 0x5f, 0xff, 0x20, 0x0, 0x0,
    0xb, 0xff, 0xc0, 0x0, 0x0, 0x1, 0xff, 0xf6,
    0x0, 0x0, 0x0, 0x7f, 0xff, 0x10, 0x0, 0x0,
    0xd, 0xff, 0xb0, 0x0, 0x0, 0x3, 0xff, 0xf5,
    0x0, 0x0, 0x0, 0x8f, 0xfe, 0x0, 0x0, 0x0,
    0xe, 0xff, 0x90, 0x0, 0x0, 0x4, 0xff, 0xf3,
    0x0, 0x0, 0x0, 0xaf, 0xfd, 0x0, 0x0, 0x0,
    0x0,

    /* U+0030 "0" */
    0x0, 0x0, 0x5b, 0xef, 0xea, 0x30, 0x0, 0x0,
    0xb, 0xff, 0xff, 0xff, 0xf6, 0x0, 0x0, 0x9f,
    0xff, 0xff, 0xff, 0xff, 0x40, 0x1, 0xff, 0xff,
    0x85, 0xaf, 0xff, 0xd0, 0x7, 0xff, 0xf9, 0x0,
    0xc, 0xff, 0xf3, 0xb, 0xff, 0xf3, 0x0, 0x6,
    0xff, 0xf8, 0xd, 0xff, 0xf0, 0x0, 0x3, 0xff,
    0xfa, 0xf, 0xff, 0xe0, 0x0, 0x1, 0xff, 0xfd,
    0xf, 0xff, 0xd0, 0x0, 0x0, 0xff, 0xfd, 0xf,
    0xff, 0xd0, 0x0, 0x0, 0xff, 0xfe, 0xf, 0xff,
    0xd0, 0x0, 0x0, 0xff, 0xfe, 0xf, 0xff, 0xe0,
    0x0, 0x1, 0xff, 0xfd, 0xd, 0xff, 0xf0, 0x0,
    0x2, 0xff, 0xfb, 0xa, 0xff, 0xf3, 0x0, 0x6,
    0xff, 0xf8, 0x6, 0xff, 0xf8, 0x0, 0xb, 0xff,
    0xf4, 0x1, 0xff, 0xff, 0x85, 0xaf, 0xff, 0xe0,
    0x0, 0x7f, 0xff, 0xff, 0xff, 0xff, 0x60, 0x0,
    0x9, 0xff, 0xff, 0xff, 0xf9, 0x0, 0x0, 0x0,
    0x4b, 0xef, 0xea, 0x40, 0x0,

    /* U+0031 "1" */
    0x0, 0x0, 0x3, 0xef, 0xfb, 0x0, 0x0, 0x5f,
    0xff, 0xfb, 0x0, 0x8, 0xff, 0xff, 0xfb, 0x1,
    0xbf, 0xff, 0xff, 0xfb, 0x2d, 0xff, 0xfb, 0xff,
    0xfb, 0x1e, 0xff, 0x92, 0xff, 0xfb, 0x3, 0xf6,
    0x2, 0xff, 0xfb, 0x0, 0x10, 0x2, 0xff, 0xfb,
    0x0, 0x0, 0x3, 0xff, 0xfb, 0x0, 0x0, 0x3,
    0xff, 0xfb, 0x0, 0x0, 0x3, 0xff, 0xfb, 0x0,
    0x0, 0x3, 0xff, 0xfb, 0x0, 0x0, 0x3, 0xff,
    0xfb, 0x0, 0x0, 0x3, 0xff, 0xfb, 0x0, 0x0,
    0x3, 0xff, 0xfb, 0x0, 0x0, 0x3, 0xff, 0xfb,
    0x0, 0x0, 0x3, 0xff, 0xfb, 0x0, 0x0, 0x3,
    0xff, 0xfb, 0x0, 0x0, 0x3, 0xff, 0xfb,

    /* U+0032 "2" */
    0x0, 0x1, 0x6c, 0xef, 0xeb, 0x60, 0x0, 0x0,
    0x7, 0xff, 0xff, 0xff, 0xff, 0xc1, 0x0, 0xa,
    0xff, 0xff, 0xff, 0xff, 0xff, 0xb0, 0x0, 0x6f,
    0xff, 0xd8, 0x7b, 0xff, 0xff, 0x30, 0x0, 0x8e,
    0x50, 0x0, 0xb, 0xff, 0xf6, 0x0, 0x0, 0x10,
    0x0, 0x0, 0x7f, 0xff, 0x70, 0x0, 0x0, 0x0,
    0x0, 0x8, 0xff, 0xf5, 0x0, 0x0, 0x0, 0x0,
    0x0, 0xef, 0xff, 0x10, 0x0, 0x0, 0x0, 0x0,
    0x9f, 0xff, 0x80, 0x0, 0x0, 0x0, 0x0, 0x6f,
    0xff, 0xd0, 0x0, 0x0, 0x0, 0x0, 0x5f, 0xff,
    0xe2, 0x0, 0x0, 0x0, 0x0, 0x5f, 0xff, 0xe2,
    0x0, 0x0, 0x0, 0x0, 0x5f, 0xff, 0xe2, 0x0,
    0x0, 0x0, 0x0, 0x5f, 0xff, 0xe2, 0x0, 0x0,
    0x0, 0x0, 0x5f, 0xff, 0xd1, 0x0, 0x0, 0x0,
    0x0, 0x4f, 0xff, 0xf9, 0x88, 0x88, 0x88, 0x80,
    0xf, 0xff, 0xff, 0xff, 0xff, 0xff, 0xff, 0x0,
    0xff, 0xff, 0xff, 0xff, 0xff, 0xff, 0xf0, 0xf,
    0xff, 0xff, 0xff, 0xff, 0xff, 0xff, 0x0,

    /* U+0033 "3" */
    0x0, 0x6, 0xae, 0xff, 0xeb, 0x70, 0x0, 0x6,
    0xef, 0xff, 0xff, 0xff, 0xfe, 0x30, 0x8, 0xff,
    0xff, 0xff, 0xff, 0xff, 0xe0, 0x0, 0xcf, 0xb7,
    0x55, 0xaf, 0xff, 0xf3, 0x0, 0x11, 0x0, 0x0,
    0xb, 0xff, 0xf4, 0x0, 0x0, 0x0, 0x0, 0xb,
    0xff, 0xf0, 0x0, 0x0, 0x0, 0x2, 0x8f, 0xff,
    0x60, 0x0, 0x2, 0xff, 0xff, 0xff, 0xe5, 0x0,
    0x0, 0x2, 0xff, 0xff, 0xfc, 0x50, 0x0, 0x0,
    0x2, 0xff, 0xff, 0xff, 0xfe, 0x40, 0x0, 0x0,
    0x22, 0x35, 0xaf, 0xff, 0xf2, 0x0, 0x0, 0x0,
    0x0, 0x9, 0xff, 0xf9, 0x0, 0x0, 0x0, 0x0,
    0x5, 0xff, 0xfc, 0x0, 0x0, 0x0, 0x0, 0x6,
    0xff, 0xfc, 0x5, 0x0, 0x0, 0x0, 0xc, 0xff,
    0xfa, 0xf, 0xe9, 0x54, 0x46, 0xcf, 0xff, 0xf5,
    0xf, 0xff, 0xff, 0xff, 0xff, 0xff, 0xb0, 0xf,
    0xff, 0xff, 0xff, 0xff, 0xfa, 0x0, 0x2, 0x7b,
    0xef, 0xfe, 0xd9, 0x30, 0x0,

    /* U+0034 "4" */
    0x0, 0x0, 0x0, 0x0, 0xcf, 0xff, 0x30, 0x0,
    0x0, 0x0, 0x0, 0x6f, 0xff, 0xf3, 0x0, 0x0,
    0x0, 0x0, 0x2f, 0xff, 0xff, 0x30, 0x0, 0x0,
    0x0, 0xc, 0xff, 0xff, 0xf3, 0x0, 0x0, 0x0,
    0x6, 0xff, 0xdf, 0xff, 0x30, 0x0, 0x0, 0x2,
    0xff, 0xd8, 0xff, 0xf3, 0x0, 0x0, 0x0, 0xcf,
    0xf4, 0x9f, 0xff, 0x30, 0x0, 0x0, 0x7f, 0xfa,
    0x9, 0xff, 0xf3, 0x0, 0x0, 0x2f, 0xfe, 0x10,
    0xaf, 0xff, 0x30, 0x0, 0xc, 0xff, 0x60, 0xa,
    0xff, 0xf3, 0x0, 0x7, 0xff, 0xb0, 0x0, 0xaf,
    0xff, 0x30, 0x2, 0xff, 0xf4, 0x22, 0x2b, 0xff,
    0xf5, 0x21, 0x8f, 0xff, 0xff, 0xff, 0xff, 0xff,
    0xff, 0x79, 0xff, 0xff, 0xff, 0xff, 0xff, 0xff,
    0xf7, 0x9f, 0xff, 0xff, 0xff, 0xff, 0xff, 0xff,
    0x70, 0x0, 0x0, 0x0, 0xa, 0xff, 0xf3, 0x0,
    0x0, 0x0, 0x0, 0x0, 0xaf, 0xff, 0x30, 0x0,
    0x0, 0x0, 0x0, 0xa, 0xff, 0xf3, 0x0, 0x0,
    0x0, 0x0, 0x0, 0xaf, 0xff, 0x30, 0x0,

    /* U+0035 "5" */
    0xb, 0xff, 0xff, 0xff, 0xff, 0xf6, 0x0, 0xcf,
    0xff, 0xff, 0xff, 0xff, 0x60, 0xd, 0xff, 0xff,
    0xff, 0xff, 0xf6, 0x0, 0xef, 0xfd, 0x77, 0x77,
    0x77, 0x20, 0xf, 0xff, 0xa0, 0x0, 0x0, 0x0,
    0x1, 0xff, 0xf9, 0x0, 0x0, 0x0, 0x0, 0x2f,
    0xff, 0x83, 0x43, 0x10, 0x0, 0x3, 0xff, 0xff,
    0xff, 0xff, 0xc3, 0x0, 0x4f, 0xff, 0xff, 0xff,
    0xff, 0xf4, 0x3, 0xff, 0xff, 0xff, 0xff, 0xff,
    0xe0, 0x1, 0x52, 0x0, 0x29, 0xff, 0xff, 0x60,
    0x0, 0x0, 0x0, 0xa, 0xff, 0xf9, 0x0, 0x0,
    0x0, 0x0, 0x5f, 0xff, 0xa0, 0x0, 0x0, 0x0,
    0x6, 0xff, 0xf9, 0x30, 0x0, 0x0, 0x0, 0xcf,
    0xff, 0x6b, 0xfa, 0x75, 0x57, 0xdf, 0xff, 0xf1,
    0xbf, 0xff, 0xff, 0xff, 0xff, 0xf6, 0xb, 0xff,
    0xff, 0xff, 0xff, 0xf7, 0x0, 0x17, 0xbe, 0xff,
    0xec, 0x82, 0x0, 0x0,

    /* U+0036 "6" */
    0x0, 0x0, 0x0, 0x6a, 0xdf, 0xff, 0x90, 0x0,
    0x0, 0x6, 0xef, 0xff, 0xff, 0xfb, 0x0, 0x0,
    0x8, 0xff, 0xff, 0xff, 0xff, 0xb0, 0x0, 0x4,
    0xff, 0xff, 0xa5, 0x43, 0x44, 0x0, 0x0, 0xdf,
    0xfd, 0x20, 0x0, 0x0, 0x0, 0x0, 0x4f, 0xff,
    0x30, 0x0, 0x0, 0x0, 0x0, 0x9, 0xff, 0xc0,
    0x7d, 0xfe, 0xb4, 0x0, 0x0, 0xcf, 0xfa, 0xbf,
    0xff, 0xff, 0xf6, 0x0, 0xf, 0xff, 0xff, 0xff,
    0xff, 0xff, 0xf2, 0x0, 0xff, 0xff, 0xf7, 0x24,
    0xdf, 0xff, 0x90, 0xf, 0xff, 0xf4, 0x0, 0x2,
    0xff, 0xfd, 0x0, 0xff, 0xfe, 0x0, 0x0, 0xe,
    0xff, 0xf0, 0xf, 0xff, 0xe0, 0x0, 0x0, 0xdf,
    0xff, 0x0, 0xcf, 0xff, 0x10, 0x0, 0xe, 0xff,
    0xe0, 0x7, 0xff, 0xf9, 0x0, 0x4, 0xff, 0xfb,
    0x0, 0x2f, 0xff, 0xf9, 0x47, 0xff, 0xff, 0x60,
    0x0, 0x7f, 0xff, 0xff, 0xff, 0xff, 0xc0, 0x0,
    0x0, 0x8f, 0xff, 0xff, 0xff, 0xd1, 0x0, 0x0,
    0x0, 0x3a, 0xdf, 0xfc, 0x70, 0x0, 0x0,

    /* U+0037 "7" */
    0x4f, 0xff, 0xff, 0xff, 0xff, 0xff, 0xff, 0x4,
    0xff, 0xff, 0xff, 0xff, 0xff, 0xff, 0xf0, 0x4f,
    0xff, 0xff, 0xff, 0xff, 0xff, 0xff, 0x2, 0x66,
    0x66, 0x66, 0x66, 0x9f, 0xff, 0x90, 0x0, 0x0,
    0x0, 0x0, 0xa, 0xff, 0xf2, 0x0, 0x0, 0x0,
    0x0, 0x1, 0xff, 0xfc, 0x0, 0x0, 0x0, 0x0,
    0x0, 0x8f, 0xff, 0x50, 0x0, 0x0, 0x0, 0x0,
    0xe, 0xff, 0xe0, 0x0, 0x0, 0x0, 0x0, 0x6,
    0xff, 0xf7, 0x0, 0x0, 0x0, 0x0, 0x0, 0xdf,
    0xff, 0x10, 0x0, 0x0, 0x0, 0x0, 0x5f, 0xff,
    0x90, 0x0, 0x0, 0x0, 0x0, 0xc, 0xff, 0xf3,
    0x0, 0x0, 0x0, 0x0, 0x3, 0xff, 0xfc, 0x0,
    0x0, 0x0, 0x0, 0x0, 0xaf, 0xff, 0x50, 0x0,
    0x0, 0x0, 0x0, 0x1f, 0xff, 0xe0, 0x0, 0x0,
    0x0, 0x0, 0x8, 0xff, 0xf7, 0x0, 0x0, 0x0,
    0x0, 0x0, 0xff, 0xff, 0x10, 0x0, 0x0, 0x0,
    0x0, 0x7f, 0xff, 0xa0, 0x0, 0x0, 0x0, 0x0,
    0xe, 0xff, 0xf3, 0x0, 0x0, 0x0, 0x0,

    /* U+0038 "8" */
    0x0, 0x1, 0x7c, 0xff, 0xec, 0x70, 0x0, 0x0,
    0x3e, 0xff, 0xff, 0xff, 0xfd, 0x20, 0x1, 0xef,
    0xff, 0xff, 0xff, 0xff, 0xd0, 0x6, 0xff, 0xfc,
    0x20, 0x3d, 0xff, 0xf3, 0x7, 0xff, 0xf4, 0x0,
    0x6, 0xff, 0xf5, 0x5, 0xff, 0xf5, 0x0, 0x7,
    0xff, 0xf3, 0x1, 0xff, 0xfe, 0x30, 0x4f, 0xff,
    0xd0, 0x0, 0x5f, 0xff, 0xfc, 0xff, 0xfe, 0x20,
    0x0, 0x5, 0xff, 0xff, 0xff, 0xb1, 0x0, 0x0,
    0x5, 0xef, 0xff, 0xff, 0xb2, 0x0, 0x0, 0x9f,
    0xff, 0xfd, 0xff, 0xff, 0x40, 0x5, 0xff, 0xfc,
    0x10, 0x6f, 0xff, 0xf2, 0xc, 0xff, 0xe0, 0x0,
    0x3, 0xff, 0xfa, 0xf, 0xff, 0x90, 0x0, 0x0,
    0xcf, 0xfd, 0xf, 0xff, 0xb0, 0x0, 0x0, 0xdf,
    0xfe, 0xd, 0xff, 0xf8, 0x10, 0x2a, 0xff, 0xfa,
    0x6, 0xff, 0xff, 0xff, 0xff, 0xff, 0xf2, 0x0,
    0x8f, 0xff, 0xff, 0xff, 0xfe, 0x40, 0x0, 0x3,
    0x9d, 0xff, 0xec, 0x71, 0x0,

    /* U+0039 "9" */
    0x0, 0x1, 0x8d, 0xff, 0xd9, 0x20, 0x0, 0x0,
    0x4f, 0xff, 0xff, 0xff, 0xf6, 0x0, 0x2, 0xff,
    0xff, 0xff, 0xff, 0xff, 0x50, 0xa, 0xff, 0xfd,
    0x65, 0xaf, 0xff, 0xe0, 0xe, 0xff, 0xf1, 0x0,
    0x9, 0xff, 0xf5, 0x1f, 0xff, 0xb0, 0x0, 0x2,
    0xff, 0xfa, 0x2f, 0xff, 0xa0, 0x0, 0x0, 0xff,
    0xfc, 0xf, 0xff, 0xe0, 0x0, 0x4, 0xff, 0xfe,
    0xd, 0xff, 0xfa, 0x32, 0x7f, 0xff, 0xfe, 0x6,
    0xff, 0xff, 0xff, 0xff, 0xff, 0xfd, 0x0, 0xbf,
    0xff, 0xff, 0xf9, 0xcf, 0xfc, 0x0, 0x6, 0xcf,
    0xfd, 0x60, 0xef, 0xfa, 0x0, 0x0, 0x0, 0x0,
    0x2, 0xff, 0xf7, 0x0, 0x0, 0x0, 0x0, 0x9,
    0xff, 0xf2, 0x0, 0x0, 0x0, 0x0, 0x6f, 0xff,
    0xb0, 0x0, 0x53, 0x34, 0x6c, 0xff, 0xff, 0x20,
    0x0, 0xdf, 0xff, 0xff, 0xff, 0xf6, 0x0, 0x0,
    0xdf, 0xff, 0xff, 0xfe, 0x50, 0x0, 0x0, 0xbf,
    0xfe, 0xda, 0x60, 0x0, 0x0,

    /* U+003A ":" */
    0xb, 0xfd, 0x36, 0xff, 0xfc, 0x7f, 0xff, 0xd2,
    0xff, 0xf8, 0x2, 0x65, 0x0, 0x0, 0x0, 0x0,
    0x0, 0x0, 0x0, 0x0, 0x0, 0x0, 0x0, 0x0,
    0x0, 0x2, 0x75, 0x3, 0xff, 0xf9, 0x7f, 0xff,
    0xd6, 0xff, 0xfc, 0xa, 0xfd, 0x30,

    /* U+003B ";" */
    0x0, 0xbf, 0xd3, 0x6, 0xff, 0xfc, 0x7, 0xff,
    0xfd, 0x2, 0xff, 0xf8, 0x0, 0x26, 0x50, 0x0,
    0x0, 0x0, 0x0, 0x0, 0x0, 0x0, 0x0, 0x0,
    0x0, 0x0, 0x0, 0x0, 0x0, 0x0, 0x0, 0x0,
    0x0, 0x0, 0x0, 0x0, 0x0, 0xff, 0xfb, 0x2,
    0xff, 0xf7, 0x5, 0xff, 0xf2, 0x8, 0xff, 0xd0,
    0xb, 0xff, 0x60, 0xf, 0xff, 0x10, 0x1a, 0xa7,
    0x0,

    /* U+003C "<" */
    0x0, 0x0, 0x0, 0x0, 0x0, 0x3, 0x70, 0x0,
    0x0, 0x0, 0x0, 0x3b, 0xfb, 0x0, 0x0, 0x0,
    0x2, 0xaf, 0xff, 0xb0, 0x0, 0x0, 0x2a, 0xff,
    0xff, 0xd5, 0x0, 0x1, 0x9f, 0xff, 0xfd, 0x50,
    0x0, 0x18, 0xff, 0xff, 0xc5, 0x0, 0x0, 0x7f,
    0xff, 0xfc, 0x40, 0x0, 0x0, 0xe, 0xff, 0xf9,
    0x0, 0x0, 0x0, 0x0, 0xaf, 0xff, 0xfe, 0x71,
    0x0, 0x0, 0x0, 0x2a, 0xff, 0xff, 0xfa, 0x30,
    0x0, 0x0, 0x1, 0x8f, 0xff, 0xff, 0xc5, 0x0,
    0x0, 0x0, 0x17, 0xef, 0xff, 0xfa, 0x0, 0x0,
    0x0, 0x0, 0x6d, 0xff, 0xb0, 0x0, 0x0, 0x0,
    0x0, 0x5, 0xcb, 0x0, 0x0, 0x0, 0x0, 0x0,
    0x0, 0x10,

    /* U+003D "=" */
    0xef, 0xff, 0xff, 0xff, 0xff, 0xff, 0xbe, 0xff,
    0xff, 0xff, 0xff, 0xff, 0xfb, 0xcd, 0xdd, 0xdd,
    0xdd, 0xdd, 0xdd, 0x90, 0x0, 0x0, 0x0, 0x0,
    0x0, 0x0, 0x0, 0x0, 0x0, 0x0, 0x0, 0x0,
    0xc, 0xee, 0xee, 0xee, 0xee, 0xee, 0xea, 0xef,
    0xff, 0xff, 0xff, 0xff, 0xff, 0xbe, 0xff, 0xff,
    0xff, 0xff, 0xff, 0xfb,

    /* U+003E ">" */
    0x82, 0x0, 0x0, 0x0, 0x0, 0x0, 0xe, 0xfa,
    0x20, 0x0, 0x0, 0x0, 0x0, 0xef, 0xff, 0x91,
    0x0, 0x0, 0x0, 0x7, 0xef, 0xff, 0xf8, 0x10,
    0x0, 0x0, 0x0, 0x7e, 0xff, 0xff, 0x80, 0x0,
    0x0, 0x0, 0x6, 0xdf, 0xff, 0xe7, 0x0, 0x0,
    0x0, 0x0, 0x5d, 0xff, 0xfe, 0x50, 0x0, 0x0,
    0x0, 0xb, 0xff, 0xfb, 0x0, 0x0, 0x2, 0x8e,
    0xff, 0xff, 0x80, 0x0, 0x4b, 0xff, 0xff, 0xf9,
    0x10, 0x6, 0xdf, 0xff, 0xfe, 0x71, 0x0, 0xd,
    0xff, 0xff, 0xd6, 0x0, 0x0, 0x0, 0xef, 0xfc,
    0x50, 0x0, 0x0, 0x0, 0xd, 0xb3, 0x0, 0x0,
    0x0, 0x0, 0x0, 0x10, 0x0, 0x0, 0x0, 0x0,
    0x0, 0x0,

    /* U+003F "?" */
    0x1, 0x6b, 0xef, 0xfe, 0xa3, 0x0, 0x8f, 0xff,
    0xff, 0xff, 0xff, 0x70, 0x8f, 0xff, 0xff, 0xff,
    0xff, 0xf4, 0x1f, 0xfa, 0x64, 0x5b, 0xff, 0xfa,
    0x3, 0x0, 0x0, 0x0, 0xff, 0xfc, 0x0, 0x0,
    0x0, 0x0, 0xff, 0xfa, 0x0, 0x0, 0x0, 0xa,
    0xff, 0xf4, 0x0, 0x0, 0x1, 0xcf, 0xff, 0xa0,
    0x0, 0x0, 0x3e, 0xff, 0xf8, 0x0, 0x0, 0x0,
    0xef, 0xff, 0x40, 0x0, 0x0, 0x5, 0xff, 0xf3,
    0x0, 0x0, 0x0, 0x7, 0xff, 0xe0, 0x0, 0x0,
    0x0, 0x3, 0x66, 0x50, 0x0, 0x0, 0x0, 0x0,
    0x0, 0x0, 0x0, 0x0, 0x0, 0x0, 0x57, 0x30,
    0x0, 0x0, 0x0, 0x9, 0xff, 0xf3, 0x0, 0x0,
    0x0, 0xd, 0xff, 0xf7, 0x0, 0x0, 0x0, 0xc,
    0xff, 0xf6, 0x0, 0x0, 0x0, 0x3, 0xdf, 0xa0,
    0x0, 0x0,

    /* U+0040 "@" */
    0x0, 0x0, 0x0, 0x5, 0xad, 0xff, 0xfd, 0x94,
    0x0, 0x0, 0x0, 0x0, 0x0, 0x7, 0xef, 0xff,
    0xff, 0xff, 0xff, 0xd3, 0x0, 0x0, 0x0, 0x1,
    0xcf, 0xff, 0xea, 0x88, 0x9b, 0xff, 0xff, 0x60,
    0x0, 0x0, 0x1d, 0xff, 0xd4, 0x0, 0x0, 0x0,
    0x19, 0xff, 0xf4, 0x0, 0x0, 0xbf, 0xfa, 0x0,
    0x7c, 0xff, 0xec, 0x94, 0x6f, 0xfe, 0x0, 0x5,
    0xff, 0xc0, 0x1d, 0xff, 0xff, 0xff, 0xfc, 0xa,
    0xff, 0x60, 0xd, 0xff, 0x20, 0xdf, 0xfe, 0x86,
    0x9f, 0xfb, 0x3, 0xff, 0xb0, 0x2f, 0xfb, 0x6,
    0xff, 0xd1, 0x0, 0x3f, 0xfa, 0x0, 0xef, 0xe0,
    0x6f, 0xf6, 0xb, 0xff, 0x50, 0x0, 0x4f, 0xf9,
    0x0, 0xcf, 0xf0, 0x9f, 0xf4, 0xd, 0xff, 0x20,
    0x0, 0x5f, 0xf9, 0x0, 0xcf, 0xf0, 0xaf, 0xf2,
    0xe, 0xff, 0x10, 0x0, 0x7f, 0xf8, 0x0, 0xef,
    0xe0, 0xaf, 0xf2, 0xc, 0xff, 0x30, 0x0, 0xbf,
    0xf8, 0x2, 0xff, 0xa0, 0x9f, 0xf3, 0x8, 0xff,
    0xc2, 0x17, 0xff, 0xfc, 0xa, 0xff, 0x40, 0x6f,
    0xf7, 0x1, 0xef, 0xff, 0xff, 0xfd, 0xff, 0xff,
    0xfb, 0x0, 0x2f, 0xfd, 0x0, 0x2d, 0xff, 0xff,
    0x80, 0xcf, 0xff, 0xb0, 0x0, 0xc, 0xff, 0x60,
    0x0, 0x35, 0x51, 0x0, 0x4, 0x53, 0x0, 0x0,
    0x3, 0xff, 0xf6, 0x0, 0x0, 0x0, 0x0, 0x0,
    0x10, 0x0, 0x0, 0x0, 0x7f, 0xff, 0xc6, 0x20,
    0x0, 0x25, 0x9e, 0x80, 0x0, 0x0, 0x0, 0x6,
    0xff, 0xff, 0xff, 0xff, 0xff, 0xff, 0x80, 0x0,
    0x0, 0x0, 0x0, 0x18, 0xef, 0xff, 0xff, 0xff,
    0xfb, 0x30, 0x0, 0x0, 0x0, 0x0, 0x0, 0x2,
    0x56, 0x77, 0x53, 0x0, 0x0, 0x0, 0x0,

    /* U+0041 "A" */
    0x0, 0x0, 0x0, 0xaf, 0xff, 0xf8, 0x0, 0x0,
    0x0, 0x0, 0x0, 0x0, 0xff, 0xff, 0xfd, 0x0,
    0x0, 0x0, 0x0, 0x0, 0x5, 0xff, 0xff, 0xff,
    0x30, 0x0, 0x0, 0x0, 0x0, 0xa, 0xff, 0xcd,
    0xff, 0x90, 0x0, 0x0, 0x0, 0x0, 0xf, 0xff,
    0x89, 0xff, 0xe0, 0x0, 0x0, 0x0, 0x0, 0x5f,
    0xff, 0x34, 0xff, 0xf4, 0x0, 0x0, 0x0, 0x0,
    0xbf, 0xfe, 0x0, 0xff, 0xf9, 0x0, 0x0, 0x0,
    0x1, 0xff, 0xfa, 0x0, 0xaf, 0xfe, 0x0, 0x0,
    0x0, 0x6, 0xff, 0xf5, 0x0, 0x5f, 0xff, 0x40,
    0x0, 0x0, 0xb, 0xff, 0xf0, 0x0, 0x1f, 0xff,
    0xa0, 0x0, 0x0, 0x1f, 0xff, 0xb0, 0x0, 0xc,
    0xff, 0xf0, 0x0, 0x0, 0x6f, 0xff, 0xff, 0xff,
    0xff, 0xff, 0xf5, 0x0, 0x0, 0xcf, 0xff, 0xff,
    0xff, 0xff, 0xff, 0xfa, 0x0, 0x1, 0xff, 0xff,
    0xff, 0xff, 0xff, 0xff, 0xff, 0x0, 0x7, 0xff,
    0xfb, 0x77, 0x77, 0x77, 0xcf, 0xff, 0x60, 0xc,
    0xff, 0xf4, 0x0, 0x0, 0x0, 0x5f, 0xff, 0xb0,
    0x2f, 0xff, 0xf0, 0x0, 0x0, 0x0, 0xf, 0xff,
    0xf1, 0x7f, 0xff, 0xa0, 0x0, 0x0, 0x0, 0xb,
    0xff, 0xf6, 0xdf, 0xff, 0x60, 0x0, 0x0, 0x0,
    0x7, 0xff, 0xfc,

    /* U+0042 "B" */
    0xaf, 0xff, 0xff, 0xff, 0xdb, 0x71, 0x0, 0xa,
    0xff, 0xff, 0xff, 0xff, 0xff, 0xf5, 0x0, 0xaf,
    0xff, 0xff, 0xff, 0xff, 0xff, 0xf2, 0xa, 0xff,
    0xf8, 0x55, 0x6a, 0xff, 0xff, 0x70, 0xaf, 0xff,
    0x40, 0x0, 0x9, 0xff, 0xf9, 0xa, 0xff, 0xf4,
    0x0, 0x0, 0x7f, 0xff, 0x70, 0xaf, 0xff, 0x40,
    0x1, 0x4e, 0xff, 0xf2, 0xa, 0xff, 0xff, 0xff,
    0xff, 0xff, 0xf7, 0x0, 0xaf, 0xff, 0xff, 0xff,
    0xff, 0xf5, 0x0, 0xa, 0xff, 0xff, 0xff, 0xff,
    0xff, 0xfa, 0x0, 0xaf, 0xff, 0x74, 0x45, 0x9f,
    0xff, 0xf7, 0xa, 0xff, 0xf4, 0x0, 0x0, 0x5f,
    0xff, 0xd0, 0xaf, 0xff, 0x40, 0x0, 0x0, 0xff,
    0xff, 0xa, 0xff, 0xf4, 0x0, 0x0, 0x1f, 0xff,
    0xf0, 0xaf, 0xff, 0x40, 0x0, 0x7, 0xff, 0xff,
    0xa, 0xff, 0xf8, 0x66, 0x7b, 0xff, 0xff, 0xa0,
    0xaf, 0xff, 0xff, 0xff, 0xff, 0xff, 0xf2, 0xa,
    0xff, 0xff, 0xff, 0xff, 0xff, 0xe3, 0x0, 0xaf,
    0xff, 0xff, 0xff, 0xec, 0x71, 0x0, 0x0,

    /* U+0043 "C" */
    0x0, 0x0, 0x4, 0x9d, 0xff, 0xeb, 0x72, 0x0,
    0x0, 0x1b, 0xff, 0xff, 0xff, 0xff, 0xf6, 0x0,
    0x2e, 0xff, 0xff, 0xff, 0xff, 0xff, 0x30, 0xd,
    0xff, 0xff, 0xb7, 0x69, 0xdf, 0xd0, 0x6, 0xff,
    0xff, 0x50, 0x0, 0x0, 0x44, 0x0, 0xdf, 0xff,
    0x80, 0x0, 0x0, 0x0, 0x0, 0x2f, 0xff, 0xf1,
    0x0, 0x0, 0x0, 0x0, 0x5, 0xff, 0xfc, 0x0,
    0x0, 0x0, 0x0, 0x0, 0x6f, 0xff, 0x90, 0x0,
    0x0, 0x0, 0x0, 0x7, 0xff, 0xf9, 0x0, 0x0,
    0x0, 0x0, 0x0, 0x6f, 0xff, 0x90, 0x0, 0x0,
    0x0, 0x0, 0x5, 0xff, 0xfb, 0x0, 0x0, 0x0,
    0x0, 0x0, 0x2f, 0xff, 0xe0, 0x0, 0x0, 0x0,
    0x0, 0x0, 0xef, 0xff, 0x60, 0x0, 0x0, 0x0,
    0x0, 0x9, 0xff, 0xfe, 0x30, 0x0, 0x0, 0x3,
    0x0, 0x1f, 0xff, 0xff, 0xb7, 0x78, 0xbf, 0xf0,
    0x0, 0x5f, 0xff, 0xff, 0xff, 0xff, 0xff, 0x0,
    0x0, 0x5e, 0xff, 0xff, 0xff, 0xff, 0xf0, 0x0,
    0x0, 0x7, 0xbe, 0xff, 0xdb, 0x72, 0x0,

    /* U+0044 "D" */
    0xaf, 0xff, 0xff, 0xfe, 0xc8, 0x30, 0x0, 0x0,
    0xaf, 0xff, 0xff, 0xff, 0xff, 0xfc, 0x20, 0x0,
    0xaf, 0xff, 0xff, 0xff, 0xff, 0xff, 0xf3, 0x0,
    0xaf, 0xff, 0x85, 0x57, 0xbf, 0xff, 0xfe, 0x20,
    0xaf, 0xff, 0x40, 0x0, 0x3, 0xef, 0xff, 0xa0,
    0xaf, 0xff, 0x40, 0x0, 0x0, 0x4f, 0xff, 0xf1,
    0xaf, 0xff, 0x40, 0x0, 0x0, 0xc, 0xff, 0xf6,
    0xaf, 0xff, 0x40, 0x0, 0x0, 0x8, 0xff, 0xf9,
    0xaf, 0xff, 0x40, 0x0, 0x0, 0x6, 0xff, 0xfa,
    0xaf, 0xff, 0x40, 0x0, 0x0, 0x6, 0xff, 0xfb,
    0xaf, 0xff, 0x40, 0x0, 0x0, 0x6, 0xff, 0xfa,
    0xaf, 0xff, 0x40, 0x0, 0x0, 0x9, 0xff, 0xf8,
    0xaf, 0xff, 0x40, 0x0, 0x0, 0xd, 0xff, 0xf5,
    0xaf, 0xff, 0x40, 0x0, 0x0, 0x5f, 0xff, 0xf1,
    0xaf, 0xff, 0x40, 0x0, 0x5, 0xff, 0xff, 0x90,
    0xaf, 0xff, 0x86, 0x68, 0xdf, 0xff, 0xfd, 0x10,
    0xaf, 0xff, 0xff, 0xff, 0xff, 0xff, 0xe2, 0x0,
    0xaf, 0xff, 0xff, 0xff, 0xff, 0xfa, 0x10, 0x0,
    0xaf, 0xff, 0xff, 0xfd, 0xb7, 0x20, 0x0, 0x0,

    /* U+0045 "E" */
    0xaf, 0xff, 0xff, 0xff, 0xff, 0xf0, 0xaf, 0xff,
    0xff, 0xff, 0xff, 0xf0, 0xaf, 0xff, 0xff, 0xff,
    0xff, 0xf0, 0xaf, 0xff, 0x85, 0x55, 0x55, 0x50,
    0xaf, 0xff, 0x40, 0x0, 0x0, 0x0, 0xaf, 0xff,
    0x40, 0x0, 0x0, 0x0, 0xaf, 0xff, 0x40, 0x0,
    0x0, 0x0, 0xaf, 0xff, 0xff, 0xff, 0xff, 0x90,
    0xaf, 0xff, 0xff, 0xff, 0xff, 0x90, 0xaf, 0xff,
    0xff, 0xff, 0xff, 0x90, 0xaf, 0xff, 0x85, 0x55,
    0x55, 0x30, 0xaf, 0xff, 0x40, 0x0, 0x0, 0x0,
    0xaf, 0xff, 0x40, 0x0, 0x0, 0x0, 0xaf, 0xff,
    0x40, 0x0, 0x0, 0x0, 0xaf, 0xff, 0x40, 0x0,
    0x0, 0x0, 0xaf, 0xff, 0x86, 0x66, 0x66, 0x60,
    0xaf, 0xff, 0xff, 0xff, 0xff, 0xf0, 0xaf, 0xff,
    0xff, 0xff, 0xff, 0xf0, 0xaf, 0xff, 0xff, 0xff,
    0xff, 0xf0,

    /* U+0046 "F" */
    0xaf, 0xff, 0xff, 0xff, 0xff, 0xfa, 0xff, 0xff,
    0xff, 0xff, 0xff, 0xaf, 0xff, 0xff, 0xff, 0xff,
    0xfa, 0xff, 0xf7, 0x55, 0x55, 0x55, 0xaf, 0xff,
    0x30, 0x0, 0x0, 0xa, 0xff, 0xf3, 0x0, 0x0,
    0x0, 0xaf, 0xff, 0x30, 0x0, 0x0, 0xa, 0xff,
    0xf3, 0x0, 0x0, 0x0, 0xaf, 0xff, 0xff, 0xff,
    0xff, 0x8a, 0xff, 0xff, 0xff, 0xff, 0xf8, 0xaf,
    0xff, 0xff, 0xff, 0xff, 0x8a, 0xff, 0xf7, 0x55,
    0x55, 0x52, 0xaf, 0xff, 0x30, 0x0, 0x0, 0xa,
    0xff, 0xf3, 0x0, 0x0, 0x0, 0xaf, 0xff, 0x30,
    0x0, 0x0, 0xa, 0xff, 0xf3, 0x0, 0x0, 0x0,
    0xaf, 0xff, 0x30, 0x0, 0x0, 0xa, 0xff, 0xf3,
    0x0, 0x0, 0x0, 0xaf, 0xff, 0x30, 0x0, 0x0,
    0x0,

    /* U+0047 "G" */
    0x0, 0x0, 0x1, 0x7b, 0xdf, 0xfe, 0xc9, 0x40,
    0x0, 0x0, 0x8f, 0xff, 0xff, 0xff, 0xff, 0xf8,
    0x0, 0x1c, 0xff, 0xff, 0xff, 0xff, 0xff, 0xf2,
    0x0, 0xbf, 0xff, 0xff, 0xa7, 0x78, 0xbf, 0xb0,
    0x5, 0xff, 0xff, 0xb1, 0x0, 0x0, 0x0, 0x10,
    0xd, 0xff, 0xfc, 0x0, 0x0, 0x0, 0x0, 0x0,
    0x1f, 0xff, 0xf3, 0x0, 0x0, 0x0, 0x0, 0x0,
    0x5f, 0xff, 0xd0, 0x0, 0x0, 0x0, 0x0, 0x0,
    0x6f, 0xff, 0xa0, 0x0, 0xaf, 0xff, 0xff, 0xfc,
    0x7f, 0xff, 0x90, 0x0, 0xaf, 0xff, 0xff, 0xfc,
    0x6f, 0xff, 0x90, 0x0, 0xaf, 0xff, 0xff, 0xfc,
    0x5f, 0xff, 0xb0, 0x0, 0x36, 0x67, 0xff, 0xfc,
    0x2f, 0xff, 0xf0, 0x0, 0x0, 0x1, 0xff, 0xfc,
    0xe, 0xff, 0xf7, 0x0, 0x0, 0x1, 0xff, 0xfc,
    0x8, 0xff, 0xff, 0x40, 0x0, 0x1, 0xff, 0xfc,
    0x1, 0xef, 0xff, 0xfb, 0x76, 0x7a, 0xff, 0xfc,
    0x0, 0x4f, 0xff, 0xff, 0xff, 0xff, 0xff, 0xfc,
    0x0, 0x4, 0xef, 0xff, 0xff, 0xff, 0xff, 0xfb,
    0x0, 0x0, 0x6, 0xad, 0xff, 0xed, 0xb8, 0x40,

    /* U+0048 "H" */
    0xaf, 0xff, 0x40, 0x0, 0x0, 0x6, 0xff, 0xf8,
    0xaf, 0xff, 0x40, 0x0, 0x0, 0x6, 0xff, 0xf8,
    0xaf, 0xff, 0x40, 0x0, 0x0, 0x6, 0xff, 0xf8,
    0xaf, 0xff, 0x40, 0x0, 0x0, 0x6, 0xff, 0xf8,
    0xaf, 0xff, 0x40, 0x0, 0x0, 0x6, 0xff, 0xf8,
    0xaf, 0xff, 0x40, 0x0, 0x0, 0x6, 0xff, 0xf8,
    0xaf, 0xff, 0x40, 0x0, 0x0, 0x6, 0xff, 0xf8,
    0xaf, 0xff, 0xff, 0xff, 0xff, 0xff, 0xff, 0xf8,
    0xaf, 0xff, 0xff, 0xff, 0xff, 0xff, 0xff, 0xf8,
    0xaf, 0xff, 0xff, 0xff, 0xff, 0xff, 0xff, 0xf8,
    0xaf, 0xff, 0x96, 0x66, 0x66, 0x6a, 0xff, 0xf8,
    0xaf, 0xff, 0x40, 0x0, 0x0, 0x6, 0xff, 0xf8,
    0xaf, 0xff, 0x40, 0x0, 0x0, 0x6, 0xff, 0xf8,
    0xaf, 0xff, 0x40, 0x0, 0x0, 0x6, 0xff, 0xf8,
    0xaf, 0xff, 0x40, 0x0, 0x0, 0x6, 0xff, 0xf8,
    0xaf, 0xff, 0x40, 0x0, 0x0, 0x6, 0xff, 0xf8,
    0xaf, 0xff, 0x40, 0x0, 0x0, 0x6, 0xff, 0xf8,
    0xaf, 0xff, 0x40, 0x0, 0x0, 0x6, 0xff, 0xf8,
    0xaf, 0xff, 0x40, 0x0, 0x0, 0x6, 0xff, 0xf8,

    /* U+0049 "I" */
    0x2f, 0xff, 0xff, 0xff, 0xf4, 0x2f, 0xff, 0xff,
    0xff, 0xf4, 0x9, 0xff, 0xff, 0xff, 0xa1, 0x0,
    0x1f, 0xff, 0xf2, 0x0, 0x0, 0xe, 0xff, 0xf0,
    0x0, 0x0, 0xe, 0xff, 0xf0, 0x0, 0x0, 0xe,
    0xff, 0xf0, 0x0, 0x0, 0xe, 0xff, 0xf0, 0x0,
    0x0, 0xe, 0xff, 0xf0, 0x0, 0x0, 0xe, 0xff,
    0xf0, 0x0, 0x0, 0xe, 0xff, 0xf0, 0x0, 0x0,
    0xe, 0xff, 0xf0, 0x0, 0x0, 0xe, 0xff, 0xf0,
    0x0, 0x0, 0xe, 0xff, 0xf0, 0x0, 0x0, 0xe,
    0xff, 0xf0, 0x0, 0x0, 0x1f, 0xff, 0xf2, 0x0,
    0x9, 0xff, 0xff, 0xff, 0xa1, 0x2f, 0xff, 0xff,
    0xff, 0xf4, 0x2f, 0xff, 0xff, 0xff, 0xf4,

    /* U+004A "J" */
    0x0, 0x0, 0xaf, 0xff, 0x40, 0x0, 0xa, 0xff,
    0xf4, 0x0, 0x0, 0xaf, 0xff, 0x40, 0x0, 0xa,
    0xff, 0xf4, 0x0, 0x0, 0xaf, 0xff, 0x40, 0x0,
    0xa, 0xff, 0xf4, 0x0, 0x0, 0xaf, 0xff, 0x40,
    0x0, 0xa, 0xff, 0xf4, 0x0, 0x0, 0xaf, 0xff,
    0x40, 0x0, 0xa, 0xff, 0xf4, 0x0, 0x0, 0xaf,
    0xff, 0x40, 0x0, 0xa, 0xff, 0xf4, 0x0, 0x0,
    0xaf, 0xff, 0x40, 0x0, 0xa, 0xff, 0xf4, 0x0,
    0x0, 0xaf, 0xff, 0x40, 0x0, 0xa, 0xff, 0xf4,
    0x0, 0x0, 0xaf, 0xff, 0x40, 0x0, 0xa, 0xff,
    0xf4, 0x0, 0x0, 0xbf, 0xff, 0x30, 0x0, 0xc,
    0xff, 0xf2, 0x0, 0x2, 0xff, 0xff, 0x9, 0x78,
    0xef, 0xff, 0xb0, 0xff, 0xff, 0xff, 0xf4, 0xf,
    0xff, 0xff, 0xf7, 0x0, 0xcf, 0xfe, 0xa4, 0x0,
    0x0,

    /* U+004B "K" */
    0xaf, 0xff, 0x40, 0x0, 0x0, 0x8f, 0xff, 0xc0,
    0xaf, 0xff, 0x40, 0x0, 0x5, 0xff, 0xfe, 0x20,
    0xaf, 0xff, 0x40, 0x0, 0x2f, 0xff, 0xf4, 0x0,
    0xaf, 0xff, 0x40, 0x0, 0xdf, 0xff, 0x80, 0x0,
    0xaf, 0xff, 0x40, 0xa, 0xff, 0xfb, 0x0, 0x0,
    0xaf, 0xff, 0x40, 0x6f, 0xff, 0xe1, 0x0, 0x0,
    0xaf, 0xff, 0x43, 0xff, 0xff, 0x30, 0x0, 0x0,
    0xaf, 0xff, 0x4d, 0xff, 0xf6, 0x0, 0x0, 0x0,
    0xaf, 0xff, 0xdf, 0xff, 0xe0, 0x0, 0x0, 0x0,
    0xaf, 0xff, 0xff, 0xff, 0xf6, 0x0, 0x0, 0x0,
    0xaf, 0xff, 0xff, 0xff, 0xfe, 0x10, 0x0, 0x0,
    0xaf, 0xff, 0xe5, 0xcf, 0xff, 0xa0, 0x0, 0x0,
    0xaf, 0xff, 0x40, 0x2f, 0xff, 0xf4, 0x0, 0x0,
    0xaf, 0xff, 0x40, 0x8, 0xff, 0xfd, 0x0, 0x0,
    0xaf, 0xff, 0x40, 0x0, 0xef, 0xff, 0x70, 0x0,
    0xaf, 0xff, 0x40, 0x0, 0x5f, 0xff, 0xf2, 0x0,
    0xaf, 0xff, 0x40, 0x0, 0xb, 0xff, 0xfb, 0x0,
    0xaf, 0xff, 0x40, 0x0, 0x2, 0xff, 0xff, 0x50,
    0xaf, 0xff, 0x40, 0x0, 0x0, 0x8f, 0xff, 0xe0,

    /* U+004C "L" */
    0xaf, 0xff, 0x40, 0x0, 0x0, 0x0, 0xaf, 0xff,
    0x40, 0x0, 0x0, 0x0, 0xaf, 0xff, 0x40, 0x0,
    0x0, 0x0, 0xaf, 0xff, 0x40, 0x0, 0x0, 0x0,
    0xaf, 0xff, 0x40, 0x0, 0x0, 0x0, 0xaf, 0xff,
    0x40, 0x0, 0x0, 0x0, 0xaf, 0xff, 0x40, 0x0,
    0x0, 0x0, 0xaf, 0xff, 0x40, 0x0, 0x0, 0x0,
    0xaf, 0xff, 0x40, 0x0, 0x0, 0x0, 0xaf, 0xff,
    0x40, 0x0, 0x0, 0x0, 0xaf, 0xff, 0x40, 0x0,
    0x0, 0x0, 0xaf, 0xff, 0x40, 0x0, 0x0, 0x0,
    0xaf, 0xff, 0x40, 0x0, 0x0, 0x0, 0xaf, 0xff,
    0x40, 0x0, 0x0, 0x0, 0xaf, 0xff, 0x40, 0x0,
    0x0, 0x0, 0xaf, 0xff, 0x86, 0x66, 0x66, 0x64,
    0xaf, 0xff, 0xff, 0xff, 0xff, 0xfc, 0xaf, 0xff,
    0xff, 0xff, 0xff, 0xfc, 0xaf, 0xff, 0xff, 0xff,
    0xff, 0xfc,

    /* U+004D "M" */
    0xaf, 0xff, 0xfd, 0x0, 0x0, 0x0, 0x0, 0x5f,
    0xff, 0xff, 0x2a, 0xff, 0xff, 0xf2, 0x0, 0x0,
    0x0, 0xa, 0xff, 0xff, 0xf2, 0xaf, 0xff, 0xff,
    0x70, 0x0, 0x0, 0x0, 0xff, 0xff, 0xff, 0x2a,
    0xff, 0xff, 0xfb, 0x0, 0x0, 0x0, 0x4f, 0xff,
    0xff, 0xf2, 0xaf, 0xfc, 0xff, 0xf1, 0x0, 0x0,
    0x9, 0xff, 0xcf, 0xff, 0x2a, 0xff, 0xad, 0xff,
    0x50, 0x0, 0x0, 0xef, 0xf8, 0xff, 0xf2, 0xaf,
    0xfb, 0x8f, 0xfa, 0x0, 0x0, 0x4f, 0xfd, 0x6f,
    0xff, 0x2a, 0xff, 0xc4, 0xff, 0xf0, 0x0, 0x9,
    0xff, 0x86, 0xff, 0xf2, 0xaf, 0xfd, 0xf, 0xff,
    0x40, 0x0, 0xef, 0xf2, 0x7f, 0xff, 0x2a, 0xff,
    0xd0, 0xaf, 0xf9, 0x0, 0x3f, 0xfd, 0x7, 0xff,
    0xf2, 0xaf, 0xfd, 0x5, 0xff, 0xd0, 0x8, 0xff,
    0x80, 0x7f, 0xff, 0x2a, 0xff, 0xd0, 0x1f, 0xff,
    0x20, 0xdf, 0xf3, 0x7, 0xff, 0xf2, 0xaf, 0xfd,
    0x0, 0xcf, 0xf7, 0x3f, 0xfe, 0x0, 0x7f, 0xff,
    0x2a, 0xff, 0xd0, 0x7, 0xff, 0xc8, 0xff, 0x90,
    0x7, 0xff, 0xf2, 0xaf, 0xfd, 0x0, 0x2f, 0xff,
    0xef, 0xf3, 0x0, 0x7f, 0xff, 0x2a, 0xff, 0xd0,
    0x0, 0xdf, 0xff, 0xfe, 0x0, 0x7, 0xff, 0xf2,
    0xaf, 0xfd, 0x0, 0x9, 0xff, 0xff, 0x90, 0x0,
    0x7f, 0xff, 0x2a, 0xff, 0xd0, 0x0, 0x4f, 0xff,
    0xf4, 0x0, 0x7, 0xff, 0xf2, 0xaf, 0xfd, 0x0,
    0x0, 0xff, 0xfe, 0x0, 0x0, 0x7f, 0xff, 0x20,

    /* U+004E "N" */
    0xaf, 0xff, 0xf9, 0x0, 0x0, 0x0, 0xb, 0xff,
    0xca, 0xff, 0xff, 0xf2, 0x0, 0x0, 0x0, 0xbf,
    0xfc, 0xaf, 0xff, 0xff, 0xb0, 0x0, 0x0, 0xb,
    0xff, 0xca, 0xff, 0xff, 0xff, 0x40, 0x0, 0x0,
    0xbf, 0xfc, 0xaf, 0xfe, 0xff, 0xfd, 0x0, 0x0,
    0xb, 0xff, 0xca, 0xff, 0xac, 0xff, 0xf6, 0x0,
    0x0, 0xbf, 0xfc, 0xaf, 0xfb, 0x3f, 0xff, 0xe0,
    0x0, 0xb, 0xff, 0xca, 0xff, 0xc0, 0xaf, 0xff,
    0x80, 0x0, 0xbf, 0xfc, 0xaf, 0xfd, 0x2, 0xff,
    0xff, 0x20, 0xb, 0xff, 0xca, 0xff, 0xd0, 0x8,
    0xff, 0xfa, 0x0, 0xbf, 0xfc, 0xaf, 0xfd, 0x0,
    0xe, 0xff, 0xf3, 0xb, 0xff, 0xca, 0xff, 0xd0,
    0x0, 0x6f, 0xff, 0xc0, 0xaf, 0xfc, 0xaf, 0xfd,
    0x0, 0x0, 0xdf, 0xff, 0x6a, 0xff, 0xca, 0xff,
    0xd0, 0x0, 0x4, 0xff, 0xfe, 0xaf, 0xfc, 0xaf,
    0xfd, 0x0, 0x0, 0xb, 0xff, 0xff, 0xff, 0xca,
    0xff, 0xd0, 0x0, 0x0, 0x2f, 0xff, 0xff, 0xfc,
    0xaf, 0xfd, 0x0, 0x0, 0x0, 0x9f, 0xff, 0xff,
    0xca, 0xff, 0xd0, 0x0, 0x0, 0x1, 0xff, 0xff,
    0xfc, 0xaf, 0xfd, 0x0, 0x0, 0x0, 0x7, 0xff,
    0xff, 0xc0,

    /* U+004F "O" */
    0x0, 0x0, 0x5, 0xad, 0xef, 0xec, 0x83, 0x0,
    0x0, 0x0, 0x0, 0x3d, 0xff, 0xff, 0xff, 0xff,
    0xfa, 0x10, 0x0, 0x0, 0x4f, 0xff, 0xff, 0xff,
    0xff, 0xff, 0xfd, 0x10, 0x0, 0x1e, 0xff, 0xff,
    0xb7, 0x68, 0xdf, 0xff, 0xfa, 0x0, 0x8, 0xff,
    0xff, 0x50, 0x0, 0x0, 0x8f, 0xff, 0xf3, 0x0,
    0xef, 0xff, 0x70, 0x0, 0x0, 0x0, 0xcf, 0xff,
    0x90, 0x2f, 0xff, 0xf1, 0x0, 0x0, 0x0, 0x5,
    0xff, 0xfd, 0x5, 0xff, 0xfd, 0x0, 0x0, 0x0,
    0x0, 0x1f, 0xff, 0xf0, 0x6f, 0xff, 0xb0, 0x0,
    0x0, 0x0, 0x0, 0xff, 0xff, 0x17, 0xff, 0xfa,
    0x0, 0x0, 0x0, 0x0, 0xf, 0xff, 0xf2, 0x6f,
    0xff, 0xb0, 0x0, 0x0, 0x0, 0x0, 0xff, 0xff,
    0x15, 0xff, 0xfd, 0x0, 0x0, 0x0, 0x0, 0x1f,
    0xff, 0xf0, 0x2f, 0xff, 0xf1, 0x0, 0x0, 0x0,
    0x5, 0xff, 0xfd, 0x0, 0xef, 0xff, 0x70, 0x0,
    0x0, 0x0, 0xcf, 0xff, 0x90, 0x8, 0xff, 0xff,
    0x50, 0x0, 0x0, 0x9f, 0xff, 0xf3, 0x0, 0x1e,
    0xff, 0xff, 0xc7, 0x78, 0xdf, 0xff, 0xfa, 0x0,
    0x0, 0x3f, 0xff, 0xff, 0xff, 0xff, 0xff, 0xfd,
    0x0, 0x0, 0x0, 0x3d, 0xff, 0xff, 0xff, 0xff,
    0xfa, 0x0, 0x0, 0x0, 0x0, 0x5, 0xad, 0xff,
    0xec, 0x83, 0x0, 0x0, 0x0,

    /* U+0050 "P" */
    0xaf, 0xff, 0xff, 0xfe, 0xc8, 0x20, 0x0, 0xaf,
    0xff, 0xff, 0xff, 0xff, 0xf6, 0x0, 0xaf, 0xff,
    0xff, 0xff, 0xff, 0xff, 0x40, 0xaf, 0xff, 0x85,
    0x69, 0xff, 0xff, 0xc0, 0xaf, 0xff, 0x40, 0x0,
    0x3f, 0xff, 0xf0, 0xaf, 0xff, 0x40, 0x0, 0xe,
    0xff, 0xf2, 0xaf, 0xff, 0x40, 0x0, 0xe, 0xff,
    0xf1, 0xaf, 0xff, 0x40, 0x0, 0x5f, 0xff, 0xf0,
    0xaf, 0xff, 0x85, 0x7b, 0xff, 0xff, 0xa0, 0xaf,
    0xff, 0xff, 0xff, 0xff, 0xfe, 0x20, 0xaf, 0xff,
    0xff, 0xff, 0xff, 0xe3, 0x0, 0xaf, 0xff, 0xff,
    0xfe, 0xb6, 0x0, 0x0, 0xaf, 0xff, 0x40, 0x0,
    0x0, 0x0, 0x0, 0xaf, 0xff, 0x40, 0x0, 0x0,
    0x0, 0x0, 0xaf, 0xff, 0x40, 0x0, 0x0, 0x0,
    0x0, 0xaf, 0xff, 0x40, 0x0, 0x0, 0x0, 0x0,
    0xaf, 0xff, 0x40, 0x0, 0x0, 0x0, 0x0, 0xaf,
    0xff, 0x40, 0x0, 0x0, 0x0, 0x0, 0xaf, 0xff,
    0x40, 0x0, 0x0, 0x0, 0x0,

    /* U+0051 "Q" */
    0x0, 0x0, 0x5, 0xad, 0xef, 0xec, 0x83, 0x0,
    0x0, 0x0, 0x0, 0x3d, 0xff, 0xff, 0xff, 0xff,
    0xfa, 0x10, 0x0, 0x0, 0x4f, 0xff, 0xff, 0xff,
    0xff, 0xff, 0xfd, 0x10, 0x0, 0x1e, 0xff, 0xff,
    0xb7, 0x68, 0xdf, 0xff, 0xfa, 0x0, 0x8, 0xff,
    0xff, 0x50, 0x0, 0x0, 0x8f, 0xff, 0xf3, 0x0,
    0xef, 0xff, 0x70, 0x0, 0x0, 0x0, 0xcf, 0xff,
    0x90, 0x2f, 0xff, 0xf1, 0x0, 0x0, 0x0, 0x5,
    0xff, 0xfd, 0x5, 0xff, 0xfd, 0x0, 0x0, 0x0,
    0x0, 0x1f, 0xff, 0xf0, 0x6f, 0xff, 0xb0, 0x0,
    0x0, 0x0, 0x0, 0xff, 0xff, 0x17, 0xff, 0xfa,
    0x0, 0x0, 0x0, 0x0, 0xf, 0xff, 0xf2, 0x6f,
    0xff, 0xb0, 0x0, 0x0, 0x0, 0x0, 0xff, 0xff,
    0x25, 0xff, 0xfd, 0x0, 0x0, 0x0, 0x0, 0x1f,
    0xff, 0xf0, 0x2f, 0xff, 0xf1, 0x0, 0x0, 0x0,
    0x5, 0xff, 0xfd, 0x0, 0xef, 0xff, 0x70, 0x0,
    0x0, 0x0, 0xcf, 0xff, 0x90, 0x8, 0xff, 0xff,
    0x50, 0x0, 0x0, 0x9f, 0xff, 0xf3, 0x0, 0x1e,
    0xff, 0xff, 0xc7, 0x78, 0xdf, 0xff, 0xfa, 0x0,
    0x0, 0x3f, 0xff, 0xff, 0xff, 0xff, 0xff, 0xfd,
    0x0, 0x0, 0x0, 0x3d, 0xff, 0xff, 0xff, 0xff,
    0xfa, 0x0, 0x0, 0x0, 0x0, 0x5, 0xad, 0xff,
    0xff, 0xfd, 0x10, 0x0, 0x0, 0x0, 0x0, 0x0,
    0x0, 0x1e, 0xff, 0xfb, 0x0, 0x0, 0x0, 0x0,
    0x0, 0x0, 0x0, 0x3f, 0xff, 0xf9, 0x0, 0x0,
    0x0, 0x0, 0x0, 0x0, 0x0, 0x7f, 0xff, 0xf6,
    0x0, 0x0, 0x0, 0x0, 0x0, 0x0, 0x0, 0xbf,
    0xff, 0xf4, 0x0, 0x0, 0x0, 0x0, 0x0, 0x0,
    0x1, 0x78, 0x88, 0x60,

    /* U+0052 "R" */
    0xaf, 0xff, 0xff, 0xfe, 0xb8, 0x20, 0x0, 0x0,
    0xaf, 0xff, 0xff, 0xff, 0xff, 0xf7, 0x0, 0x0,
    0xaf, 0xff, 0xff, 0xff, 0xff, 0xff, 0x50, 0x0,
    0xaf, 0xff, 0x85, 0x69, 0xff, 0xff, 0xd0, 0x0,
    0xaf, 0xff, 0x40, 0x0, 0x2f, 0xff, 0xf1, 0x0,
    0xaf, 0xff, 0x40, 0x0, 0xd, 0xff, 0xf2, 0x0,
    0xaf, 0xff, 0x40, 0x0, 0xf, 0xff, 0xf0, 0x0,
    0xaf, 0xff, 0x40, 0x14, 0xcf, 0xff, 0xa0, 0x0,
    0xaf, 0xff, 0xff, 0xff, 0xff, 0xfe, 0x20, 0x0,
    0xaf, 0xff, 0xff, 0xff, 0xff, 0xd3, 0x0, 0x0,
    0xaf, 0xff, 0xff, 0xff, 0xfe, 0x0, 0x0, 0x0,
    0xaf, 0xff, 0x85, 0xaf, 0xff, 0x70, 0x0, 0x0,
    0xaf, 0xff, 0x40, 0xe, 0xff, 0xf1, 0x0, 0x0,
    0xaf, 0xff, 0x40, 0x6, 0xff, 0xfb, 0x0, 0x0,
    0xaf, 0xff, 0x40, 0x0, 0xcf, 0xff, 0x50, 0x0,
    0xaf, 0xff, 0x40, 0x0, 0x3f, 0xff, 0xe0, 0x0,
    0xaf, 0xff, 0x40, 0x0, 0xa, 0xff, 0xf9, 0x0,
    0xaf, 0xff, 0x40, 0x0, 0x1, 0xff, 0xff, 0x30,
    0xaf, 0xff, 0x40, 0x0, 0x0, 0x7f, 0xff, 0xd0,

    /* U+0053 "S" */
    0x0, 0x6, 0xbe, 0xff, 0xd9, 0x40, 0x0, 0x2d,
    0xff, 0xff, 0xff, 0xff, 0xe0, 0xd, 0xff, 0xff,
    0xff, 0xff, 0xfb, 0x5, 0xff, 0xff, 0x97, 0x8a,
    0xef, 0x50, 0x8f, 0xff, 0x70, 0x0, 0x0, 0x40,
    0x8, 0xff, 0xf5, 0x0, 0x0, 0x0, 0x0, 0x6f,
    0xff, 0xc0, 0x0, 0x0, 0x0, 0x1, 0xff, 0xff,
    0xe6, 0x0, 0x0, 0x0, 0x5, 0xff, 0xff, 0xfe,
    0x70, 0x0, 0x0, 0x5, 0xef, 0xff, 0xff, 0xd3,
    0x0, 0x0, 0x0, 0x8f, 0xff, 0xff, 0xf3, 0x0,
    0x0, 0x0, 0x8, 0xff, 0xff, 0xc0, 0x0, 0x0,
    0x0, 0x2, 0xff, 0xff, 0x10, 0x0, 0x0, 0x0,
    0x9, 0xff, 0xf4, 0x95, 0x0, 0x0, 0x0, 0xcf,
    0xff, 0x3d, 0xff, 0xa7, 0x67, 0xcf, 0xff, 0xf0,
    0xdf, 0xff, 0xff, 0xff, 0xff, 0xf7, 0xc, 0xff,
    0xff, 0xff, 0xff, 0xf8, 0x0, 0x6, 0xad, 0xff,
    0xfc, 0x92, 0x0, 0x0,

    /* U+0054 "T" */
    0x7f, 0xff, 0xff, 0xff, 0xff, 0xff, 0xff, 0x87,
    0xff, 0xff, 0xff, 0xff, 0xff, 0xff, 0xf8, 0x7f,
    0xff, 0xff, 0xff, 0xff, 0xff, 0xff, 0x83, 0x66,
    0x66, 0xaf, 0xff, 0xb6, 0x66, 0x63, 0x0, 0x0,
    0x7, 0xff, 0xf8, 0x0, 0x0, 0x0, 0x0, 0x0,
    0x7f, 0xff, 0x80, 0x0, 0x0, 0x0, 0x0, 0x7,
    0xff, 0xf8, 0x0, 0x0, 0x0, 0x0, 0x0, 0x7f,
    0xff, 0x80, 0x0, 0x0, 0x0, 0x0, 0x7, 0xff,
    0xf8, 0x0, 0x0, 0x0, 0x0, 0x0, 0x7f, 0xff,
    0x80, 0x0, 0x0, 0x0, 0x0, 0x7, 0xff, 0xf8,
    0x0, 0x0, 0x0, 0x0, 0x0, 0x7f, 0xff, 0x80,
    0x0, 0x0, 0x0, 0x0, 0x7, 0xff, 0xf8, 0x0,
    0x0, 0x0, 0x0, 0x0, 0x7f, 0xff, 0x80, 0x0,
    0x0, 0x0, 0x0, 0x7, 0xff, 0xf8, 0x0, 0x0,
    0x0, 0x0, 0x0, 0x7f, 0xff, 0x80, 0x0, 0x0,
    0x0, 0x0, 0x7, 0xff, 0xf8, 0x0, 0x0, 0x0,
    0x0, 0x0, 0x7f, 0xff, 0x80, 0x0, 0x0, 0x0,
    0x0, 0x7, 0xff, 0xf8, 0x0, 0x0, 0x0,

    /* U+0055 "U" */
    0xcf, 0xff, 0x20, 0x0, 0x0, 0x7, 0xff, 0xf7,
    0xcf, 0xff, 0x20, 0x0, 0x0, 0x7, 0xff, 0xf7,
    0xcf, 0xff, 0x20, 0x0, 0x0, 0x7, 0xff, 0xf7,
    0xcf, 0xff, 0x20, 0x0, 0x0, 0x7, 0xff, 0xf7,
    0xcf, 0xff, 0x20, 0x0, 0x0, 0x7, 0xff, 0xf7,
    0xcf, 0xff, 0x20, 0x0, 0x0, 0x7, 0xff, 0xf7,
    0xcf, 0xff, 0x20, 0x0, 0x0, 0x7, 0xff, 0xf7,
    0xcf, 0xff, 0x20, 0x0, 0x0, 0x7, 0xff, 0xf7,
    0xcf, 0xff, 0x20, 0x0, 0x0, 0x7, 0xff, 0xf7,
    0xcf, 0xff, 0x20, 0x0, 0x0, 0x7, 0xff, 0xf7,
    0xcf, 0xff, 0x20, 0x0, 0x0, 0x7, 0xff, 0xf7,
    0xcf, 0xff, 0x20, 0x0, 0x0, 0x7, 0xff, 0xf7,
    0xcf, 0xff, 0x30, 0x0, 0x0, 0x9, 0xff, 0xf6,
    0xaf, 0xff, 0x60, 0x0, 0x0, 0xc, 0xff, 0xf4,
    0x6f, 0xff, 0xe1, 0x0, 0x0, 0x5f, 0xff, 0xf1,
    0x1f, 0xff, 0xfe, 0x97, 0x7b, 0xff, 0xff, 0x90,
    0x6, 0xff, 0xff, 0xff, 0xff, 0xff, 0xfd, 0x10,
    0x0, 0x6f, 0xff, 0xff, 0xff, 0xff, 0xb1, 0x0,
    0x0, 0x1, 0x7c, 0xef, 0xed, 0x94, 0x0, 0x0,

    /* U+0056 "V" */
    0xdf, 0xff, 0x10, 0x0, 0x0, 0x0, 0x3f, 0xff,
    0xb8, 0xff, 0xf6, 0x0, 0x0, 0x0, 0x8, 0xff,
    0xf6, 0x2f, 0xff, 0xb0, 0x0, 0x0, 0x0, 0xdf,
    0xff, 0x10, 0xdf, 0xff, 0x10, 0x0, 0x0, 0x2f,
    0xff, 0xb0, 0x8, 0xff, 0xf5, 0x0, 0x0, 0x7,
    0xff, 0xf6, 0x0, 0x2f, 0xff, 0xa0, 0x0, 0x0,
    0xcf, 0xff, 0x10, 0x0, 0xdf, 0xff, 0x0, 0x0,
    0x1f, 0xff, 0xb0, 0x0, 0x8, 0xff, 0xf4, 0x0,
    0x6, 0xff, 0xf6, 0x0, 0x0, 0x2f, 0xff, 0x90,
    0x0, 0xbf, 0xff, 0x10, 0x0, 0x0, 0xdf, 0xfe,
    0x0, 0xf, 0xff, 0xb0, 0x0, 0x0, 0x8, 0xff,
    0xf3, 0x5, 0xff, 0xf6, 0x0, 0x0, 0x0, 0x3f,
    0xff, 0x80, 0xaf, 0xff, 0x10, 0x0, 0x0, 0x0,
    0xdf, 0xfc, 0xe, 0xff, 0xb0, 0x0, 0x0, 0x0,
    0x8, 0xff, 0xf3, 0xff, 0xf6, 0x0, 0x0, 0x0,
    0x0, 0x3f, 0xff, 0xaf, 0xff, 0x10, 0x0, 0x0,
    0x0, 0x0, 0xdf, 0xff, 0xff, 0xc0, 0x0, 0x0,
    0x0, 0x0, 0x8, 0xff, 0xff, 0xf6, 0x0, 0x0,
    0x0, 0x0, 0x0, 0x3f, 0xff, 0xff, 0x10, 0x0,
    0x0, 0x0, 0x0, 0x0, 0xdf, 0xff, 0xc0, 0x0,
    0x0, 0x0,

    /* U+0057 "W" */
    0xef, 0xff, 0x0, 0x0, 0x0, 0x6f, 0xff, 0x90,
    0x0, 0x0, 0xd, 0xff, 0xf0, 0xaf, 0xff, 0x30,
    0x0, 0x0, 0xaf, 0xff, 0xd0, 0x0, 0x0, 0x1f,
    0xff, 0xc0, 0x6f, 0xff, 0x70, 0x0, 0x0, 0xef,
    0xff, 0xf1, 0x0, 0x0, 0x4f, 0xff, 0x80, 0x2f,
    0xff, 0xa0, 0x0, 0x2, 0xff, 0xff, 0xf5, 0x0,
    0x0, 0x8f, 0xff, 0x40, 0xe, 0xff, 0xe0, 0x0,
    0x6, 0xff, 0xff, 0xf9, 0x0, 0x0, 0xcf, 0xff,
    0x0, 0xa, 0xff, 0xf2, 0x0, 0xa, 0xff, 0xbf,
    0xfd, 0x0, 0x0, 0xff, 0xfc, 0x0, 0x6, 0xff,
    0xf5, 0x0, 0xe, 0xff, 0x5f, 0xff, 0x10, 0x3,
    0xff, 0xf8, 0x0, 0x2, 0xff, 0xf9, 0x0, 0x3f,
    0xff, 0xe, 0xff, 0x50, 0x7, 0xff, 0xf4, 0x0,
    0x0, 0xef, 0xfd, 0x0, 0x7f, 0xfd, 0xb, 0xff,
    0x90, 0xa, 0xff, 0xf0, 0x0, 0x0, 0xaf, 0xff,
    0x0, 0xbf, 0xf9, 0x7, 0xff, 0xd0, 0xe, 0xff,
    0xc0, 0x0, 0x0, 0x6f, 0xff, 0x40, 0xff, 0xf5,
    0x3, 0xff, 0xf1, 0x1f, 0xff, 0x80, 0x0, 0x0,
    0x2f, 0xff, 0x73, 0xff, 0xf1, 0x0, 0xff, 0xf5,
    0x5f, 0xff, 0x40, 0x0, 0x0, 0xe, 0xff, 0xa6,
    0xff, 0xd0, 0x0, 0xbf, 0xf8, 0x8f, 0xff, 0x0,
    0x0, 0x0, 0xa, 0xff, 0xd9, 0xff, 0x90, 0x0,
    0x7f, 0xfb, 0xbf, 0xfc, 0x0, 0x0, 0x0, 0x6,
    0xff, 0xfc, 0xff, 0x50, 0x0, 0x3f, 0xfd, 0xef,
    0xf8, 0x0, 0x0, 0x0, 0x2, 0xff, 0xff, 0xff,
    0x10, 0x0, 0xe, 0xff, 0xff, 0xf4, 0x0, 0x0,
    0x0, 0x0, 0xef, 0xff, 0xfd, 0x0, 0x0, 0xb,
    0xff, 0xff, 0xf0, 0x0, 0x0, 0x0, 0x0, 0xaf,
    0xff, 0xf9, 0x0, 0x0, 0x7, 0xff, 0xff, 0xc0,
    0x0, 0x0, 0x0, 0x0, 0x6f, 0xff, 0xf5, 0x0,
    0x0, 0x3, 0xff, 0xff, 0x80, 0x0, 0x0,

    /* U+0058 "X" */
    0x4f, 0xff, 0xf1, 0x0, 0x0, 0x0, 0xaf, 0xff,
    0x90, 0xa, 0xff, 0xf9, 0x0, 0x0, 0x3, 0xff,
    0xfe, 0x0, 0x1, 0xff, 0xff, 0x30, 0x0, 0xc,
    0xff, 0xf5, 0x0, 0x0, 0x6f, 0xff, 0xc0, 0x0,
    0x5f, 0xff, 0xb0, 0x0, 0x0, 0xc, 0xff, 0xf5,
    0x0, 0xef, 0xff, 0x20, 0x0, 0x0, 0x2, 0xff,
    0xfe, 0x8, 0xff, 0xf7, 0x0, 0x0, 0x0, 0x0,
    0x8f, 0xff, 0xaf, 0xff, 0xd0, 0x0, 0x0, 0x0,
    0x0, 0xd, 0xff, 0xff, 0xff, 0x40, 0x0, 0x0,
    0x0, 0x0, 0x4, 0xff, 0xff, 0xfa, 0x0, 0x0,
    0x0, 0x0, 0x0, 0x1, 0xff, 0xff, 0xf3, 0x0,
    0x0, 0x0, 0x0, 0x0, 0xa, 0xff, 0xff, 0xfc,
    0x0, 0x0, 0x0, 0x0, 0x0, 0x4f, 0xff, 0xff,
    0xff, 0x60, 0x0, 0x0, 0x0, 0x0, 0xdf, 0xff,
    0x4f, 0xff, 0xf2, 0x0, 0x0, 0x0, 0x8, 0xff,
    0xf8, 0x7, 0xff, 0xfb, 0x0, 0x0, 0x0, 0x3f,
    0xff, 0xe0, 0x0, 0xdf, 0xff, 0x60, 0x0, 0x0,
    0xcf, 0xff, 0x50, 0x0, 0x4f, 0xff, 0xf1, 0x0,
    0x6, 0xff, 0xfb, 0x0, 0x0, 0xa, 0xff, 0xfb,
    0x0, 0x1f, 0xff, 0xf2, 0x0, 0x0, 0x1, 0xff,
    0xff, 0x50, 0xbf, 0xff, 0x80, 0x0, 0x0, 0x0,
    0x7f, 0xff, 0xe1,

    /* U+0059 "Y" */
    0xbf, 0xff, 0x80, 0x0, 0x0, 0x4, 0xff, 0xfe,
    0x3, 0xff, 0xfe, 0x0, 0x0, 0x0, 0xbf, 0xff,
    0x60, 0xb, 0xff, 0xf7, 0x0, 0x0, 0x3f, 0xff,
    0xd0, 0x0, 0x2f, 0xff, 0xe0, 0x0, 0xb, 0xff,
    0xf5, 0x0, 0x0, 0xaf, 0xff, 0x70, 0x3, 0xff,
    0xfd, 0x0, 0x0, 0x2, 0xff, 0xfe, 0x0, 0xbf,
    0xff, 0x40, 0x0, 0x0, 0x9, 0xff, 0xf6, 0x3f,
    0xff, 0xc0, 0x0, 0x0, 0x0, 0x1f, 0xff, 0xeb,
    0xff, 0xf3, 0x0, 0x0, 0x0, 0x0, 0x8f, 0xff,
    0xff, 0xfb, 0x0, 0x0, 0x0, 0x0, 0x1, 0xff,
    0xff, 0xff, 0x30, 0x0, 0x0, 0x0, 0x0, 0x7,
    0xff, 0xff, 0xa0, 0x0, 0x0, 0x0, 0x0, 0x0,
    0xe, 0xff, 0xf2, 0x0, 0x0, 0x0, 0x0, 0x0,
    0x0, 0xdf, 0xff, 0x10, 0x0, 0x0, 0x0, 0x0,
    0x0, 0xd, 0xff, 0xf1, 0x0, 0x0, 0x0, 0x0,
    0x0, 0x0, 0xdf, 0xff, 0x10, 0x0, 0x0, 0x0,
    0x0, 0x0, 0xd, 0xff, 0xf1, 0x0, 0x0, 0x0,
    0x0, 0x0, 0x0, 0xdf, 0xff, 0x10, 0x0, 0x0,
    0x0, 0x0, 0x0, 0xd, 0xff, 0xf1, 0x0, 0x0,
    0x0, 0x0, 0x0, 0x0, 0xdf, 0xff, 0x10, 0x0,
    0x0, 0x0,

    /* U+005A "Z" */
    0x2f, 0xff, 0xff, 0xff, 0xff, 0xff, 0xff, 0x32,
    0xff, 0xff, 0xff, 0xff, 0xff, 0xff, 0xf3, 0x2f,
    0xff, 0xff, 0xff, 0xff, 0xff, 0xff, 0x20, 0x66,
    0x66, 0x66, 0x66, 0xcf, 0xff, 0x90, 0x0, 0x0,
    0x0, 0x0, 0x4f, 0xff, 0xd0, 0x0, 0x0, 0x0,
    0x0, 0xe, 0xff, 0xf3, 0x0, 0x0, 0x0, 0x0,
    0xa, 0xff, 0xf8, 0x0, 0x0, 0x0, 0x0, 0x5,
    0xff, 0xfd, 0x0, 0x0, 0x0, 0x0, 0x1, 0xef,
    0xff, 0x30, 0x0, 0x0, 0x0, 0x0, 0xaf, 0xff,
    0x70, 0x0, 0x0, 0x0, 0x0, 0x5f, 0xff, 0xc0,
    0x0, 0x0, 0x0, 0x0, 0x1f, 0xff, 0xf2, 0x0,
    0x0, 0x0, 0x0, 0xb, 0xff, 0xf7, 0x0, 0x0,
    0x0, 0x0, 0x6, 0xff, 0xfc, 0x0, 0x0, 0x0,
    0x0, 0x2, 0xff, 0xff, 0x20, 0x0, 0x0, 0x0,
    0x0, 0xcf, 0xff, 0xb6, 0x66, 0x66, 0x66, 0x62,
    0x5f, 0xff, 0xff, 0xff, 0xff, 0xff, 0xff, 0x76,
    0xff, 0xff, 0xff, 0xff, 0xff, 0xff, 0xf7, 0x6f,
    0xff, 0xff, 0xff, 0xff, 0xff, 0xff, 0x70,

    /* U+005B "[" */
    0x3f, 0xff, 0xff, 0xf3, 0xff, 0xff, 0xff, 0x3f,
    0xff, 0xcc, 0xb3, 0xff, 0xf1, 0x0, 0x3f, 0xff,
    0x10, 0x3, 0xff, 0xf1, 0x0, 0x3f, 0xff, 0x10,
    0x3, 0xff, 0xf1, 0x0, 0x3f, 0xff, 0x10, 0x3,
    0xff, 0xf1, 0x0, 0x3f, 0xff, 0x10, 0x3, 0xff,
    0xf1, 0x0, 0x3f, 0xff, 0x10, 0x3, 0xff, 0xf1,
    0x0, 0x3f, 0xff, 0x10, 0x3, 0xff, 0xf1, 0x0,
    0x3f, 0xff, 0x10, 0x3, 0xff, 0xf1, 0x0, 0x3f,
    0xff, 0x10, 0x3, 0xff, 0xf1, 0x0, 0x3f, 0xff,
    0x10, 0x3, 0xff, 0xff, 0xff, 0x3f, 0xff, 0xff,
    0xf2, 0xcc, 0xcc, 0xcb,

    /* U+005C "\\" */
    0xaf, 0xfd, 0x0, 0x0, 0x0, 0x4, 0xff, 0xf3,
    0x0, 0x0, 0x0, 0xe, 0xff, 0x90, 0x0, 0x0,
    0x0, 0x9f, 0xfe, 0x0, 0x0, 0x0, 0x3, 0xff,
    0xf4, 0x0, 0x0, 0x0, 0xd, 0xff, 0xa0, 0x0,
    0x0, 0x0, 0x7f, 0xff, 0x10, 0x0, 0x0, 0x1,
    0xff, 0xf6, 0x0, 0x0, 0x0, 0xb, 0xff, 0xc0,
    0x0, 0x0, 0x0, 0x6f, 0xff, 0x20, 0x0, 0x0,
    0x0, 0xff, 0xf7, 0x0, 0x0, 0x0, 0xa, 0xff,
    0xd0, 0x0, 0x0, 0x0, 0x4f, 0xff, 0x30, 0x0,
    0x0, 0x0, 0xef, 0xf9, 0x0, 0x0, 0x0, 0x9,
    0xff, 0xe0, 0x0, 0x0, 0x0, 0x3f, 0xff, 0x50,
    0x0, 0x0, 0x0, 0xdf, 0xfa, 0x0, 0x0, 0x0,
    0x7, 0xff, 0xf1, 0x0, 0x0, 0x0, 0x1f, 0xff,
    0x60,

    /* U+005D "]" */
    0x5f, 0xff, 0xff, 0xc5, 0xff, 0xff, 0xfc, 0x4c,
    0xce, 0xff, 0xc0, 0x0, 0x8f, 0xfc, 0x0, 0x8,
    0xff, 0xc0, 0x0, 0x8f, 0xfc, 0x0, 0x8, 0xff,
    0xc0, 0x0, 0x8f, 0xfc, 0x0, 0x8, 0xff, 0xc0,
    0x0, 0x8f, 0xfc, 0x0, 0x8, 0xff, 0xc0, 0x0,
    0x8f, 0xfc, 0x0, 0x8, 0xff, 0xc0, 0x0, 0x8f,
    0xfc, 0x0, 0x8, 0xff, 0xc0, 0x0, 0x8f, 0xfc,
    0x0, 0x8, 0xff, 0xc0, 0x0, 0x8f, 0xfc, 0x0,
    0x8, 0xff, 0xc0, 0x0, 0x8f, 0xfc, 0x0, 0x8,
    0xff, 0xc5, 0xff, 0xff, 0xfc, 0x5f, 0xff, 0xff,
    0xc4, 0xcc, 0xcc, 0xc9,

    /* U+005E "^" */
    0x0, 0x0, 0x0, 0x77, 0x0, 0x0, 0x0, 0x0,
    0x0, 0x0, 0x4f, 0xf7, 0x0, 0x0, 0x0, 0x0,
    0x0, 0xb, 0xff, 0xe0, 0x0, 0x0, 0x0, 0x0,
    0x2, 0xff, 0xff, 0x70, 0x0, 0x0, 0x0, 0x0,
    0xaf, 0xfe, 0xfe, 0x0, 0x0, 0x0, 0x0, 0x1f,
    0xfb, 0x6f, 0xf7, 0x0, 0x0, 0x0, 0x8, 0xff,
    0x50, 0xef, 0xe0, 0x0, 0x0, 0x0, 0xef, 0xe0,
    0x6, 0xff, 0x80, 0x0, 0x0, 0x6f, 0xf7, 0x0,
    0xe, 0xff, 0x10, 0x0, 0xd, 0xff, 0x10, 0x0,
    0x7f, 0xf8, 0x0, 0x4, 0xff, 0xa0, 0x0, 0x0,
    0xef, 0xf1, 0x0, 0xbf, 0xf3, 0x0, 0x0, 0x7,
    0xff, 0x80, 0x2f, 0xfc, 0x0, 0x0, 0x0, 0x1f,
    0xff, 0x10,

    /* U+005F "_" */
    0xd, 0xdd, 0xdd, 0xdd, 0xdd, 0xd9, 0xf, 0xff,
    0xff, 0xff, 0xff, 0xfb,

    /* U+0060 "`" */
    0x58, 0x88, 0x50, 0x0, 0x2e, 0xff, 0xf3, 0x0,
    0x1, 0xdf, 0xfd, 0x0, 0x0, 0x1c, 0xff, 0xa0,
    0x0, 0x0, 0x9f, 0xf6,

    /* U+0061 "a" */
    0x0, 0x28, 0xce, 0xff, 0xd9, 0x20, 0x0, 0x5f,
    0xff, 0xff, 0xff, 0xff, 0x60, 0x1, 0xff, 0xff,
    0xff, 0xff, 0xff, 0x20, 0x7, 0xa5, 0x20, 0x1b,
    0xff, 0xf8, 0x0, 0x0, 0x0, 0x0, 0x3f, 0xff,
    0xb0, 0x0, 0x2, 0x44, 0x45, 0xff, 0xfb, 0x1,
    0x9f, 0xff, 0xff, 0xff, 0xff, 0xc1, 0xef, 0xff,
    0xff, 0xff, 0xff, 0xfc, 0x9f, 0xff, 0xe5, 0x10,
    0x1f, 0xff, 0xcd, 0xff, 0xf4, 0x0, 0x2, 0xff,
    0xfc, 0xef, 0xff, 0x10, 0x0, 0x6f, 0xff, 0xcc,
    0xff, 0xf8, 0x0, 0x5f, 0xff, 0xfc, 0x8f, 0xff,
    0xff, 0xff, 0xff, 0xff, 0xc1, 0xdf, 0xff, 0xff,
    0xf8, 0x7f, 0xfc, 0x1, 0x9e, 0xfe, 0xb4, 0x2,
    0xff, 0xc0,

    /* U+0062 "b" */
    0xff, 0xfe, 0x0, 0x0, 0x0, 0x0, 0x0, 0xff,
    0xfe, 0x0, 0x0, 0x0, 0x0, 0x0, 0xff, 0xfe,
    0x0, 0x0, 0x0, 0x0, 0x0, 0xff, 0xfe, 0x0,
    0x0, 0x0, 0x0, 0x0, 0xff, 0xfe, 0x0, 0x0,
    0x0, 0x0, 0x0, 0xff, 0xfe, 0x0, 0x0, 0x0,
    0x0, 0x0, 0xff, 0xfd, 0x5, 0xcf, 0xeb, 0x40,
    0x0, 0xff, 0xfc, 0x8f, 0xff, 0xff, 0xf6, 0x0,
    0xff, 0xff, 0xff, 0xff, 0xff, 0xff, 0x20, 0xff,
    0xff, 0xf7, 0x46, 0xef, 0xff, 0x90, 0xff, 0xff,
    0x50, 0x0, 0x4f, 0xff, 0xe0, 0xff, 0xff, 0x0,
    0x0, 0xe, 0xff, 0xf2, 0xff, 0xfe, 0x0, 0x0,
    0xb, 0xff, 0xf3, 0xff, 0xfe, 0x0, 0x0, 0xa,
    0xff, 0xf4, 0xff, 0xff, 0x0, 0x0, 0xc, 0xff,
    0xf3, 0xff, 0xff, 0x10, 0x0, 0xe, 0xff, 0xf2,
    0xff, 0xff, 0x70, 0x0, 0x5f, 0xff, 0xe0, 0xff,
    0xff, 0xf8, 0x46, 0xff, 0xff, 0x90, 0xff, 0xff,
    0xff, 0xff, 0xff, 0xff, 0x20, 0xff, 0xf7, 0x8f,
    0xff, 0xff, 0xf6, 0x0, 0xff, 0xf2, 0x5, 0xcf,
    0xeb, 0x30, 0x0,

    /* U+0063 "c" */
    0x0, 0x2, 0x9d, 0xff, 0xdb, 0x60, 0x0, 0x7f,
    0xff, 0xff, 0xff, 0xf5, 0x6, 0xff, 0xff, 0xff,
    0xff, 0xf0, 0x1f, 0xff, 0xfb, 0x54, 0x7c, 0x90,
    0x6f, 0xff, 0xc0, 0x0, 0x0, 0x0, 0xaf, 0xff,
    0x50, 0x0, 0x0, 0x0, 0xcf, 0xff, 0x20, 0x0,
    0x0, 0x0, 0xdf, 0xff, 0x10, 0x0, 0x0, 0x0,
    0xcf, 0xff, 0x20, 0x0, 0x0, 0x0, 0xaf, 0xff,
    0x50, 0x0, 0x0, 0x0, 0x7f, 0xff, 0xc0, 0x0,
    0x0, 0x20, 0x2f, 0xff, 0xfb, 0x54, 0x6a, 0xf1,
    0x9, 0xff, 0xff, 0xff, 0xff, 0xf1, 0x0, 0xbf,
    0xff, 0xff, 0xff, 0xf1, 0x0, 0x5, 0xbe, 0xff,
    0xea, 0x30,

    /* U+0064 "d" */
    0x0, 0x0, 0x0, 0x0, 0x7, 0xff, 0xf7, 0x0,
    0x0, 0x0, 0x0, 0x7, 0xff, 0xf7, 0x0, 0x0,
    0x0, 0x0, 0x7, 0xff, 0xf7, 0x0, 0x0, 0x0,
    0x0, 0x7, 0xff, 0xf7, 0x0, 0x0, 0x0, 0x0,
    0x7, 0xff, 0xf7, 0x0, 0x0, 0x0, 0x0, 0x6,
    0xff, 0xf7, 0x0, 0x8, 0xdf, 0xea, 0x25, 0xff,
    0xf7, 0x1, 0xdf, 0xff, 0xff, 0xf7, 0xff, 0xf7,
    0xa, 0xff, 0xff, 0xff, 0xff, 0xff, 0xf7, 0x2f,
    0xff, 0xfb, 0x56, 0xcf, 0xff, 0xf7, 0x7f, 0xff,
    0xc0, 0x0, 0xc, 0xff, 0xf7, 0xaf, 0xff, 0x60,
    0x0, 0x6, 0xff, 0xf7, 0xcf, 0xff, 0x30, 0x0,
    0x3, 0xff, 0xf7, 0xdf, 0xff, 0x10, 0x0, 0x3,
    0xff, 0xf7, 0xcf, 0xff, 0x20, 0x0, 0x3, 0xff,
    0xf7, 0xaf, 0xff, 0x40, 0x0, 0x5, 0xff, 0xf7,
    0x7f, 0xff, 0xb0, 0x0, 0xb, 0xff, 0xf7, 0x2f,
    0xff, 0xf9, 0x44, 0xaf, 0xff, 0xf7, 0xb, 0xff,
    0xff, 0xff, 0xff, 0xff, 0xf7, 0x1, 0xdf, 0xff,
    0xff, 0xe3, 0xff, 0xf7, 0x0, 0x19, 0xef, 0xe9,
    0x10, 0xbf, 0xf7,

    /* U+0065 "e" */
    0x0, 0x3, 0x9d, 0xff, 0xd8, 0x10, 0x0, 0x0,
    0x7f, 0xff, 0xff, 0xff, 0xf4, 0x0, 0x6, 0xff,
    0xff, 0xef, 0xff, 0xff, 0x20, 0xf, 0xff, 0xf4,
    0x0, 0x6f, 0xff, 0xa0, 0x6f, 0xff, 0x80, 0x0,
    0xb, 0xff, 0xf0, 0xaf, 0xff, 0x40, 0x0, 0x7,
    0xff, 0xf2, 0xcf, 0xff, 0xff, 0xff, 0xff, 0xff,
    0xf3, 0xcf, 0xff, 0xff, 0xff, 0xff, 0xff, 0xf4,
    0xcf, 0xff, 0xba, 0xaa, 0xaa, 0xaa, 0xa2, 0xaf,
    0xff, 0x40, 0x0, 0x0, 0x0, 0x0, 0x6f, 0xff,
    0xa0, 0x0, 0x0, 0x0, 0x0, 0xe, 0xff, 0xf9,
    0x20, 0x13, 0x5b, 0x60, 0x5, 0xff, 0xff, 0xff,
    0xff, 0xff, 0x70, 0x0, 0x6f, 0xff, 0xff, 0xff,
    0xff, 0x60, 0x0, 0x1, 0x8c, 0xef, 0xfd, 0xa5,
    0x0,

    /* U+0066 "f" */
    0x0, 0x0, 0x4b, 0xef, 0xed, 0x91, 0x0, 0x6,
    0xff, 0xff, 0xff, 0xe0, 0x0, 0xe, 0xff, 0xff,
    0xff, 0x90, 0x0, 0x3f, 0xff, 0xf5, 0x36, 0x30,
    0x0, 0x5f, 0xff, 0x90, 0x0, 0x0, 0x0, 0x5f,
    0xff, 0x80, 0x0, 0x0, 0x6, 0xef, 0xff, 0xff,
    0xfe, 0x0, 0x7f, 0xff, 0xff, 0xff, 0xfe, 0x0,
    0x7f, 0xff, 0xff, 0xff, 0xfe, 0x0, 0x0, 0x5f,
    0xff, 0x80, 0x0, 0x0, 0x0, 0x5f, 0xff, 0x80,
    0x0, 0x0, 0x0, 0x5f, 0xff, 0x80, 0x0, 0x0,
    0x0, 0x5f, 0xff, 0x80, 0x0, 0x0, 0x0, 0x5f,
    0xff, 0x80, 0x0, 0x0, 0x0, 0x5f, 0xff, 0x80,
    0x0, 0x0, 0x0, 0x5f, 0xff, 0x80, 0x0, 0x0,
    0x0, 0x5f, 0xff, 0x80, 0x0, 0x0, 0x0, 0x5f,
    0xff, 0x80, 0x0, 0x0, 0x0, 0x5f, 0xff, 0x80,
    0x0, 0x0, 0x0, 0x5f, 0xff, 0x80, 0x0, 0x0,
    0x0, 0x5f, 0xff, 0x80, 0x0, 0x0,

    /* U+0067 "g" */
    0x0, 0x8, 0xdf, 0xea, 0x20, 0xef, 0xf7, 0x1,
    0xdf, 0xff, 0xff, 0xf5, 0xff, 0xf7, 0xa, 0xff,
    0xff, 0xff, 0xff, 0xff, 0xf7, 0x2f, 0xff, 0xfa,
    0x46, 0xcf, 0xff, 0xf7, 0x7f, 0xff, 0xb0, 0x0,
    0xc, 0xff, 0xf7, 0xaf, 0xff, 0x50, 0x0, 0x6,
    0xff, 0xf7, 0xcf, 0xff, 0x20, 0x0, 0x3, 0xff,
    0xf7, 0xdf, 0xff, 0x10, 0x0, 0x3, 0xff, 0xf7,
    0xcf, 0xff, 0x20, 0x0, 0x3, 0xff, 0xf7, 0xaf,
    0xff, 0x40, 0x0, 0x5, 0xff, 0xf7, 0x7f, 0xff,
    0xa0, 0x0, 0xa, 0xff, 0xf7, 0x2f, 0xff, 0xf8,
    0x34, 0x9f, 0xff, 0xf7, 0xb, 0xff, 0xff, 0xff,
    0xff, 0xff, 0xf7, 0x1, 0xef, 0xff, 0xff, 0xe7,
    0xff, 0xf7, 0x0, 0x19, 0xef, 0xe9, 0x17, 0xff,
    0xf6, 0x0, 0x0, 0x0, 0x0, 0x8, 0xff, 0xf5,
    0x0, 0x0, 0x0, 0x0, 0xc, 0xff, 0xf3, 0xd,
    0x84, 0x10, 0x1, 0x9f, 0xff, 0xe0, 0xf, 0xff,
    0xff, 0xff, 0xff, 0xff, 0x50, 0xf, 0xff, 0xff,
    0xff, 0xff, 0xf7, 0x0, 0x3, 0x8c, 0xdf, 0xfe,
    0xc8, 0x20, 0x0,

    /* U+0068 "h" */
    0xff, 0xfe, 0x0, 0x0, 0x0, 0x0, 0x0, 0xff,
    0xfe, 0x0, 0x0, 0x0, 0x0, 0x0, 0xff, 0xfe,
    0x0, 0x0, 0x0, 0x0, 0x0, 0xff, 0xfe, 0x0,
    0x0, 0x0, 0x0, 0x0, 0xff, 0xfe, 0x0, 0x0,
    0x0, 0x0, 0x0, 0xff, 0xfd, 0x0, 0x0, 0x0,
    0x0, 0x0, 0xff, 0xfd, 0x5, 0xcf, 0xfd, 0x80,
    0x0, 0xff, 0xfc, 0x8f, 0xff, 0xff, 0xfd, 0x0,
    0xff, 0xff, 0xff, 0xff, 0xff, 0xff, 0x80, 0xff,
    0xff, 0xf9, 0x44, 0xcf, 0xff, 0xe0, 0xff, 0xff,
    0x90, 0x0, 0x1f, 0xff, 0xf1, 0xff, 0xff, 0x20,
    0x0, 0xd, 0xff, 0xf2, 0xff, 0xff, 0x0, 0x0,
    0xb, 0xff, 0xf2, 0xff, 0xfe, 0x0, 0x0, 0xb,
    0xff, 0xf2, 0xff, 0xfe, 0x0, 0x0, 0xb, 0xff,
    0xf2, 0xff, 0xfe, 0x0, 0x0, 0xb, 0xff, 0xf2,
    0xff, 0xfe, 0x0, 0x0, 0xb, 0xff, 0xf2, 0xff,
    0xfe, 0x0, 0x0, 0xb, 0xff, 0xf2, 0xff, 0xfe,
    0x0, 0x0, 0xb, 0xff, 0xf2, 0xff, 0xfe, 0x0,
    0x0, 0xb, 0xff, 0xf2, 0xff, 0xfe, 0x0, 0x0,
    0xb, 0xff, 0xf2,

    /* U+0069 "i" */
    0x7, 0xee, 0x70, 0x1f, 0xff, 0xf0, 0xf, 0xff,
    0xf0, 0x7, 0xed, 0x60, 0x0, 0x0, 0x0, 0x0,
    0x0, 0x0, 0xf, 0xff, 0xe0, 0xf, 0xff, 0xe0,
    0xf, 0xff, 0xe0, 0xf, 0xff, 0xe0, 0xf, 0xff,
    0xe0, 0xf, 0xff, 0xe0, 0xf, 0xff, 0xe0, 0xf,
    0xff, 0xe0, 0xf, 0xff, 0xe0, 0xf, 0xff, 0xe0,
    0xf, 0xff, 0xe0, 0xf, 0xff, 0xe0, 0xf, 0xff,
    0xe0, 0xf, 0xff, 0xe0, 0xf, 0xff, 0xe0,

    /* U+006A "j" */
    0x0, 0x0, 0x7e, 0xe7, 0x0, 0x0, 0x1f, 0xff,
    0xf0, 0x0, 0x0, 0xff, 0xff, 0x0, 0x0, 0x7,
    0xed, 0x60, 0x0, 0x0, 0x0, 0x0, 0x0, 0x0,
    0x0, 0x0, 0x0, 0x0, 0x0, 0xff, 0xfe, 0x0,
    0x0, 0xf, 0xff, 0xe0, 0x0, 0x0, 0xff, 0xfe,
    0x0, 0x0, 0xf, 0xff, 0xe0, 0x0, 0x0, 0xff,
    0xfe, 0x0, 0x0, 0xf, 0xff, 0xe0, 0x0, 0x0,
    0xff, 0xfe, 0x0, 0x0, 0xf, 0xff, 0xe0, 0x0,
    0x0, 0xff, 0xfe, 0x0, 0x0, 0xf, 0xff, 0xe0,
    0x0, 0x0, 0xff, 0xfe, 0x0, 0x0, 0xf, 0xff,
    0xe0, 0x0, 0x0, 0xff, 0xfe, 0x0, 0x0, 0xf,
    0xff, 0xe0, 0x0, 0x0, 0xff, 0xfe, 0x0, 0x0,
    0xf, 0xff, 0xe0, 0x0, 0x2, 0xff, 0xfe, 0x4,
    0x54, 0xcf, 0xff, 0xc0, 0xaf, 0xff, 0xff, 0xf6,
    0xa, 0xff, 0xff, 0xfc, 0x0, 0x7e, 0xff, 0xc7,
    0x0, 0x0,

    /* U+006B "k" */
    0xff, 0xfe, 0x0, 0x0, 0x0, 0x0, 0x0, 0xf,
    0xff, 0xe0, 0x0, 0x0, 0x0, 0x0, 0x0, 0xff,
    0xfe, 0x0, 0x0, 0x0, 0x0, 0x0, 0xf, 0xff,
    0xe0, 0x0, 0x0, 0x0, 0x0, 0x0, 0xff, 0xfe,
    0x0, 0x0, 0x0, 0x0, 0x0, 0xf, 0xff, 0xe0,
    0x0, 0x0, 0x0, 0x0, 0x0, 0xff, 0xfe, 0x0,
    0x0, 0x1e, 0xff, 0xf5, 0xf, 0xff, 0xe0, 0x0,
    0x1d, 0xff, 0xf7, 0x0, 0xff, 0xfe, 0x0, 0xb,
    0xff, 0xf9, 0x0, 0xf, 0xff, 0xe0, 0xa, 0xff,
    0xfb, 0x0, 0x0, 0xff, 0xfd, 0x7, 0xff, 0xfd,
    0x0, 0x0, 0xf, 0xff, 0xc4, 0xff, 0xfe, 0x10,
    0x0, 0x0, 0xff, 0xfc, 0xef, 0xff, 0x50, 0x0,
    0x0, 0xf, 0xff, 0xff, 0xff, 0xfd, 0x0, 0x0,
    0x0, 0xff, 0xff, 0xff, 0xff, 0xf8, 0x0, 0x0,
    0xf, 0xff, 0xfc, 0x3f, 0xff, 0xf4, 0x0, 0x0,
    0xff, 0xfe, 0x0, 0x6f, 0xff, 0xe1, 0x0, 0xf,
    0xff, 0xe0, 0x0, 0xbf, 0xff, 0xa0, 0x0, 0xff,
    0xfe, 0x0, 0x1, 0xef, 0xff, 0x50, 0xf, 0xff,
    0xe0, 0x0, 0x5, 0xff, 0xff, 0x10, 0xff, 0xfe,
    0x0, 0x0, 0xa, 0xff, 0xfc, 0x0,

    /* U+006C "l" */
    0xff, 0xfe, 0xff, 0xfe, 0xff, 0xfe, 0xff, 0xfe,
    0xff, 0xfe, 0xff, 0xfe, 0xff, 0xfe, 0xff, 0xfe,
    0xff, 0xfe, 0xff, 0xfe, 0xff, 0xfe, 0xff, 0xfe,
    0xff, 0xfe, 0xff, 0xfe, 0xff, 0xfe, 0xff, 0xfe,
    0xff, 0xfe, 0xff, 0xfe, 0xff, 0xfe, 0xff, 0xfe,
    0xff, 0xfe,

    /* U+006D "m" */
    0xff, 0xf1, 0x7, 0xcf, 0xfc, 0x60, 0x1, 0x8d,
    0xff, 0xc5, 0x0, 0xff, 0xf5, 0xbf, 0xff, 0xff,
    0xfa, 0x1e, 0xff, 0xff, 0xff, 0x70, 0xff, 0xff,
    0xff, 0xff, 0xff, 0xff, 0xef, 0xff, 0xff, 0xff,
    0xf1, 0xff, 0xff, 0xf8, 0x36, 0xff, 0xff, 0xff,
    0x63, 0x7f, 0xff, 0xf6, 0xff, 0xff, 0x80, 0x0,
    0x7f, 0xff, 0xf5, 0x0, 0x9, 0xff, 0xf8, 0xff,
    0xff, 0x20, 0x0, 0x3f, 0xff, 0xf0, 0x0, 0x6,
    0xff, 0xf9, 0xff, 0xff, 0x0, 0x0, 0x2f, 0xff,
    0xc0, 0x0, 0x4, 0xff, 0xf9, 0xff, 0xfe, 0x0,
    0x0, 0x2f, 0xff, 0xb0, 0x0, 0x4, 0xff, 0xf9,
    0xff, 0xfe, 0x0, 0x0, 0x2f, 0xff, 0xb0, 0x0,
    0x4, 0xff, 0xf9, 0xff, 0xfe, 0x0, 0x0, 0x2f,
    0xff, 0xb0, 0x0, 0x4, 0xff, 0xf9, 0xff, 0xfe,
    0x0, 0x0, 0x2f, 0xff, 0xb0, 0x0, 0x4, 0xff,
    0xf9, 0xff, 0xfe, 0x0, 0x0, 0x2f, 0xff, 0xb0,
    0x0, 0x4, 0xff, 0xf9, 0xff, 0xfe, 0x0, 0x0,
    0x2f, 0xff, 0xb0, 0x0, 0x4, 0xff, 0xf9, 0xff,
    0xfe, 0x0, 0x0, 0x2f, 0xff, 0xb0, 0x0, 0x4,
    0xff, 0xf9, 0xff, 0xfe, 0x0, 0x0, 0x2f, 0xff,
    0xb0, 0x0, 0x4, 0xff, 0xf9,

    /* U+006E "n" */
    0xff, 0xf1, 0x7, 0xcf, 0xfd, 0x80, 0x0, 0xff,
    0xf6, 0xcf, 0xff, 0xff, 0xfd, 0x0, 0xff, 0xff,
    0xff, 0xff, 0xff, 0xff, 0x80, 0xff, 0xff, 0xf8,
    0x44, 0xcf, 0xff, 0xe0, 0xff, 0xff, 0x80, 0x0,
    0x1f, 0xff, 0xf1, 0xff, 0xff, 0x20, 0x0, 0xd,
    0xff, 0xf2, 0xff, 0xff, 0x0, 0x0, 0xb, 0xff,
    0xf2, 0xff, 0xfe, 0x0, 0x0, 0xb, 0xff, 0xf2,
    0xff, 0xfe, 0x0, 0x0, 0xb, 0xff, 0xf2, 0xff,
    0xfe, 0x0, 0x0, 0xb, 0xff, 0xf2, 0xff, 0xfe,
    0x0, 0x0, 0xb, 0xff, 0xf2, 0xff, 0xfe, 0x0,
    0x0, 0xb, 0xff, 0xf2, 0xff, 0xfe, 0x0, 0x0,
    0xb, 0xff, 0xf2, 0xff, 0xfe, 0x0, 0x0, 0xb,
    0xff, 0xf2, 0xff, 0xfe, 0x0, 0x0, 0xb, 0xff,
    0xf2,

    /* U+006F "o" */
    0x0, 0x2, 0x9d, 0xff, 0xd9, 0x20, 0x0, 0x0,
    0x7f, 0xff, 0xff, 0xff, 0xf7, 0x0, 0x6, 0xff,
    0xff, 0xff, 0xff, 0xff, 0x60, 0xf, 0xff, 0xfa,
    0x44, 0x9f, 0xff, 0xf1, 0x6f, 0xff, 0xb0, 0x0,
    0xa, 0xff, 0xf6, 0xaf, 0xff, 0x50, 0x0, 0x4,
    0xff, 0xfb, 0xcf, 0xff, 0x20, 0x0, 0x1, 0xff,
    0xfd, 0xcf, 0xff, 0x10, 0x0, 0x0, 0xff, 0xfe,
    0xbf, 0xff, 0x20, 0x0, 0x1, 0xff, 0xfd, 0x9f,
    0xff, 0x50, 0x0, 0x4, 0xff, 0xfb, 0x5f, 0xff,
    0xb0, 0x0, 0xa, 0xff, 0xf7, 0xe, 0xff, 0xfa,
    0x44, 0x9f, 0xff, 0xf1, 0x4, 0xff, 0xff, 0xff,
    0xff, 0xff, 0x70, 0x0, 0x5f, 0xff, 0xff, 0xff,
    0xf8, 0x0, 0x0, 0x2, 0x8d, 0xff, 0xd9, 0x30,
    0x0,

    /* U+0070 "p" */
    0xff, 0xf5, 0x6, 0xcf, 0xeb, 0x40, 0x0, 0xff,
    0xf9, 0x9f, 0xff, 0xff, 0xf6, 0x0, 0xff, 0xff,
    0xff, 0xff, 0xff, 0xff, 0x20, 0xff, 0xff, 0xf7,
    0x45, 0xef, 0xff, 0xa0, 0xff, 0xff, 0x50, 0x0,
    0x3f, 0xff, 0xe0, 0xff, 0xff, 0x0, 0x0, 0xd,
    0xff, 0xf2, 0xff, 0xfe, 0x0, 0x0, 0xb, 0xff,
    0xf3, 0xff, 0xfe, 0x0, 0x0, 0xa, 0xff, 0xf4,
    0xff, 0xff, 0x0, 0x0, 0xb, 0xff, 0xf3, 0xff,
    0xff, 0x10, 0x0, 0xe, 0xff, 0xf1, 0xff, 0xff,
    0x70, 0x0, 0x3f, 0xff, 0xe0, 0xff, 0xff, 0xf8,
    0x46, 0xef, 0xff, 0x90, 0xff, 0xff, 0xff, 0xff,
    0xff, 0xff, 0x10, 0xff, 0xfc, 0xbf, 0xff, 0xff,
    0xf5, 0x0, 0xff, 0xfd, 0x7, 0xdf, 0xeb, 0x30,
    0x0, 0xff, 0xfe, 0x0, 0x0, 0x0, 0x0, 0x0,
    0xff, 0xfe, 0x0, 0x0, 0x0, 0x0, 0x0, 0xff,
    0xfe, 0x0, 0x0, 0x0, 0x0, 0x0, 0xff, 0xfe,
    0x0, 0x0, 0x0, 0x0, 0x0, 0xff, 0xfe, 0x0,
    0x0, 0x0, 0x0, 0x0, 0xff, 0xfe, 0x0, 0x0,
    0x0, 0x0, 0x0,

    /* U+0071 "q" */
    0x0, 0x8, 0xdf, 0xea, 0x20, 0xef, 0xf7, 0x1,
    0xdf, 0xff, 0xff, 0xf5, 0xff, 0xf7, 0xa, 0xff,
    0xff, 0xff, 0xff, 0xff, 0xf7, 0x2f, 0xff, 0xfa,
    0x46, 0xcf, 0xff, 0xf7, 0x7f, 0xff, 0xb0, 0x0,
    0xc, 0xff, 0xf7, 0xaf, 0xff, 0x50, 0x0, 0x6,
    0xff, 0xf7, 0xcf, 0xff, 0x20, 0x0, 0x3, 0xff,
    0xf7, 0xdf, 0xff, 0x10, 0x0, 0x3, 0xff, 0xf7,
    0xcf, 0xff, 0x20, 0x0, 0x3, 0xff, 0xf7, 0xaf,
    0xff, 0x40, 0x0, 0x5, 0xff, 0xf7, 0x7f, 0xff,
    0xa0, 0x0, 0xa, 0xff, 0xf7, 0x2f, 0xff, 0xf8,
    0x34, 0x9f, 0xff, 0xf7, 0xb, 0xff, 0xff, 0xff,
    0xff, 0xff, 0xf7, 0x1, 0xef, 0xff, 0xff, 0xe7,
    0xff, 0xf7, 0x0, 0x19, 0xef, 0xe9, 0x16, 0xff,
    0xf7, 0x0, 0x0, 0x0, 0x0, 0x7, 0xff, 0xf7,
    0x0, 0x0, 0x0, 0x0, 0x7, 0xff, 0xf7, 0x0,
    0x0, 0x0, 0x0, 0x7, 0xff, 0xf7, 0x0, 0x0,
    0x0, 0x0, 0x7, 0xff, 0xf7, 0x0, 0x0, 0x0,
    0x0, 0x7, 0xff, 0xf7, 0x0, 0x0, 0x0, 0x0,
    0x7, 0xff, 0xf7,

    /* U+0072 "r" */
    0xff, 0xf1, 0x3, 0xbe, 0xf3, 0xff, 0xf4, 0x5f,
    0xff, 0xf2, 0xff, 0xfb, 0xff, 0xff, 0xf1, 0xff,
    0xff, 0xff, 0xfc, 0xd0, 0xff, 0xff, 0xf6, 0x0,
    0x0, 0xff, 0xff, 0x60, 0x0, 0x0, 0xff, 0xff,
    0x0, 0x0, 0x0, 0xff, 0xfe, 0x0, 0x0, 0x0,
    0xff, 0xfe, 0x0, 0x0, 0x0, 0xff, 0xfe, 0x0,
    0x0, 0x0, 0xff, 0xfe, 0x0, 0x0, 0x0, 0xff,
    0xfe, 0x0, 0x0, 0x0, 0xff, 0xfe, 0x0, 0x0,
    0x0, 0xff, 0xfe, 0x0, 0x0, 0x0, 0xff, 0xfe,
    0x0, 0x0, 0x0,

    /* U+0073 "s" */
    0x0, 0x6b, 0xef, 0xfd, 0xa5, 0x0, 0xcf, 0xff,
    0xff, 0xff, 0xf9, 0x8f, 0xff, 0xff, 0xff, 0xff,
    0x3c, 0xff, 0xf4, 0x0, 0x49, 0xc0, 0xcf, 0xff,
    0x40, 0x0, 0x0, 0x9, 0xff, 0xff, 0xa3, 0x0,
    0x0, 0x2f, 0xff, 0xff, 0xfc, 0x40, 0x0, 0x2c,
    0xff, 0xff, 0xff, 0xa0, 0x0, 0x4, 0xcf, 0xff,
    0xff, 0x70, 0x0, 0x0, 0x3c, 0xff, 0xfd, 0x0,
    0x0, 0x0, 0xf, 0xff, 0xec, 0xa5, 0x10, 0x4,
    0xff, 0xfc, 0xdf, 0xff, 0xff, 0xff, 0xff, 0x7d,
    0xff, 0xff, 0xff, 0xff, 0xb0, 0x38, 0xdf, 0xff,
    0xeb, 0x50, 0x0,

    /* U+0074 "t" */
    0x0, 0x5, 0xff, 0x50, 0x0, 0x0, 0x0, 0xbf,
    0xf5, 0x0, 0x0, 0x0, 0x1f, 0xff, 0x50, 0x0,
    0x0, 0x3d, 0xff, 0xff, 0xff, 0xf4, 0x5f, 0xff,
    0xff, 0xff, 0xff, 0x46, 0xff, 0xff, 0xff, 0xff,
    0xf4, 0x0, 0x8f, 0xff, 0x50, 0x0, 0x0, 0x8,
    0xff, 0xf5, 0x0, 0x0, 0x0, 0x8f, 0xff, 0x50,
    0x0, 0x0, 0x8, 0xff, 0xf5, 0x0, 0x0, 0x0,
    0x8f, 0xff, 0x50, 0x0, 0x0, 0x8, 0xff, 0xf5,
    0x0, 0x0, 0x0, 0x8f, 0xff, 0x50, 0x0, 0x0,
    0x8, 0xff, 0xf6, 0x0, 0x0, 0x0, 0x6f, 0xff,
    0xd4, 0x46, 0x40, 0x2, 0xff, 0xff, 0xff, 0xf7,
    0x0, 0xa, 0xff, 0xff, 0xff, 0x70, 0x0, 0x7,
    0xdf, 0xfd, 0xa2,

    /* U+0075 "u" */
    0xf, 0xff, 0xd0, 0x0, 0x0, 0xdf, 0xff, 0x10,
    0xff, 0xfd, 0x0, 0x0, 0xd, 0xff, 0xf1, 0xf,
    0xff, 0xd0, 0x0, 0x0, 0xdf, 0xff, 0x10, 0xff,
    0xfd, 0x0, 0x0, 0xd, 0xff, 0xf1, 0xf, 0xff,
    0xd0, 0x0, 0x0, 0xdf, 0xff, 0x10, 0xff, 0xfd,
    0x0, 0x0, 0xd, 0xff, 0xf1, 0xf, 0xff, 0xd0,
    0x0, 0x0, 0xdf, 0xff, 0x10, 0xff, 0xfd, 0x0,
    0x0, 0xd, 0xff, 0xf1, 0xf, 0xff, 0xd0, 0x0,
    0x0, 0xef, 0xff, 0x10, 0xff, 0xfe, 0x0, 0x0,
    0x1f, 0xff, 0xf1, 0xf, 0xff, 0xf2, 0x0, 0x7,
    0xff, 0xff, 0x10, 0xdf, 0xff, 0xd5, 0x38, 0xff,
    0xff, 0xf1, 0x7, 0xff, 0xff, 0xff, 0xff, 0xff,
    0xff, 0x10, 0xc, 0xff, 0xff, 0xff, 0xd5, 0xff,
    0xf1, 0x0, 0x7, 0xdf, 0xfc, 0x70, 0xf, 0xff,
    0x10,

    /* U+0076 "v" */
    0xdf, 0xff, 0x30, 0x0, 0x0, 0x6f, 0xff, 0x97,
    0xff, 0xf8, 0x0, 0x0, 0xb, 0xff, 0xf4, 0x1f,
    0xff, 0xd0, 0x0, 0x1, 0xff, 0xfe, 0x0, 0xbf,
    0xff, 0x20, 0x0, 0x6f, 0xff, 0x80, 0x6, 0xff,
    0xf7, 0x0, 0xb, 0xff, 0xf2, 0x0, 0xf, 0xff,
    0xd0, 0x0, 0xff, 0xfc, 0x0, 0x0, 0xaf, 0xff,
    0x20, 0x5f, 0xff, 0x70, 0x0, 0x4, 0xff, 0xf7,
    0xa, 0xff, 0xf1, 0x0, 0x0, 0xe, 0xff, 0xc0,
    0xff, 0xfb, 0x0, 0x0, 0x0, 0x9f, 0xff, 0x4f,
    0xff, 0x50, 0x0, 0x0, 0x3, 0xff, 0xfa, 0xff,
    0xf0, 0x0, 0x0, 0x0, 0xd, 0xff, 0xef, 0xfa,
    0x0, 0x0, 0x0, 0x0, 0x7f, 0xff, 0xff, 0x40,
    0x0, 0x0, 0x0, 0x2, 0xff, 0xff, 0xe0, 0x0,
    0x0, 0x0, 0x0, 0xc, 0xff, 0xf8, 0x0, 0x0,
    0x0,

    /* U+0077 "w" */
    0x9f, 0xff, 0x30, 0x0, 0x1f, 0xff, 0xf6, 0x0,
    0x0, 0xef, 0xfd, 0x5f, 0xff, 0x70, 0x0, 0x5f,
    0xff, 0xfa, 0x0, 0x2, 0xff, 0xf9, 0x1f, 0xff,
    0xb0, 0x0, 0x9f, 0xff, 0xfd, 0x0, 0x7, 0xff,
    0xf5, 0xc, 0xff, 0xf0, 0x0, 0xdf, 0xfc, 0xff,
    0x10, 0xb, 0xff, 0xf0, 0x8, 0xff, 0xf3, 0x1,
    0xff, 0xb8, 0xff, 0x50, 0xf, 0xff, 0xc0, 0x4,
    0xff, 0xf7, 0x4, 0xff, 0x85, 0xff, 0x80, 0x3f,
    0xff, 0x70, 0x0, 0xff, 0xfb, 0x8, 0xff, 0x41,
    0xff, 0xc0, 0x7f, 0xff, 0x30, 0x0, 0xbf, 0xfe,
    0xc, 0xff, 0x10, 0xef, 0xf0, 0xaf, 0xff, 0x0,
    0x0, 0x7f, 0xff, 0x1f, 0xfd, 0x0, 0xaf, 0xf3,
    0xdf, 0xfa, 0x0, 0x0, 0x3f, 0xff, 0x5f, 0xfa,
    0x0, 0x7f, 0xf6, 0xff, 0xf6, 0x0, 0x0, 0xe,
    0xff, 0xaf, 0xf6, 0x0, 0x3f, 0xfa, 0xff, 0xf2,
    0x0, 0x0, 0xa, 0xff, 0xef, 0xf3, 0x0, 0xf,
    0xfe, 0xff, 0xd0, 0x0, 0x0, 0x6, 0xff, 0xff,
    0xf0, 0x0, 0xd, 0xff, 0xff, 0x90, 0x0, 0x0,
    0x1, 0xff, 0xff, 0xc0, 0x0, 0x9, 0xff, 0xff,
    0x50, 0x0, 0x0, 0x0, 0xdf, 0xff, 0x80, 0x0,
    0x6, 0xff, 0xff, 0x0, 0x0,

    /* U+0078 "x" */
    0x5f, 0xff, 0xf1, 0x0, 0x1, 0xef, 0xff, 0x50,
    0xbf, 0xff, 0xa0, 0x0, 0x9f, 0xff, 0xb0, 0x1,
    0xff, 0xff, 0x30, 0x2f, 0xff, 0xf2, 0x0, 0x7,
    0xff, 0xfc, 0xb, 0xff, 0xf7, 0x0, 0x0, 0xd,
    0xff, 0xfa, 0xff, 0xfd, 0x0, 0x0, 0x0, 0x3f,
    0xff, 0xff, 0xff, 0x30, 0x0, 0x0, 0x0, 0x9f,
    0xff, 0xff, 0x90, 0x0, 0x0, 0x0, 0x3, 0xff,
    0xff, 0xf3, 0x0, 0x0, 0x0, 0x0, 0xcf, 0xff,
    0xff, 0xc0, 0x0, 0x0, 0x0, 0x6f, 0xff, 0xff,
    0xff, 0x60, 0x0, 0x0, 0x1f, 0xff, 0xf4, 0xff,
    0xff, 0x10, 0x0, 0xa, 0xff, 0xf8, 0x8, 0xff,
    0xfb, 0x0, 0x4, 0xff, 0xfe, 0x0, 0xe, 0xff,
    0xf5, 0x0, 0xef, 0xff, 0x60, 0x0, 0x5f, 0xff,
    0xe0, 0x9f, 0xff, 0xc0, 0x0, 0x0, 0xcf, 0xff,
    0x90,

    /* U+0079 "y" */
    0xcf, 0xff, 0x60, 0x0, 0x0, 0x8f, 0xff, 0x96,
    0xff, 0xfb, 0x0, 0x0, 0xd, 0xff, 0xf3, 0xf,
    0xff, 0xf1, 0x0, 0x2, 0xff, 0xfe, 0x0, 0xaf,
    0xff, 0x60, 0x0, 0x7f, 0xff, 0x80, 0x3, 0xff,
    0xfb, 0x0, 0xc, 0xff, 0xf2, 0x0, 0xd, 0xff,
    0xf1, 0x2, 0xff, 0xfc, 0x0, 0x0, 0x7f, 0xff,
    0x50, 0x7f, 0xff, 0x60, 0x0, 0x1, 0xff, 0xfb,
    0xc, 0xff, 0xf1, 0x0, 0x0, 0xa, 0xff, 0xf1,
    0xff, 0xfb, 0x0, 0x0, 0x0, 0x4f, 0xff, 0x8f,
    0xff, 0x50, 0x0, 0x0, 0x0, 0xef, 0xfd, 0xff,
    0xe0, 0x0, 0x0, 0x0, 0x8, 0xff, 0xff, 0xf9,
    0x0, 0x0, 0x0, 0x0, 0x2f, 0xff, 0xff, 0x30,
    0x0, 0x0, 0x0, 0x0, 0xbf, 0xff, 0xd0, 0x0,
    0x0, 0x0, 0x0, 0x7, 0xff, 0xf7, 0x0, 0x0,
    0x0, 0x0, 0x0, 0xbf, 0xff, 0x20, 0x0, 0x0,
    0x0, 0x0, 0x4f, 0xff, 0xc0, 0x0, 0x0, 0x0,
    0x54, 0x8f, 0xff, 0xf4, 0x0, 0x0, 0x0, 0x1f,
    0xff, 0xff, 0xfb, 0x0, 0x0, 0x0, 0x1, 0xff,
    0xff, 0xfc, 0x10, 0x0, 0x0, 0x0, 0x1d, 0xff,
    0xc6, 0x0, 0x0, 0x0, 0x0, 0x0,

    /* U+007A "z" */
    0xe, 0xff, 0xff, 0xff, 0xff, 0xfb, 0xe, 0xff,
    0xff, 0xff, 0xff, 0xfb, 0xe, 0xff, 0xff, 0xff,
    0xff, 0xfa, 0x1, 0x11, 0x11, 0x2f, 0xff, 0xf2,
    0x0, 0x0, 0x0, 0xbf, 0xff, 0x60, 0x0, 0x0,
    0x6, 0xff, 0xfb, 0x0, 0x0, 0x0, 0x2f, 0xff,
    0xe1, 0x0, 0x0, 0x0, 0xcf, 0xff, 0x50, 0x0,
    0x0, 0x7, 0xff, 0xfa, 0x0, 0x0, 0x0, 0x2f,
    0xff, 0xe1, 0x0, 0x0, 0x0, 0xcf, 0xff, 0x40,
    0x0, 0x0, 0x8, 0xff, 0xfa, 0x11, 0x11, 0x10,
    0x2f, 0xff, 0xff, 0xff, 0xff, 0xfe, 0x4f, 0xff,
    0xff, 0xff, 0xff, 0xfe, 0x4f, 0xff, 0xff, 0xff,
    0xff, 0xfe,

    /* U+007B "{" */
    0x0, 0x0, 0x7, 0xce, 0xf3, 0x0, 0x0, 0xcf,
    0xff, 0xf3, 0x0, 0x3, 0xff, 0xff, 0xf3, 0x0,
    0x5, 0xff, 0xf8, 0x0, 0x0, 0x5, 0xff, 0xf0,
    0x0, 0x0, 0x5, 0xff, 0xf0, 0x0, 0x0, 0x5,
    0xff, 0xf0, 0x0, 0x0, 0x5, 0xff, 0xf0, 0x0,
    0x0, 0x8, 0xff, 0xf0, 0x0, 0x1, 0x6f, 0xff,
    0xd0, 0x0, 0x9f, 0xff, 0xfe, 0x40, 0x0, 0x9f,
    0xff, 0x91, 0x0, 0x0, 0x9f, 0xff, 0xfc, 0x20,
    0x0, 0x14, 0x9f, 0xff, 0xb0, 0x0, 0x0, 0xa,
    0xff, 0xf0, 0x0, 0x0, 0x6, 0xff, 0xf0, 0x0,
    0x0, 0x5, 0xff, 0xf0, 0x0, 0x0, 0x5, 0xff,
    0xf0, 0x0, 0x0, 0x5, 0xff, 0xf0, 0x0, 0x0,
    0x5, 0xff, 0xf1, 0x0, 0x0, 0x5, 0xff, 0xf8,
    0x10, 0x0, 0x2, 0xff, 0xff, 0xf3, 0x0, 0x0,
    0xbf, 0xff, 0xf3, 0x0, 0x0, 0x7, 0xbe, 0xf3,

    /* U+007C "|" */
    0x3f, 0xf9, 0x3f, 0xf9, 0x3f, 0xf9, 0x3f, 0xf9,
    0x3f, 0xf9, 0x3f, 0xf9, 0x3f, 0xf9, 0x3f, 0xf9,
    0x3f, 0xf9, 0x3f, 0xf9, 0x3f, 0xf9, 0x3f, 0xf9,
    0x3f, 0xf9, 0x3f, 0xf9, 0x3f, 0xf9, 0x3f, 0xf9,
    0x3f, 0xf9, 0x3f, 0xf9, 0x3f, 0xf9, 0x3f, 0xf9,
    0x3f, 0xf9, 0x3f, 0xf9, 0x3f, 0xf9, 0x3f, 0xf9,
    0x3f, 0xf9, 0x3f, 0xf9, 0x3f, 0xf9,

    /* U+007D "}" */
    0xee, 0xc9, 0x20, 0x0, 0xf, 0xff, 0xff, 0x20,
    0x0, 0xff, 0xff, 0xf7, 0x0, 0x0, 0x5f, 0xff,
    0x90, 0x0, 0x0, 0xcf, 0xf9, 0x0, 0x0, 0xc,
    0xff, 0x90, 0x0, 0x0, 0xcf, 0xf9, 0x0, 0x0,
    0xc, 0xff, 0x90, 0x0, 0x0, 0xbf, 0xfc, 0x0,
    0x0, 0x9, 0xff, 0xf9, 0x20, 0x0, 0x1d, 0xff,
    0xff, 0xd0, 0x0, 0x7, 0xff, 0xfd, 0x0, 0xa,
    0xff, 0xff, 0xd0, 0x7, 0xff, 0xfc, 0x52, 0x0,
    0xbf, 0xfd, 0x0, 0x0, 0xc, 0xff, 0xa0, 0x0,
    0x0, 0xcf, 0xf9, 0x0, 0x0, 0xc, 0xff, 0x90,
    0x0, 0x0, 0xcf, 0xf9, 0x0, 0x0, 0xd, 0xff,
    0x90, 0x0, 0x5, 0xff, 0xf9, 0x0, 0xf, 0xff,
    0xff, 0x60, 0x0, 0xff, 0xff, 0xe1, 0x0, 0xe,
    0xec, 0x81, 0x0, 0x0,

    /* U+007E "~" */
    0x5, 0xbd, 0xb7, 0x10, 0x0, 0x0, 0x57, 0xff,
    0xff, 0xfe, 0x82, 0x1, 0xab, 0xef, 0xff, 0xff,
    0xff, 0xff, 0xff, 0xbe, 0xa2, 0x14, 0xbf, 0xff,
    0xff, 0xf6, 0x70, 0x0, 0x0, 0x3a, 0xdf, 0xd5,
    0x0, 0x0, 0x0, 0x0, 0x0, 0x0, 0x0,

    /* U+F001 "" */
    0x0, 0x0, 0x0, 0x0, 0x0, 0x0, 0x0, 0x0,
    0x0, 0x0, 0x0, 0x0, 0x0, 0x0, 0x0, 0x0,
    0x0, 0x0, 0x0, 0x0, 0x0, 0x0, 0x0, 0x0,
    0x4, 0x9c, 0x70, 0x0, 0x0, 0x0, 0x0, 0x0,
    0x0, 0x0, 0x0, 0x0, 0x26, 0xbf, 0xff, 0xff,
    0x10, 0x0, 0x0, 0x0, 0x0, 0x0, 0x0, 0x0,
    0x38, 0xdf, 0xff, 0xff, 0xff, 0xf2, 0x0, 0x0,
    0x0, 0x0, 0x0, 0x1, 0x5a, 0xff, 0xff, 0xff,
    0xff, 0xff, 0xff, 0x20, 0x0, 0x0, 0x0, 0x3,
    0x7c, 0xff, 0xff, 0xff, 0xff, 0xff, 0xff, 0xff,
    0xf2, 0x0, 0x0, 0x0, 0x1d, 0xff, 0xff, 0xff,
    0xff, 0xff, 0xff, 0xff, 0xff, 0xff, 0x20, 0x0,
    0x0, 0x4, 0xff, 0xff, 0xff, 0xff, 0xff, 0xff,
    0xff, 0xff, 0xff, 0xf2, 0x0, 0x0, 0x0, 0x5f,
    0xff, 0xff, 0xff, 0xff, 0xff, 0xff, 0xe9, 0x6f,
    0xff, 0x20, 0x0, 0x0, 0x5, 0xff, 0xff, 0xff,
    0xff, 0xff, 0xc7, 0x30, 0x1, 0xff, 0xf2, 0x0,
    0x0, 0x0, 0x5f, 0xff, 0xff, 0xff, 0xa5, 0x10,
    0x0, 0x0, 0x1f, 0xff, 0x20, 0x0, 0x0, 0x5,
    0xff, 0xfd, 0x83, 0x0, 0x0, 0x0, 0x0, 0x1,
    0xff, 0xf2, 0x0, 0x0, 0x0, 0x5f, 0xfe, 0x0,
    0x0, 0x0, 0x0, 0x0, 0x0, 0x1f, 0xff, 0x20,
    0x0, 0x0, 0x5, 0xff, 0xe0, 0x0, 0x0, 0x0,
    0x0, 0x0, 0x1, 0xff, 0xf2, 0x0, 0x0, 0x0,
    0x5f, 0xfe, 0x0, 0x0, 0x0, 0x0, 0x0, 0x0,
    0x1f, 0xff, 0x20, 0x0, 0x0, 0x5, 0xff, 0xe0,
    0x0, 0x0, 0x0, 0x0, 0x0, 0x1, 0xff, 0xf2,
    0x0, 0x0, 0x0, 0x5f, 0xfe, 0x0, 0x0, 0x0,
    0x0, 0x0, 0x0, 0x1f, 0xff, 0x20, 0x0, 0x0,
    0x5, 0xff, 0xe0, 0x0, 0x0, 0x0, 0x0, 0x58,
    0x98, 0xff, 0xf2, 0x0, 0x0, 0x0, 0x5f, 0xfe,
    0x0, 0x0, 0x0, 0x6, 0xef, 0xff, 0xff, 0xff,
    0x20, 0x0, 0x0, 0x5, 0xff, 0xe0, 0x0, 0x0,
    0x4, 0xff, 0xff, 0xff, 0xff, 0xf2, 0x0, 0x2,
    0x44, 0x7f, 0xfe, 0x0, 0x0, 0x0, 0x8f, 0xff,
    0xff, 0xff, 0xff, 0x20, 0x5d, 0xff, 0xff, 0xff,
    0xe0, 0x0, 0x0, 0x6, 0xff, 0xff, 0xff, 0xff,
    0xf0, 0x5f, 0xff, 0xff, 0xff, 0xfe, 0x0, 0x0,
    0x0, 0xa, 0xff, 0xff, 0xff, 0xf4, 0xc, 0xff,
    0xff, 0xff, 0xff, 0xe0, 0x0, 0x0, 0x0, 0x3,
    0xac, 0xdb, 0x81, 0x0, 0xbf, 0xff, 0xff, 0xff,
    0xfc, 0x0, 0x0, 0x0, 0x0, 0x0, 0x0, 0x0,
    0x0, 0x3, 0xff, 0xff, 0xff, 0xff, 0x40, 0x0,
    0x0, 0x0, 0x0, 0x0, 0x0, 0x0, 0x0, 0x2,
    0x9f, 0xff, 0xfa, 0x20, 0x0, 0x0, 0x0, 0x0,
    0x0, 0x0, 0x0, 0x0, 0x0, 0x0, 0x1, 0x10,
    0x0, 0x0, 0x0, 0x0, 0x0, 0x0, 0x0, 0x0,
    0x0, 0x0,

    /* U+F008 "" */
    0x34, 0x0, 0x18, 0x88, 0x88, 0x88, 0x88, 0x88,
    0x88, 0x88, 0x81, 0x0, 0x43, 0xea, 0x0, 0x2f,
    0xff, 0xff, 0xff, 0xff, 0xff, 0xff, 0xff, 0xf2,
    0x0, 0xae, 0xff, 0xee, 0xff, 0xff, 0xff, 0xff,
    0xff, 0xff, 0xff, 0xff, 0xff, 0xee, 0xff, 0xff,
    0xcc, 0xdf, 0xf5, 0x0, 0x0, 0x0, 0x0, 0x0,
    0x5f, 0xfd, 0xcc, 0xff, 0xfa, 0x0, 0x2f, 0xf5,
    0x0, 0x0, 0x0, 0x0, 0x0, 0x5f, 0xf2, 0x0,
    0xaf, 0xfa, 0x0, 0x2f, 0xf5, 0x0, 0x0, 0x0,
    0x0, 0x0, 0x5f, 0xf2, 0x0, 0xaf, 0xfb, 0x0,
    0x3f, 0xf5, 0x0, 0x0, 0x0, 0x0, 0x0, 0x5f,
    0xf3, 0x0, 0xbf, 0xff, 0xff, 0xff, 0xf5, 0x0,
    0x0, 0x0, 0x0, 0x0, 0x5f, 0xff, 0xff, 0xff,
    0xfe, 0xaa, 0xcf, 0xf6, 0x0, 0x0, 0x0, 0x0,
    0x0, 0x6f, 0xfc, 0xaa, 0xef, 0xfa, 0x0, 0x2f,
    0xff, 0xff, 0xff, 0xff, 0xff, 0xff, 0xff, 0xf2,
    0x0, 0xaf, 0xfa, 0x0, 0x2f, 0xff, 0xff, 0xff,
    0xff, 0xff, 0xff, 0xff, 0xf2, 0x0, 0xaf, 0xfc,
    0x22, 0x5f, 0xfb, 0x77, 0x77, 0x77, 0x77, 0x77,
    0xbf, 0xf5, 0x22, 0xcf, 0xff, 0xff, 0xff, 0xf5,
    0x0, 0x0, 0x0, 0x0, 0x0, 0x5f, 0xff, 0xff,
    0xff, 0xfe, 0x88, 0xaf, 0xf5, 0x0, 0x0, 0x0,
    0x0, 0x0, 0x5f, 0xfa, 0x88, 0xef, 0xfa, 0x0,
    0x2f, 0xf5, 0x0, 0x0, 0x0, 0x0, 0x0, 0x5f,
    0xf2, 0x0, 0xaf, 0xfa, 0x0, 0x2f, 0xf5, 0x0,
    0x0, 0x0, 0x0, 0x0, 0x5f, 0xf2, 0x0, 0xaf,
    0xfc, 0x44, 0x6f, 0xf5, 0x0, 0x0, 0x0, 0x0,
    0x0, 0x5f, 0xf6, 0x44, 0xcf, 0xff, 0xff, 0xff,
    0xfb, 0x77, 0x77, 0x77, 0x77, 0x77, 0xbf, 0xff,
    0xff, 0xff, 0xfd, 0x66, 0x8f, 0xff, 0xff, 0xff,
    0xff, 0xff, 0xff, 0xff, 0xf8, 0x66, 0xdf, 0xa9,
    0x0, 0x2f, 0xff, 0xff, 0xff, 0xff, 0xff, 0xff,
    0xff, 0xf2, 0x0, 0x9a,

    /* U+F00B "" */
    0x0, 0x0, 0x0, 0x0, 0x0, 0x0, 0x0, 0x0,
    0x0, 0x0, 0x0, 0x0, 0x0, 0xbf, 0xff, 0xff,
    0xf4, 0x8, 0xff, 0xff, 0xff, 0xff, 0xff, 0xff,
    0xff, 0xfb, 0xff, 0xff, 0xff, 0xf8, 0xc, 0xff,
    0xff, 0xff, 0xff, 0xff, 0xff, 0xff, 0xff, 0xff,
    0xff, 0xff, 0xf9, 0xd, 0xff, 0xff, 0xff, 0xff,
    0xff, 0xff, 0xff, 0xff, 0xff, 0xff, 0xff, 0xf9,
    0xd, 0xff, 0xff, 0xff, 0xff, 0xff, 0xff, 0xff,
    0xff, 0xff, 0xff, 0xff, 0xf9, 0xd, 0xff, 0xff,
    0xff, 0xff, 0xff, 0xff, 0xff, 0xff, 0xef, 0xff,
    0xff, 0xf7, 0xb, 0xff, 0xff, 0xff, 0xff, 0xff,
    0xff, 0xff, 0xfe, 0x37, 0x77, 0x77, 0x60, 0x1,
    0x67, 0x77, 0x77, 0x77, 0x77, 0x77, 0x77, 0x73,
    0x0, 0x0, 0x0, 0x0, 0x0, 0x0, 0x0, 0x0,
    0x0, 0x0, 0x0, 0x0, 0x0, 0xaf, 0xff, 0xff,
    0xf4, 0x7, 0xff, 0xff, 0xff, 0xff, 0xff, 0xff,
    0xff, 0xfa, 0xff, 0xff, 0xff, 0xf8, 0xc, 0xff,
    0xff, 0xff, 0xff, 0xff, 0xff, 0xff, 0xff, 0xff,
    0xff, 0xff, 0xf9, 0xd, 0xff, 0xff, 0xff, 0xff,
    0xff, 0xff, 0xff, 0xff, 0xff, 0xff, 0xff, 0xf9,
    0xd, 0xff, 0xff, 0xff, 0xff, 0xff, 0xff, 0xff,
    0xff, 0xff, 0xff, 0xff, 0xf9, 0xd, 0xff, 0xff,
    0xff, 0xff, 0xff, 0xff, 0xff, 0xff, 0xef, 0xff,
    0xff, 0xf7, 0xb, 0xff, 0xff, 0xff, 0xff, 0xff,
    0xff, 0xff, 0xfe, 0x37, 0x88, 0x88, 0x70, 0x2,
    0x78, 0x88, 0x88, 0x88, 0x88, 0x88, 0x88, 0x73,
    0x0, 0x0, 0x0, 0x0, 0x0, 0x0, 0x0, 0x0,
    0x0, 0x0, 0x0, 0x0, 0x0, 0x9f, 0xff, 0xff,
    0xe3, 0x7, 0xef, 0xff, 0xff, 0xff, 0xff, 0xff,
    0xff, 0xf9, 0xff, 0xff, 0xff, 0xf8, 0xc, 0xff,
    0xff, 0xff, 0xff, 0xff, 0xff, 0xff, 0xff, 0xff,
    0xff, 0xff, 0xf9, 0xd, 0xff, 0xff, 0xff, 0xff,
    0xff, 0xff, 0xff, 0xff, 0xff, 0xff, 0xff, 0xf9,
    0xd, 0xff, 0xff, 0xff, 0xff, 0xff, 0xff, 0xff,
    0xff, 0xff, 0xff, 0xff, 0xf9, 0xd, 0xff, 0xff,
    0xff, 0xff, 0xff, 0xff, 0xff, 0xff, 0xff, 0xff,
    0xff, 0xf8, 0xc, 0xff, 0xff, 0xff, 0xff, 0xff,
    0xff, 0xff, 0xff, 0x48, 0x88, 0x88, 0x71, 0x2,
    0x88, 0x88, 0x88, 0x88, 0x88, 0x88, 0x88, 0x84,

    /* U+F00C "" */
    0x0, 0x0, 0x0, 0x0, 0x0, 0x0, 0x0, 0x0,
    0x0, 0x0, 0x0, 0x53, 0x0, 0x0, 0x0, 0x0,
    0x0, 0x0, 0x0, 0x0, 0x0, 0x0, 0x0, 0x9,
    0xff, 0x50, 0x0, 0x0, 0x0, 0x0, 0x0, 0x0,
    0x0, 0x0, 0x0, 0x0, 0x9f, 0xff, 0xf5, 0x0,
    0x0, 0x0, 0x0, 0x0, 0x0, 0x0, 0x0, 0x0,
    0x9, 0xff, 0xff, 0xff, 0x0, 0x0, 0x0, 0x0,
    0x0, 0x0, 0x0, 0x0, 0x0, 0x9f, 0xff, 0xff,
    0xfa, 0x0, 0x0, 0x0, 0x0, 0x0, 0x0, 0x0,
    0x0, 0x9, 0xff, 0xff, 0xff, 0xb0, 0x0, 0x0,
    0x0, 0x0, 0x0, 0x0, 0x0, 0x0, 0x9f, 0xff,
    0xff, 0xfb, 0x0, 0x0, 0xbd, 0x20, 0x0, 0x0,
    0x0, 0x0, 0x9, 0xff, 0xff, 0xff, 0xb0, 0x0,
    0xc, 0xff, 0xe2, 0x0, 0x0, 0x0, 0x0, 0x9f,
    0xff, 0xff, 0xfb, 0x0, 0x0, 0xbf, 0xff, 0xfe,
    0x20, 0x0, 0x0, 0x9, 0xff, 0xff, 0xff, 0xb0,
    0x0, 0x0, 0xef, 0xff, 0xff, 0xe2, 0x0, 0x0,
    0x9f, 0xff, 0xff, 0xfb, 0x0, 0x0, 0x0, 0x4f,
    0xff, 0xff, 0xfe, 0x20, 0x9, 0xff, 0xff, 0xff,
    0xb0, 0x0, 0x0, 0x0, 0x4, 0xff, 0xff, 0xff,
    0xe3, 0x9f, 0xff, 0xff, 0xfb, 0x0, 0x0, 0x0,
    0x0, 0x0, 0x4f, 0xff, 0xff, 0xff, 0xff, 0xff,
    0xff, 0xb0, 0x0, 0x0, 0x0, 0x0, 0x0, 0x4,
    0xff, 0xff, 0xff, 0xff, 0xff, 0xfb, 0x0, 0x0,
    0x0, 0x0, 0x0, 0x0, 0x0, 0x4f, 0xff, 0xff,
    0xff, 0xff, 0xb0, 0x0, 0x0, 0x0, 0x0, 0x0,
    0x0, 0x0, 0x4, 0xff, 0xff, 0xff, 0xfb, 0x0,
    0x0, 0x0, 0x0, 0x0, 0x0, 0x0, 0x0, 0x0,
    0x4f, 0xff, 0xff, 0xb0, 0x0, 0x0, 0x0, 0x0,
    0x0, 0x0, 0x0, 0x0, 0x0, 0x4, 0xff, 0xfb,
    0x0, 0x0, 0x0, 0x0, 0x0, 0x0, 0x0, 0x0,
    0x0, 0x0, 0x0, 0x3d, 0xa0, 0x0, 0x0, 0x0,
    0x0, 0x0, 0x0, 0x0,

    /* U+F00D "" */
    0x3, 0xa7, 0x0, 0x0, 0x0, 0x0, 0x0, 0x8a,
    0x20, 0x3f, 0xff, 0xa0, 0x0, 0x0, 0x0, 0xb,
    0xff, 0xe2, 0xef, 0xff, 0xfa, 0x0, 0x0, 0x0,
    0xbf, 0xff, 0xfb, 0xdf, 0xff, 0xff, 0xa0, 0x0,
    0xb, 0xff, 0xff, 0xfb, 0x3f, 0xff, 0xff, 0xfa,
    0x0, 0xbf, 0xff, 0xff, 0xe2, 0x3, 0xff, 0xff,
    0xff, 0xab, 0xff, 0xff, 0xfe, 0x20, 0x0, 0x3f,
    0xff, 0xff, 0xff, 0xff, 0xff, 0xe2, 0x0, 0x0,
    0x3, 0xff, 0xff, 0xff, 0xff, 0xfe, 0x20, 0x0,
    0x0, 0x0, 0x3f, 0xff, 0xff, 0xff, 0xe2, 0x0,
    0x0, 0x0, 0x0, 0xc, 0xff, 0xff, 0xff, 0xa0,
    0x0, 0x0, 0x0, 0x0, 0xbf, 0xff, 0xff, 0xff,
    0xfa, 0x0, 0x0, 0x0, 0xb, 0xff, 0xff, 0xff,
    0xff, 0xff, 0xa0, 0x0, 0x0, 0xbf, 0xff, 0xff,
    0xef, 0xff, 0xff, 0xfa, 0x0, 0xb, 0xff, 0xff,
    0xfe, 0x23, 0xff, 0xff, 0xff, 0xa0, 0xaf, 0xff,
    0xff, 0xe2, 0x0, 0x3f, 0xff, 0xff, 0xf8, 0xff,
    0xff, 0xfe, 0x20, 0x0, 0x3, 0xff, 0xff, 0xfd,
    0x8f, 0xff, 0xe2, 0x0, 0x0, 0x0, 0x3f, 0xff,
    0xf6, 0x9, 0xfd, 0x20, 0x0, 0x0, 0x0, 0x3,
    0xef, 0x70, 0x0, 0x10, 0x0, 0x0, 0x0, 0x0,
    0x0, 0x1, 0x0,

    /* U+F011 "" */
    0x0, 0x0, 0x0, 0x0, 0x0, 0x8, 0xbb, 0x60,
    0x0, 0x0, 0x0, 0x0, 0x0, 0x0, 0x0, 0x0,
    0x0, 0x0, 0x1f, 0xff, 0xe0, 0x0, 0x0, 0x0,
    0x0, 0x0, 0x0, 0x0, 0x0, 0x10, 0x0, 0x2f,
    0xff, 0xe0, 0x0, 0x2, 0x0, 0x0, 0x0, 0x0,
    0x0, 0x3e, 0xf5, 0x0, 0x2f, 0xff, 0xe0, 0x0,
    0x8f, 0xc1, 0x0, 0x0, 0x0, 0x3, 0xff, 0xfe,
    0x0, 0x2f, 0xff, 0xe0, 0x2, 0xff, 0xfd, 0x10,
    0x0, 0x0, 0x2e, 0xff, 0xff, 0x30, 0x2f, 0xff,
    0xe0, 0x6, 0xff, 0xff, 0xc0, 0x0, 0x0, 0xbf,
    0xff, 0xfa, 0x0, 0x2f, 0xff, 0xe0, 0x0, 0xcf,
    0xff, 0xf8, 0x0, 0x5, 0xff, 0xff, 0x90, 0x0,
    0x2f, 0xff, 0xe0, 0x0, 0xc, 0xff, 0xff, 0x20,
    0xc, 0xff, 0xfc, 0x0, 0x0, 0x2f, 0xff, 0xe0,
    0x0, 0x1, 0xff, 0xff, 0x90, 0x2f, 0xff, 0xf3,
    0x0, 0x0, 0x2f, 0xff, 0xe0, 0x0, 0x0, 0x7f,
    0xff, 0xe0, 0x6f, 0xff, 0xc0, 0x0, 0x0, 0x2f,
    0xff, 0xe0, 0x0, 0x0, 0x1f, 0xff, 0xf3, 0x9f,
    0xff, 0x80, 0x0, 0x0, 0x2f, 0xff, 0xe0, 0x0,
    0x0, 0xb, 0xff, 0xf6, 0xbf, 0xff, 0x60, 0x0,
    0x0, 0x2f, 0xff, 0xe0, 0x0, 0x0, 0x9, 0xff,
    0xf7, 0xbf, 0xff, 0x50, 0x0, 0x0, 0x2f, 0xff,
    0xe0, 0x0, 0x0, 0x8, 0xff, 0xf8, 0xbf, 0xff,
    0x60, 0x0, 0x0, 0xa, 0xdd, 0x70, 0x0, 0x0,
    0xa, 0xff, 0xf6, 0x8f, 0xff, 0x90, 0x0, 0x0,
    0x0, 0x0, 0x0, 0x0, 0x0, 0xd, 0xff, 0xf5,
    0x5f, 0xff, 0xe0, 0x0, 0x0, 0x0, 0x0, 0x0,
    0x0, 0x0, 0x2f, 0xff, 0xf1, 0xf, 0xff, 0xf7,
    0x0, 0x0, 0x0, 0x0, 0x0, 0x0, 0x0, 0xaf,
    0xff, 0xc0, 0x9, 0xff, 0xff, 0x30, 0x0, 0x0,
    0x0, 0x0, 0x0, 0x5, 0xff, 0xff, 0x60, 0x2,
    0xff, 0xff, 0xe2, 0x0, 0x0, 0x0, 0x0, 0x0,
    0x5f, 0xff, 0xfd, 0x0, 0x0, 0x7f, 0xff, 0xff,
    0x60, 0x0, 0x0, 0x0, 0x18, 0xff, 0xff, 0xf4,
    0x0, 0x0, 0xa, 0xff, 0xff, 0xfe, 0x85, 0x34,
    0x59, 0xef, 0xff, 0xff, 0x60, 0x0, 0x0, 0x0,
    0xaf, 0xff, 0xff, 0xff, 0xff, 0xff, 0xff, 0xff,
    0xf7, 0x0, 0x0, 0x0, 0x0, 0x7, 0xff, 0xff,
    0xff, 0xff, 0xff, 0xff, 0xfe, 0x40, 0x0, 0x0,
    0x0, 0x0, 0x0, 0x2a, 0xff, 0xff, 0xff, 0xff,
    0xff, 0x81, 0x0, 0x0, 0x0, 0x0, 0x0, 0x0,
    0x0, 0x16, 0x9c, 0xdc, 0xb9, 0x50, 0x0, 0x0,
    0x0, 0x0,

    /* U+F013 "" */
    0x0, 0x0, 0x0, 0x0, 0x0, 0x13, 0x55, 0x31,
    0x0, 0x0, 0x0, 0x0, 0x0, 0x0, 0x0, 0x0,
    0x0, 0x3, 0xff, 0xff, 0xff, 0x30, 0x0, 0x0,
    0x0, 0x0, 0x0, 0x0, 0x0, 0x0, 0x4, 0xff,
    0xff, 0xff, 0x40, 0x0, 0x0, 0x0, 0x0, 0x0,
    0x0, 0x0, 0x0, 0x4, 0xff, 0xff, 0xff, 0x40,
    0x0, 0x0, 0x0, 0x0, 0x0, 0x1, 0x50, 0x0,
    0x5d, 0xff, 0xff, 0xff, 0xd5, 0x0, 0x6, 0x10,
    0x0, 0x0, 0xd, 0xfd, 0x5c, 0xff, 0xff, 0xff,
    0xff, 0xff, 0xc5, 0xdf, 0xd0, 0x0, 0x0, 0x9f,
    0xff, 0xff, 0xff, 0xff, 0xff, 0xff, 0xff, 0xff,
    0xff, 0xf9, 0x0, 0x3, 0xff, 0xff, 0xff, 0xff,
    0xff, 0xff, 0xff, 0xff, 0xff, 0xff, 0xff, 0x30,
    0xa, 0xff, 0xff, 0xff, 0xff, 0xff, 0xff, 0xff,
    0xff, 0xff, 0xff, 0xff, 0xa0, 0xf, 0xff, 0xff,
    0xff, 0xff, 0xf7, 0x33, 0x7f, 0xff, 0xff, 0xff,
    0xff, 0xf0, 0x5, 0xef, 0xff, 0xff, 0xfe, 0x20,
    0x0, 0x2, 0xef, 0xff, 0xff, 0xfe, 0x50, 0x0,
    0xb, 0xff, 0xff, 0xf5, 0x0, 0x0, 0x0, 0x5f,
    0xff, 0xff, 0xb0, 0x0, 0x0, 0xa, 0xff, 0xff,
    0xf0, 0x0, 0x0, 0x0, 0xf, 0xff, 0xff, 0xa0,
    0x0, 0x0, 0xb, 0xff, 0xff, 0xf0, 0x0, 0x0,
    0x0, 0xf, 0xff, 0xff, 0xb0, 0x0, 0x0, 0xa,
    0xff, 0xff, 0xf2, 0x0, 0x0, 0x0, 0x2f, 0xff,
    0xff, 0xa0, 0x0, 0x0, 0x6f, 0xff, 0xff, 0xfa,
    0x0, 0x0, 0x0, 0xaf, 0xff, 0xff, 0xf6, 0x0,
    0xc, 0xff, 0xff, 0xff, 0xff, 0x90, 0x0, 0x9,
    0xff, 0xff, 0xff, 0xff, 0xd0, 0xd, 0xff, 0xff,
    0xff, 0xff, 0xff, 0xbb, 0xff, 0xff, 0xff, 0xff,
    0xff, 0xd0, 0x6, 0xff, 0xff, 0xff, 0xff, 0xff,
    0xff, 0xff, 0xff, 0xff, 0xff, 0xff, 0x60, 0x0,
    0xef, 0xff, 0xff, 0xff, 0xff, 0xff, 0xff, 0xff,
    0xff, 0xff, 0xfe, 0x0, 0x0, 0x4f, 0xff, 0xdf,
    0xff, 0xff, 0xff, 0xff, 0xff, 0xfd, 0xff, 0xf4,
    0x0, 0x0, 0x7, 0xe5, 0x4, 0xdf, 0xff, 0xff,
    0xff, 0xfd, 0x40, 0x5d, 0x70, 0x0, 0x0, 0x0,
    0x0, 0x0, 0x7, 0xff, 0xff, 0xff, 0x70, 0x0,
    0x0, 0x0, 0x0, 0x0, 0x0, 0x0, 0x0, 0x4,
    0xff, 0xff, 0xff, 0x40, 0x0, 0x0, 0x0, 0x0,
    0x0, 0x0, 0x0, 0x0, 0x3, 0xff, 0xff, 0xff,
    0x30, 0x0, 0x0, 0x0, 0x0, 0x0, 0x0, 0x0,
    0x0, 0x1, 0x9b, 0xdd, 0xc9, 0x10, 0x0, 0x0,
    0x0, 0x0, 0x0, 0x0, 0x0, 0x0, 0x0, 0x0,
    0x0, 0x0, 0x0, 0x0, 0x0, 0x0, 0x0,

    /* U+F015 "" */
    0x0, 0x0, 0x0, 0x0, 0x0, 0x0, 0x0, 0x0,
    0x0, 0x0, 0x0, 0x0, 0x0, 0x0, 0x0, 0x0,
    0x0, 0x0, 0x0, 0x0, 0x0, 0x1b, 0xfd, 0x30,
    0x0, 0x3f, 0xff, 0xb0, 0x0, 0x0, 0x0, 0x0,
    0x0, 0x0, 0x0, 0x3, 0xef, 0xff, 0xf6, 0x0,
    0x4f, 0xff, 0xc0, 0x0, 0x0, 0x0, 0x0, 0x0,
    0x0, 0x0, 0x6f, 0xff, 0xff, 0xff, 0x80, 0x4f,
    0xff, 0xc0, 0x0, 0x0, 0x0, 0x0, 0x0, 0x0,
    0x9, 0xff, 0xff, 0xbf, 0xff, 0xfb, 0x5f, 0xff,
    0xc0, 0x0, 0x0, 0x0, 0x0, 0x0, 0x1, 0xbf,
    0xff, 0xf5, 0x3, 0xef, 0xff, 0xff, 0xff, 0xc0,
    0x0, 0x0, 0x0, 0x0, 0x0, 0x2d, 0xff, 0xfe,
    0x30, 0x20, 0x1c, 0xff, 0xff, 0xff, 0xc0, 0x0,
    0x0, 0x0, 0x0, 0x4, 0xff, 0xff, 0xc1, 0x8,
    0xfb, 0x10, 0xaf, 0xff, 0xff, 0xc0, 0x0, 0x0,
    0x0, 0x0, 0x7f, 0xff, 0xfa, 0x1, 0xbf, 0xff,
    0xd2, 0x7, 0xff, 0xff, 0xd0, 0x0, 0x0, 0x0,
    0xa, 0xff, 0xff, 0x70, 0x2d, 0xff, 0xff, 0xff,
    0x40, 0x4f, 0xff, 0xfc, 0x10, 0x0, 0x1, 0xcf,
    0xff, 0xf4, 0x4, 0xef, 0xff, 0xff, 0xff, 0xf7,
    0x2, 0xdf, 0xff, 0xe3, 0x0, 0x3e, 0xff, 0xfd,
    0x20, 0x6f, 0xff, 0xff, 0xff, 0xff, 0xff, 0xa0,
    0x1b, 0xff, 0xff, 0x50, 0xef, 0xff, 0xc1, 0x9,
    0xff, 0xff, 0xff, 0xff, 0xff, 0xff, 0xfc, 0x10,
    0x9f, 0xff, 0xf2, 0x6f, 0xf9, 0x1, 0xcf, 0xff,
    0xff, 0xff, 0xff, 0xff, 0xff, 0xff, 0xe3, 0x6,
    0xff, 0xa0, 0x7, 0x60, 0xd, 0xff, 0xff, 0xff,
    0xff, 0xff, 0xff, 0xff, 0xff, 0xff, 0x30, 0x39,
    0x0, 0x0, 0x0, 0x2f, 0xff, 0xff, 0xff, 0xff,
    0xff, 0xff, 0xff, 0xff, 0xff, 0x60, 0x0, 0x0,
    0x0, 0x0, 0x2f, 0xff, 0xff, 0xff, 0xff, 0xff,
    0xff, 0xff, 0xff, 0xff, 0x60, 0x0, 0x0, 0x0,
    0x0, 0x2f, 0xff, 0xff, 0xff, 0x83, 0x33, 0x5f,
    0xff, 0xff, 0xff, 0x60, 0x0, 0x0, 0x0, 0x0,
    0x2f, 0xff, 0xff, 0xff, 0x30, 0x0, 0xf, 0xff,
    0xff, 0xff, 0x60, 0x0, 0x0, 0x0, 0x0, 0x2f,
    0xff, 0xff, 0xff, 0x30, 0x0, 0xf, 0xff, 0xff,
    0xff, 0x60, 0x0, 0x0, 0x0, 0x0, 0x2f, 0xff,
    0xff, 0xff, 0x30, 0x0, 0xf, 0xff, 0xff, 0xff,
    0x60, 0x0, 0x0, 0x0, 0x0, 0x2f, 0xff, 0xff,
    0xff, 0x30, 0x0, 0xf, 0xff, 0xff, 0xff, 0x60,
    0x0, 0x0, 0x0, 0x0, 0x1f, 0xff, 0xff, 0xff,
    0x20, 0x0, 0xe, 0xff, 0xff, 0xff, 0x50, 0x0,
    0x0, 0x0, 0x0, 0x9, 0xbb, 0xbb, 0xb9, 0x0,
    0x0, 0x7, 0xbb, 0xbb, 0xba, 0x10, 0x0, 0x0,

    /* U+F019 "" */
    0x0, 0x0, 0x0, 0x0, 0x0, 0xad, 0xdd, 0xda,
    0x0, 0x0, 0x0, 0x0, 0x0, 0x0, 0x0, 0x0,
    0x0, 0x3, 0xff, 0xff, 0xff, 0x30, 0x0, 0x0,
    0x0, 0x0, 0x0, 0x0, 0x0, 0x0, 0x4, 0xff,
    0xff, 0xff, 0x40, 0x0, 0x0, 0x0, 0x0, 0x0,
    0x0, 0x0, 0x0, 0x4, 0xff, 0xff, 0xff, 0x40,
    0x0, 0x0, 0x0, 0x0, 0x0, 0x0, 0x0, 0x0,
    0x4, 0xff, 0xff, 0xff, 0x40, 0x0, 0x0, 0x0,
    0x0, 0x0, 0x0, 0x0, 0x0, 0x4, 0xff, 0xff,
    0xff, 0x40, 0x0, 0x0, 0x0, 0x0, 0x0, 0x0,
    0x0, 0x0, 0x4, 0xff, 0xff, 0xff, 0x40, 0x0,
    0x0, 0x0, 0x0, 0x0, 0x0, 0x0, 0x0, 0x4,
    0xff, 0xff, 0xff, 0x40, 0x0, 0x0, 0x0, 0x0,
    0x0, 0x0, 0x0, 0x0, 0x4, 0xff, 0xff, 0xff,
    0x40, 0x0, 0x0, 0x0, 0x0, 0x0, 0x0, 0x1,
    0x11, 0x14, 0xff, 0xff, 0xff, 0x41, 0x11, 0x10,
    0x0, 0x0, 0x0, 0x0, 0x8f, 0xff, 0xff, 0xff,
    0xff, 0xff, 0xff, 0xff, 0xf8, 0x0, 0x0, 0x0,
    0x0, 0x7f, 0xff, 0xff, 0xff, 0xff, 0xff, 0xff,
    0xff, 0xf7, 0x0, 0x0, 0x0, 0x0, 0x9, 0xff,
    0xff, 0xff, 0xff, 0xff, 0xff, 0xff, 0x90, 0x0,
    0x0, 0x0, 0x0, 0x0, 0x9f, 0xff, 0xff, 0xff,
    0xff, 0xff, 0xf9, 0x0, 0x0, 0x0, 0x0, 0x0,
    0x0, 0x9, 0xff, 0xff, 0xff, 0xff, 0xff, 0x90,
    0x0, 0x0, 0x0, 0x0, 0x0, 0x0, 0x0, 0x9f,
    0xff, 0xff, 0xff, 0xf9, 0x0, 0x0, 0x0, 0x0,
    0x0, 0x0, 0x0, 0x0, 0x9, 0xff, 0xff, 0xff,
    0x90, 0x0, 0x0, 0x0, 0x0, 0x0, 0x0, 0x0,
    0x0, 0x0, 0x9f, 0xff, 0xf9, 0x0, 0x0, 0x0,
    0x0, 0x0, 0x9f, 0xff, 0xff, 0xff, 0xe3, 0x9,
    0xff, 0x90, 0x3e, 0xff, 0xff, 0xff, 0xf9, 0xff,
    0xff, 0xff, 0xff, 0xfe, 0x20, 0x77, 0x2, 0xef,
    0xff, 0xff, 0xff, 0xff, 0xff, 0xff, 0xff, 0xff,
    0xff, 0xe3, 0x0, 0x3e, 0xff, 0xff, 0xff, 0xff,
    0xff, 0xff, 0xff, 0xff, 0xff, 0xff, 0xff, 0xbb,
    0xff, 0xff, 0xff, 0xff, 0xff, 0xff, 0xff, 0xff,
    0xff, 0xff, 0xff, 0xff, 0xff, 0xff, 0xff, 0xcf,
    0xfd, 0xef, 0xff, 0xff, 0xff, 0xff, 0xff, 0xff,
    0xff, 0xff, 0xff, 0xfc, 0x6, 0xf0, 0x2f, 0xff,
    0xff, 0xff, 0xff, 0xff, 0xff, 0xff, 0xff, 0xff,
    0xfe, 0x4a, 0xf5, 0x7f, 0xff, 0xdf, 0xff, 0xff,
    0xff, 0xff, 0xff, 0xff, 0xff, 0xff, 0xff, 0xff,
    0xff, 0xfd, 0x3, 0x33, 0x33, 0x33, 0x33, 0x33,
    0x33, 0x33, 0x33, 0x33, 0x33, 0x33, 0x30,

    /* U+F01C "" */
    0x0, 0x0, 0x0, 0x3, 0x44, 0x44, 0x44, 0x44,
    0x44, 0x44, 0x44, 0x0, 0x0, 0x0, 0x0, 0x0,
    0x0, 0x1, 0xcf, 0xff, 0xff, 0xff, 0xff, 0xff,
    0xff, 0xff, 0xe3, 0x0, 0x0, 0x0, 0x0, 0x0,
    0xb, 0xff, 0xff, 0xff, 0xff, 0xff, 0xff, 0xff,
    0xff, 0xfe, 0x10, 0x0, 0x0, 0x0, 0x0, 0x6f,
    0xff, 0xff, 0xff, 0xff, 0xff, 0xff, 0xff, 0xff,
    0xff, 0xa0, 0x0, 0x0, 0x0, 0x1, 0xff, 0xfd,
    0x0, 0x0, 0x0, 0x0, 0x0, 0x0, 0x9, 0xff,
    0xf5, 0x0, 0x0, 0x0, 0xb, 0xff, 0xf3, 0x0,
    0x0, 0x0, 0x0, 0x0, 0x0, 0x0, 0xdf, 0xfe,
    0x10, 0x0, 0x0, 0x6f, 0xff, 0x70, 0x0, 0x0,
    0x0, 0x0, 0x0, 0x0, 0x0, 0x3f, 0xff, 0xa0,
    0x0, 0x2, 0xff, 0xfc, 0x0, 0x0, 0x0, 0x0,
    0x0, 0x0, 0x0, 0x0, 0x8, 0xff, 0xf5, 0x0,
    0xb, 0xff, 0xf2, 0x0, 0x0, 0x0, 0x0, 0x0,
    0x0, 0x0, 0x0, 0x0, 0xdf, 0xfe, 0x10, 0x6f,
    0xff, 0x60, 0x0, 0x0, 0x0, 0x0, 0x0, 0x0,
    0x0, 0x0, 0x0, 0x3f, 0xff, 0xa0, 0xef, 0xff,
    0xcc, 0xcc, 0xcc, 0x40, 0x0, 0x0, 0x0, 0x1b,
    0xcc, 0xcc, 0xce, 0xff, 0xf2, 0xff, 0xff, 0xff,
    0xff, 0xff, 0xc0, 0x0, 0x0, 0x0, 0x8f, 0xff,
    0xff, 0xff, 0xff, 0xf3, 0xff, 0xff, 0xff, 0xff,
    0xff, 0xf4, 0x0, 0x0, 0x1, 0xff, 0xff, 0xff,
    0xff, 0xff, 0xf4, 0xff, 0xff, 0xff, 0xff, 0xff,
    0xfd, 0x88, 0x88, 0x8b, 0xff, 0xff, 0xff, 0xff,
    0xff, 0xf4, 0xff, 0xff, 0xff, 0xff, 0xff, 0xff,
    0xff, 0xff, 0xff, 0xff, 0xff, 0xff, 0xff, 0xff,
    0xf4, 0xff, 0xff, 0xff, 0xff, 0xff, 0xff, 0xff,
    0xff, 0xff, 0xff, 0xff, 0xff, 0xff, 0xff, 0xf4,
    0xff, 0xff, 0xff, 0xff, 0xff, 0xff, 0xff, 0xff,
    0xff, 0xff, 0xff, 0xff, 0xff, 0xff, 0xf4, 0xff,
    0xff, 0xff, 0xff, 0xff, 0xff, 0xff, 0xff, 0xff,
    0xff, 0xff, 0xff, 0xff, 0xff, 0xf3, 0xcf, 0xff,
    0xff, 0xff, 0xff, 0xff, 0xff, 0xff, 0xff, 0xff,
    0xff, 0xff, 0xff, 0xff, 0xf1, 0x2c, 0xff, 0xff,
    0xff, 0xff, 0xff, 0xff, 0xff, 0xff, 0xff, 0xff,
    0xff, 0xff, 0xfd, 0x40,

    /* U+F021 "" */
    0x0, 0x0, 0x0, 0x0, 0x0, 0x46, 0x77, 0x52,
    0x0, 0x0, 0x0, 0x6e, 0xec, 0x0, 0x0, 0x0,
    0x3, 0xaf, 0xff, 0xff, 0xff, 0xe8, 0x10, 0x0,
    0x9f, 0xff, 0x0, 0x0, 0x1, 0xaf, 0xff, 0xff,
    0xff, 0xff, 0xff, 0xf8, 0x0, 0x8f, 0xff, 0x0,
    0x0, 0x3e, 0xff, 0xff, 0xff, 0xff, 0xff, 0xff,
    0xff, 0xd2, 0x7f, 0xff, 0x0, 0x3, 0xef, 0xff,
    0xfe, 0x84, 0x32, 0x59, 0xff, 0xff, 0xff, 0xaf,
    0xff, 0x0, 0x1e, 0xff, 0xff, 0x80, 0x0, 0x0,
    0x0, 0x18, 0xff, 0xff, 0xff, 0xff, 0x0, 0xbf,
    0xff, 0xe3, 0x0, 0x0, 0x0, 0x0, 0x0, 0x3e,
    0xff, 0xff, 0xff, 0x3, 0xff, 0xff, 0x30, 0x0,
    0x0, 0x0, 0x1, 0x0, 0x2, 0xff, 0xff, 0xff,
    0xb, 0xff, 0xf6, 0x0, 0x0, 0x0, 0x0, 0x5f,
    0xff, 0xfe, 0xff, 0xff, 0xff, 0xf, 0xff, 0xd0,
    0x0, 0x0, 0x0, 0x0, 0x6f, 0xff, 0xff, 0xff,
    0xff, 0xff, 0x4f, 0xff, 0x70, 0x0, 0x0, 0x0,
    0x0, 0x5f, 0xff, 0xff, 0xff, 0xff, 0xff, 0x17,
    0x87, 0x10, 0x0, 0x0, 0x0, 0x0, 0x17, 0x88,
    0x88, 0x88, 0x88, 0x86, 0x0, 0x0, 0x0, 0x0,
    0x0, 0x0, 0x0, 0x0, 0x0, 0x0, 0x0, 0x0,
    0x0, 0x0, 0x0, 0x0, 0x0, 0x0, 0x0, 0x0,
    0x0, 0x0, 0x0, 0x0, 0x0, 0x0, 0x0, 0x0,
    0x0, 0x0, 0x0, 0x0, 0x0, 0x0, 0x0, 0x0,
    0x0, 0x0, 0x0, 0xef, 0xff, 0xff, 0xff, 0xff,
    0xf4, 0x0, 0x0, 0x0, 0x0, 0x5, 0xff, 0xf4,
    0xff, 0xff, 0xff, 0xff, 0xff, 0xf6, 0x0, 0x0,
    0x0, 0x0, 0xb, 0xff, 0xf1, 0xff, 0xff, 0xff,
    0xff, 0xff, 0xf5, 0x0, 0x0, 0x0, 0x0, 0x3f,
    0xff, 0xd0, 0xff, 0xff, 0xfe, 0x56, 0x77, 0x81,
    0x0, 0x0, 0x0, 0x0, 0xdf, 0xff, 0x60, 0xff,
    0xff, 0xff, 0x90, 0x0, 0x0, 0x0, 0x0, 0x0,
    0xb, 0xff, 0xfe, 0x0, 0xff, 0xff, 0xff, 0xfc,
    0x20, 0x0, 0x0, 0x0, 0x2, 0xdf, 0xff, 0xf4,
    0x0, 0xff, 0xfd, 0xff, 0xff, 0xfa, 0x30, 0x0,
    0x3, 0x9f, 0xff, 0xff, 0x80, 0x0, 0xff, 0xf7,
    0x8f, 0xff, 0xff, 0xff, 0xdd, 0xff, 0xff, 0xff,
    0xf8, 0x0, 0x0, 0xff, 0xf8, 0x4, 0xef, 0xff,
    0xff, 0xff, 0xff, 0xff, 0xfe, 0x50, 0x0, 0x0,
    0xff, 0xf8, 0x0, 0x7, 0xdf, 0xff, 0xff, 0xff,
    0xff, 0x91, 0x0, 0x0, 0x0, 0xff, 0xf9, 0x0,
    0x0, 0x3, 0x8b, 0xdd, 0xb9, 0x51, 0x0, 0x0,
    0x0, 0x0, 0x35, 0x51, 0x0, 0x0, 0x0, 0x0,
    0x0, 0x0, 0x0, 0x0, 0x0, 0x0, 0x0,

    /* U+F026 "" */
    0x0, 0x0, 0x0, 0x0, 0x0, 0x7, 0x40, 0x0,
    0x0, 0x0, 0x0, 0xc, 0xff, 0x0, 0x0, 0x0,
    0x0, 0xc, 0xff, 0xf0, 0x0, 0x0, 0x0, 0xc,
    0xff, 0xff, 0x0, 0x0, 0x0, 0xc, 0xff, 0xff,
    0xf6, 0xbb, 0xbb, 0xbd, 0xff, 0xff, 0xff, 0xff,
    0xff, 0xff, 0xff, 0xff, 0xff, 0xff, 0xff, 0xff,
    0xff, 0xff, 0xff, 0xff, 0xff, 0xff, 0xff, 0xff,
    0xff, 0xff, 0xff, 0xff, 0xff, 0xff, 0xff, 0xff,
    0xff, 0xff, 0xff, 0xff, 0xff, 0xff, 0xff, 0xff,
    0xff, 0xff, 0xff, 0xff, 0xff, 0xff, 0xff, 0xff,
    0xff, 0xff, 0xff, 0xff, 0xff, 0xff, 0xff, 0xff,
    0xff, 0xff, 0xff, 0xbf, 0xff, 0xff, 0xff, 0xff,
    0xff, 0xf0, 0x0, 0x0, 0x3, 0xef, 0xff, 0xff,
    0x0, 0x0, 0x0, 0x3, 0xef, 0xff, 0xf0, 0x0,
    0x0, 0x0, 0x3, 0xef, 0xff, 0x0, 0x0, 0x0,
    0x0, 0x3, 0xef, 0xf0, 0x0, 0x0, 0x0, 0x0,
    0x3, 0xd9, 0x0, 0x0, 0x0, 0x0, 0x0, 0x0,
    0x0,

    /* U+F027 "" */
    0x0, 0x0, 0x0, 0x0, 0x0, 0x7, 0x40, 0x0,
    0x0, 0x0, 0x0, 0x0, 0x0, 0x0, 0x0, 0xcf,
    0xf0, 0x0, 0x0, 0x0, 0x0, 0x0, 0x0, 0x0,
    0xc, 0xff, 0xf0, 0x0, 0x0, 0x0, 0x0, 0x0,
    0x0, 0x0, 0xcf, 0xff, 0xf0, 0x0, 0x0, 0x0,
    0x0, 0x0, 0x0, 0xc, 0xff, 0xff, 0xf0, 0x0,
    0x0, 0x0, 0x6b, 0xbb, 0xbb, 0xdf, 0xff, 0xff,
    0xf0, 0x0, 0x0, 0x0, 0xff, 0xff, 0xff, 0xff,
    0xff, 0xff, 0xf0, 0x3, 0xb5, 0x0, 0xff, 0xff,
    0xff, 0xff, 0xff, 0xff, 0xf0, 0x9, 0xff, 0x60,
    0xff, 0xff, 0xff, 0xff, 0xff, 0xff, 0xf0, 0x2,
    0xdf, 0xf1, 0xff, 0xff, 0xff, 0xff, 0xff, 0xff,
    0xf0, 0x0, 0x2f, 0xf6, 0xff, 0xff, 0xff, 0xff,
    0xff, 0xff, 0xf0, 0x0, 0xf, 0xf7, 0xff, 0xff,
    0xff, 0xff, 0xff, 0xff, 0xf0, 0x0, 0x6f, 0xf4,
    0xff, 0xff, 0xff, 0xff, 0xff, 0xff, 0xf0, 0x6,
    0xff, 0xd0, 0xff, 0xff, 0xff, 0xff, 0xff, 0xff,
    0xf0, 0x8, 0xfe, 0x20, 0xbf, 0xff, 0xff, 0xff,
    0xff, 0xff, 0xf0, 0x0, 0x41, 0x0, 0x0, 0x0,
    0x0, 0x3e, 0xff, 0xff, 0xf0, 0x0, 0x0, 0x0,
    0x0, 0x0, 0x0, 0x3, 0xef, 0xff, 0xf0, 0x0,
    0x0, 0x0, 0x0, 0x0, 0x0, 0x0, 0x3e, 0xff,
    0xf0, 0x0, 0x0, 0x0, 0x0, 0x0, 0x0, 0x0,
    0x3, 0xef, 0xf0, 0x0, 0x0, 0x0, 0x0, 0x0,
    0x0, 0x0, 0x0, 0x3d, 0x90, 0x0, 0x0, 0x0,
    0x0, 0x0, 0x0, 0x0, 0x0, 0x0, 0x0, 0x0,
    0x0, 0x0,

    /* U+F028 "" */
    0x0, 0x0, 0x0, 0x0, 0x0, 0x0, 0x0, 0x0,
    0x0, 0x0, 0x0, 0x0, 0x0, 0x0, 0x0, 0x0,
    0x0, 0x0, 0x0, 0x0, 0x0, 0x0, 0x0, 0x0,
    0x0, 0xb, 0xd3, 0x0, 0x0, 0x0, 0x0, 0x0,
    0x0, 0x0, 0x0, 0x0, 0x0, 0x0, 0x0, 0x0,
    0x1f, 0xff, 0x50, 0x0, 0x0, 0x0, 0x0, 0x0,
    0x0, 0x0, 0x7, 0x40, 0x0, 0x0, 0x0, 0x5,
    0xff, 0xf6, 0x0, 0x0, 0x0, 0x0, 0x0, 0x0,
    0x0, 0xcf, 0xf0, 0x0, 0x0, 0x0, 0x0, 0x2e,
    0xff, 0x30, 0x0, 0x0, 0x0, 0x0, 0x0, 0xc,
    0xff, 0xf0, 0x0, 0x0, 0x6d, 0x40, 0x2, 0xff,
    0xe0, 0x0, 0x0, 0x0, 0x0, 0x0, 0xcf, 0xff,
    0xf0, 0x0, 0x0, 0xcf, 0xf7, 0x0, 0x5f, 0xf8,
    0x0, 0x0, 0x0, 0x0, 0xc, 0xff, 0xff, 0xf0,
    0x0, 0x0, 0x3e, 0xff, 0x50, 0xb, 0xff, 0x0,
    0x6b, 0xbb, 0xbb, 0xdf, 0xff, 0xff, 0xf0, 0x0,
    0x0, 0x1, 0xdf, 0xf2, 0x3, 0xff, 0x60, 0xff,
    0xff, 0xff, 0xff, 0xff, 0xff, 0xf0, 0x3, 0xc6,
    0x0, 0x3f, 0xf9, 0x0, 0xdf, 0xb0, 0xff, 0xff,
    0xff, 0xff, 0xff, 0xff, 0xf0, 0x9, 0xff, 0x70,
    0xa, 0xff, 0x0, 0x8f, 0xf0, 0xff, 0xff, 0xff,
    0xff, 0xff, 0xff, 0xf0, 0x2, 0xdf, 0xf1, 0x5,
    0xff, 0x30, 0x5f, 0xf2, 0xff, 0xff, 0xff, 0xff,
    0xff, 0xff, 0xf0, 0x0, 0x1f, 0xf6, 0x2, 0xff,
    0x50, 0x3f, 0xf3, 0xff, 0xff, 0xff, 0xff, 0xff,
    0xff, 0xf0, 0x0, 0xf, 0xf7, 0x1, 0xff, 0x50,
    0x3f, 0xf3, 0xff, 0xff, 0xff, 0xff, 0xff, 0xff,
    0xf0, 0x0, 0x6f, 0xf4, 0x3, 0xff, 0x40, 0x4f,
    0xf2, 0xff, 0xff, 0xff, 0xff, 0xff, 0xff, 0xf0,
    0x6, 0xff, 0xd0, 0x7, 0xff, 0x10, 0x6f, 0xf0,
    0xff, 0xff, 0xff, 0xff, 0xff, 0xff, 0xf0, 0x8,
    0xfd, 0x20, 0xd, 0xfc, 0x0, 0xbf, 0xd0, 0xbf,
    0xff, 0xff, 0xff, 0xff, 0xff, 0xf0, 0x0, 0x40,
    0x0, 0x8f, 0xf5, 0x1, 0xff, 0x90, 0x0, 0x0,
    0x0, 0x3e, 0xff, 0xff, 0xf0, 0x0, 0x0, 0x7,
    0xff, 0xb0, 0x7, 0xff, 0x30, 0x0, 0x0, 0x0,
    0x3, 0xef, 0xff, 0xf0, 0x0, 0x0, 0x9f, 0xfe,
    0x10, 0x1e, 0xfc, 0x0, 0x0, 0x0, 0x0, 0x0,
    0x3e, 0xff, 0xf0, 0x0, 0x0, 0xcf, 0xc1, 0x0,
    0xbf, 0xf3, 0x0, 0x0, 0x0, 0x0, 0x0, 0x3,
    0xef, 0xf0, 0x0, 0x0, 0x15, 0x0, 0x9, 0xff,
    0x90, 0x0, 0x0, 0x0, 0x0, 0x0, 0x0, 0x3d,
    0x90, 0x0, 0x0, 0x0, 0x0, 0xaf, 0xfc, 0x0,
    0x0, 0x0, 0x0, 0x0, 0x0, 0x0, 0x0, 0x0,
    0x0, 0x0, 0x0, 0xc, 0xff, 0xc1, 0x0, 0x0,
    0x0, 0x0, 0x0, 0x0, 0x0, 0x0, 0x0, 0x0,
    0x0, 0x0, 0x1f, 0xfa, 0x0, 0x0, 0x0, 0x0,
    0x0, 0x0, 0x0, 0x0, 0x0, 0x0, 0x0, 0x0,
    0x0, 0x3, 0x50, 0x0, 0x0, 0x0,

    /* U+F03E "" */
    0x7, 0xbb, 0xbb, 0xbb, 0xbb, 0xbb, 0xbb, 0xbb,
    0xbb, 0xbb, 0xbb, 0xbb, 0x70, 0x9f, 0xff, 0xff,
    0xff, 0xff, 0xff, 0xff, 0xff, 0xff, 0xff, 0xff,
    0xff, 0xf9, 0xff, 0xff, 0xff, 0xff, 0xff, 0xff,
    0xff, 0xff, 0xff, 0xff, 0xff, 0xff, 0xff, 0xff,
    0xff, 0x72, 0x4d, 0xff, 0xff, 0xff, 0xff, 0xff,
    0xff, 0xff, 0xff, 0xff, 0xff, 0xf5, 0x0, 0x1,
    0xef, 0xff, 0xff, 0xff, 0xff, 0xff, 0xff, 0xff,
    0xff, 0xff, 0xf0, 0x0, 0x0, 0x9f, 0xff, 0xff,
    0xff, 0xff, 0xff, 0xff, 0xff, 0xff, 0xff, 0xe0,
    0x0, 0x0, 0x8f, 0xff, 0xff, 0xff, 0xfa, 0xcf,
    0xff, 0xff, 0xff, 0xff, 0xf3, 0x0, 0x0, 0xdf,
    0xff, 0xff, 0xff, 0x80, 0xc, 0xff, 0xff, 0xff,
    0xff, 0xfe, 0x40, 0x2b, 0xff, 0xff, 0xff, 0xf8,
    0x0, 0x0, 0xcf, 0xff, 0xff, 0xff, 0xff, 0xff,
    0xff, 0xff, 0xff, 0xff, 0x80, 0x0, 0x0, 0xc,
    0xff, 0xff, 0xff, 0xff, 0xff, 0xe9, 0xff, 0xff,
    0xf8, 0x0, 0x0, 0x0, 0x0, 0xcf, 0xff, 0xff,
    0xff, 0xfe, 0x20, 0x7f, 0xff, 0x80, 0x0, 0x0,
    0x0, 0x0, 0x4f, 0xff, 0xff, 0xff, 0xe2, 0x0,
    0x7, 0xf8, 0x0, 0x0, 0x0, 0x0, 0x0, 0x4f,
    0xff, 0xff, 0xfe, 0x20, 0x0, 0x0, 0x30, 0x0,
    0x0, 0x0, 0x0, 0x0, 0x4f, 0xff, 0xff, 0xf4,
    0x0, 0x0, 0x0, 0x0, 0x0, 0x0, 0x0, 0x0,
    0x0, 0x4f, 0xff, 0xff, 0xf4, 0x0, 0x0, 0x0,
    0x0, 0x0, 0x0, 0x0, 0x0, 0x0, 0x4f, 0xff,
    0xff, 0xf7, 0x44, 0x44, 0x44, 0x44, 0x44, 0x44,
    0x44, 0x44, 0x44, 0x7f, 0xff, 0xff, 0xff, 0xff,
    0xff, 0xff, 0xff, 0xff, 0xff, 0xff, 0xff, 0xff,
    0xff, 0xff, 0xcf, 0xff, 0xff, 0xff, 0xff, 0xff,
    0xff, 0xff, 0xff, 0xff, 0xff, 0xff, 0xfc, 0x2c,
    0xff, 0xff, 0xff, 0xff, 0xff, 0xff, 0xff, 0xff,
    0xff, 0xff, 0xff, 0xc2,

    /* U+F043 "" */
    0x0, 0x0, 0x0, 0x2, 0xcb, 0x10, 0x0, 0x0,
    0x0, 0x0, 0x0, 0x0, 0x9, 0xff, 0x70, 0x0,
    0x0, 0x0, 0x0, 0x0, 0x0, 0xf, 0xff, 0xd0,
    0x0, 0x0, 0x0, 0x0, 0x0, 0x0, 0x5f, 0xff,
    0xf3, 0x0, 0x0, 0x0, 0x0, 0x0, 0x0, 0xcf,
    0xff, 0xfa, 0x0, 0x0, 0x0, 0x0, 0x0, 0x4,
    0xff, 0xff, 0xff, 0x20, 0x0, 0x0, 0x0, 0x0,
    0xc, 0xff, 0xff, 0xff, 0xb0, 0x0, 0x0, 0x0,
    0x0, 0x6f, 0xff, 0xff, 0xff, 0xf4, 0x0, 0x0,
    0x0, 0x1, 0xef, 0xff, 0xff, 0xff, 0xfd, 0x0,
    0x0, 0x0, 0xb, 0xff, 0xff, 0xff, 0xff, 0xff,
    0x90, 0x0, 0x0, 0x7f, 0xff, 0xff, 0xff, 0xff,
    0xff, 0xf5, 0x0, 0x2, 0xff, 0xff, 0xff, 0xff,
    0xff, 0xff, 0xfe, 0x10, 0xb, 0xff, 0xff, 0xff,
    0xff, 0xff, 0xff, 0xff, 0x90, 0x3f, 0xff, 0xff,
    0xff, 0xff, 0xff, 0xff, 0xff, 0xf1, 0x8f, 0xff,
    0xff, 0xff, 0xff, 0xff, 0xff, 0xff, 0xf6, 0xcf,
    0xff, 0xff, 0xff, 0xff, 0xff, 0xff, 0xff, 0xfa,
    0xef, 0xfb, 0xaf, 0xff, 0xff, 0xff, 0xff, 0xff,
    0xfc, 0xff, 0xf4, 0x1f, 0xff, 0xff, 0xff, 0xff,
    0xff, 0xfd, 0xef, 0xf6, 0xe, 0xff, 0xff, 0xff,
    0xff, 0xff, 0xfc, 0xbf, 0xfb, 0x6, 0xff, 0xff,
    0xff, 0xff, 0xff, 0xf8, 0x6f, 0xff, 0x40, 0x6f,
    0xff, 0xff, 0xff, 0xff, 0xf4, 0xe, 0xff, 0xf3,
    0x0, 0x3a, 0xff, 0xff, 0xff, 0xc0, 0x4, 0xff,
    0xff, 0x93, 0x7, 0xff, 0xff, 0xff, 0x30, 0x0,
    0x7f, 0xff, 0xff, 0xff, 0xff, 0xff, 0xf5, 0x0,
    0x0, 0x5, 0xff, 0xff, 0xff, 0xff, 0xfe, 0x40,
    0x0, 0x0, 0x0, 0x18, 0xef, 0xff, 0xfd, 0x80,
    0x0, 0x0, 0x0, 0x0, 0x0, 0x1, 0x33, 0x10,
    0x0, 0x0, 0x0,

    /* U+F048 "" */
    0x0, 0x0, 0x0, 0x0, 0x0, 0x0, 0x0, 0x0,
    0xa, 0xff, 0xd0, 0x0, 0x0, 0x0, 0x0, 0x5f,
    0xd2, 0xbf, 0xfe, 0x0, 0x0, 0x0, 0x0, 0x6f,
    0xff, 0x7b, 0xff, 0xe0, 0x0, 0x0, 0x0, 0x7f,
    0xff, 0xf8, 0xbf, 0xfe, 0x0, 0x0, 0x0, 0x9f,
    0xff, 0xff, 0x8b, 0xff, 0xe0, 0x0, 0x0, 0xaf,
    0xff, 0xff, 0xf8, 0xbf, 0xfe, 0x0, 0x0, 0xbf,
    0xff, 0xff, 0xff, 0x8b, 0xff, 0xe0, 0x1, 0xcf,
    0xff, 0xff, 0xff, 0xf8, 0xbf, 0xfe, 0x1, 0xdf,
    0xff, 0xff, 0xff, 0xff, 0x8b, 0xff, 0xe2, 0xdf,
    0xff, 0xff, 0xff, 0xff, 0xf8, 0xbf, 0xff, 0xef,
    0xff, 0xff, 0xff, 0xff, 0xff, 0x8b, 0xff, 0xff,
    0xff, 0xff, 0xff, 0xff, 0xff, 0xf8, 0xbf, 0xff,
    0xff, 0xff, 0xff, 0xff, 0xff, 0xff, 0x8b, 0xff,
    0xff, 0xff, 0xff, 0xff, 0xff, 0xff, 0xf8, 0xbf,
    0xff, 0xbf, 0xff, 0xff, 0xff, 0xff, 0xff, 0x8b,
    0xff, 0xe0, 0xaf, 0xff, 0xff, 0xff, 0xff, 0xf8,
    0xbf, 0xfe, 0x0, 0x9f, 0xff, 0xff, 0xff, 0xff,
    0x8b, 0xff, 0xe0, 0x0, 0x7f, 0xff, 0xff, 0xff,
    0xf8, 0xbf, 0xfe, 0x0, 0x0, 0x6f, 0xff, 0xff,
    0xff, 0x8b, 0xff, 0xe0, 0x0, 0x0, 0x5f, 0xff,
    0xff, 0xf8, 0xbf, 0xfe, 0x0, 0x0, 0x0, 0x4f,
    0xff, 0xff, 0x8b, 0xff, 0xe0, 0x0, 0x0, 0x0,
    0x3e, 0xff, 0xf8, 0xbf, 0xfe, 0x0, 0x0, 0x0,
    0x0, 0x2e, 0xff, 0x66, 0xbb, 0x80, 0x0, 0x0,
    0x0, 0x0, 0x1a, 0x80, 0x0, 0x0, 0x0, 0x0,
    0x0, 0x0, 0x0, 0x0, 0x0,

    /* U+F04B "" */
    0x0, 0x0, 0x0, 0x0, 0x0, 0x0, 0x0, 0x0,
    0x0, 0x0, 0x0, 0x0, 0x8b, 0x70, 0x0, 0x0,
    0x0, 0x0, 0x0, 0x0, 0x0, 0x0, 0x0, 0xbf,
    0xff, 0xd4, 0x0, 0x0, 0x0, 0x0, 0x0, 0x0,
    0x0, 0x0, 0xf, 0xff, 0xff, 0xfb, 0x20, 0x0,
    0x0, 0x0, 0x0, 0x0, 0x0, 0x0, 0xff, 0xff,
    0xff, 0xff, 0x80, 0x0, 0x0, 0x0, 0x0, 0x0,
    0x0, 0xf, 0xff, 0xff, 0xff, 0xff, 0xe5, 0x0,
    0x0, 0x0, 0x0, 0x0, 0x0, 0xff, 0xff, 0xff,
    0xff, 0xff, 0xfc, 0x20, 0x0, 0x0, 0x0, 0x0,
    0xf, 0xff, 0xff, 0xff, 0xff, 0xff, 0xff, 0x91,
    0x0, 0x0, 0x0, 0x0, 0xff, 0xff, 0xff, 0xff,
    0xff, 0xff, 0xff, 0xe6, 0x0, 0x0, 0x0, 0xf,
    0xff, 0xff, 0xff, 0xff, 0xff, 0xff, 0xff, 0xfc,
    0x30, 0x0, 0x0, 0xff, 0xff, 0xff, 0xff, 0xff,
    0xff, 0xff, 0xff, 0xff, 0x91, 0x0, 0xf, 0xff,
    0xff, 0xff, 0xff, 0xff, 0xff, 0xff, 0xff, 0xff,
    0xf6, 0x0, 0xff, 0xff, 0xff, 0xff, 0xff, 0xff,
    0xff, 0xff, 0xff, 0xff, 0xfc, 0x1f, 0xff, 0xff,
    0xff, 0xff, 0xff, 0xff, 0xff, 0xff, 0xff, 0xff,
    0xf9, 0xff, 0xff, 0xff, 0xff, 0xff, 0xff, 0xff,
    0xff, 0xff, 0xff, 0xff, 0xbf, 0xff, 0xff, 0xff,
    0xff, 0xff, 0xff, 0xff, 0xff, 0xff, 0xff, 0xf5,
    0xff, 0xff, 0xff, 0xff, 0xff, 0xff, 0xff, 0xff,
    0xff, 0xff, 0xe5, 0xf, 0xff, 0xff, 0xff, 0xff,
    0xff, 0xff, 0xff, 0xff, 0xff, 0x80, 0x0, 0xff,
    0xff, 0xff, 0xff, 0xff, 0xff, 0xff, 0xff, 0xfb,
    0x20, 0x0, 0xf, 0xff, 0xff, 0xff, 0xff, 0xff,
    0xff, 0xff, 0xd4, 0x0, 0x0, 0x0, 0xff, 0xff,
    0xff, 0xff, 0xff, 0xff, 0xff, 0x70, 0x0, 0x0,
    0x0, 0xf, 0xff, 0xff, 0xff, 0xff, 0xff, 0xfa,
    0x10, 0x0, 0x0, 0x0, 0x0, 0xff, 0xff, 0xff,
    0xff, 0xff, 0xd4, 0x0, 0x0, 0x0, 0x0, 0x0,
    0xf, 0xff, 0xff, 0xff, 0xff, 0x70, 0x0, 0x0,
    0x0, 0x0, 0x0, 0x0, 0xff, 0xff, 0xff, 0xf9,
    0x10, 0x0, 0x0, 0x0, 0x0, 0x0, 0x0, 0xe,
    0xff, 0xff, 0xc3, 0x0, 0x0, 0x0, 0x0, 0x0,
    0x0, 0x0, 0x0, 0x4f, 0xfe, 0x60, 0x0, 0x0,
    0x0, 0x0, 0x0, 0x0, 0x0, 0x0, 0x0, 0x13,
    0x0, 0x0, 0x0, 0x0, 0x0, 0x0, 0x0, 0x0,
    0x0, 0x0,

    /* U+F04C "" */
    0x0, 0x0, 0x0, 0x0, 0x0, 0x0, 0x0, 0x0,
    0x0, 0x0, 0x0, 0x2, 0xcf, 0xff, 0xff, 0xfa,
    0x0, 0x0, 0x2c, 0xff, 0xff, 0xff, 0xa0, 0xcf,
    0xff, 0xff, 0xff, 0xf8, 0x0, 0xc, 0xff, 0xff,
    0xff, 0xff, 0x8f, 0xff, 0xff, 0xff, 0xff, 0xb0,
    0x0, 0xff, 0xff, 0xff, 0xff, 0xfb, 0xff, 0xff,
    0xff, 0xff, 0xfc, 0x0, 0xf, 0xff, 0xff, 0xff,
    0xff, 0xcf, 0xff, 0xff, 0xff, 0xff, 0xc0, 0x0,
    0xff, 0xff, 0xff, 0xff, 0xfc, 0xff, 0xff, 0xff,
    0xff, 0xfc, 0x0, 0xf, 0xff, 0xff, 0xff, 0xff,
    0xcf, 0xff, 0xff, 0xff, 0xff, 0xc0, 0x0, 0xff,
    0xff, 0xff, 0xff, 0xfc, 0xff, 0xff, 0xff, 0xff,
    0xfc, 0x0, 0xf, 0xff, 0xff, 0xff, 0xff, 0xcf,
    0xff, 0xff, 0xff, 0xff, 0xc0, 0x0, 0xff, 0xff,
    0xff, 0xff, 0xfc, 0xff, 0xff, 0xff, 0xff, 0xfc,
    0x0, 0xf, 0xff, 0xff, 0xff, 0xff, 0xcf, 0xff,
    0xff, 0xff, 0xff, 0xc0, 0x0, 0xff, 0xff, 0xff,
    0xff, 0xfc, 0xff, 0xff, 0xff, 0xff, 0xfc, 0x0,
    0xf, 0xff, 0xff, 0xff, 0xff, 0xcf, 0xff, 0xff,
    0xff, 0xff, 0xc0, 0x0, 0xff, 0xff, 0xff, 0xff,
    0xfc, 0xff, 0xff, 0xff, 0xff, 0xfc, 0x0, 0xf,
    0xff, 0xff, 0xff, 0xff, 0xcf, 0xff, 0xff, 0xff,
    0xff, 0xc0, 0x0, 0xff, 0xff, 0xff, 0xff, 0xfc,
    0xff, 0xff, 0xff, 0xff, 0xfc, 0x0, 0xf, 0xff,
    0xff, 0xff, 0xff, 0xcf, 0xff, 0xff, 0xff, 0xff,
    0xc0, 0x0, 0xff, 0xff, 0xff, 0xff, 0xfc, 0xff,
    0xff, 0xff, 0xff, 0xfc, 0x0, 0xf, 0xff, 0xff,
    0xff, 0xff, 0xcf, 0xff, 0xff, 0xff, 0xff, 0xc0,
    0x0, 0xff, 0xff, 0xff, 0xff, 0xfc, 0xff, 0xff,
    0xff, 0xff, 0xfc, 0x0, 0xf, 0xff, 0xff, 0xff,
    0xff, 0xcf, 0xff, 0xff, 0xff, 0xff, 0xb0, 0x0,
    0xff, 0xff, 0xff, 0xff, 0xfb, 0x9f, 0xff, 0xff,
    0xff, 0xf5, 0x0, 0x9, 0xff, 0xff, 0xff, 0xff,
    0x50, 0x7a, 0xbb, 0xbb, 0xa5, 0x0, 0x0, 0x7,
    0xab, 0xbb, 0xba, 0x50,

    /* U+F04D "" */
    0x0, 0x0, 0x0, 0x0, 0x0, 0x0, 0x0, 0x0,
    0x0, 0x0, 0x0, 0x2, 0xcf, 0xff, 0xff, 0xff,
    0xff, 0xff, 0xff, 0xff, 0xff, 0xff, 0xa0, 0xcf,
    0xff, 0xff, 0xff, 0xff, 0xff, 0xff, 0xff, 0xff,
    0xff, 0xff, 0x8f, 0xff, 0xff, 0xff, 0xff, 0xff,
    0xff, 0xff, 0xff, 0xff, 0xff, 0xfb, 0xff, 0xff,
    0xff, 0xff, 0xff, 0xff, 0xff, 0xff, 0xff, 0xff,
    0xff, 0xcf, 0xff, 0xff, 0xff, 0xff, 0xff, 0xff,
    0xff, 0xff, 0xff, 0xff, 0xfc, 0xff, 0xff, 0xff,
    0xff, 0xff, 0xff, 0xff, 0xff, 0xff, 0xff, 0xff,
    0xcf, 0xff, 0xff, 0xff, 0xff, 0xff, 0xff, 0xff,
    0xff, 0xff, 0xff, 0xfc, 0xff, 0xff, 0xff, 0xff,
    0xff, 0xff, 0xff, 0xff, 0xff, 0xff, 0xff, 0xcf,
    0xff, 0xff, 0xff, 0xff, 0xff, 0xff, 0xff, 0xff,
    0xff, 0xff, 0xfc, 0xff, 0xff, 0xff, 0xff, 0xff,
    0xff, 0xff, 0xff, 0xff, 0xff, 0xff, 0xcf, 0xff,
    0xff, 0xff, 0xff, 0xff, 0xff, 0xff, 0xff, 0xff,
    0xff, 0xfc, 0xff, 0xff, 0xff, 0xff, 0xff, 0xff,
    0xff, 0xff, 0xff, 0xff, 0xff, 0xcf, 0xff, 0xff,
    0xff, 0xff, 0xff, 0xff, 0xff, 0xff, 0xff, 0xff,
    0xfc, 0xff, 0xff, 0xff, 0xff, 0xff, 0xff, 0xff,
    0xff, 0xff, 0xff, 0xff, 0xcf, 0xff, 0xff, 0xff,
    0xff, 0xff, 0xff, 0xff, 0xff, 0xff, 0xff, 0xfc,
    0xff, 0xff, 0xff, 0xff, 0xff, 0xff, 0xff, 0xff,
    0xff, 0xff, 0xff, 0xcf, 0xff, 0xff, 0xff, 0xff,
    0xff, 0xff, 0xff, 0xff, 0xff, 0xff, 0xfc, 0xff,
    0xff, 0xff, 0xff, 0xff, 0xff, 0xff, 0xff, 0xff,
    0xff, 0xff, 0xcf, 0xff, 0xff, 0xff, 0xff, 0xff,
    0xff, 0xff, 0xff, 0xff, 0xff, 0xfc, 0xff, 0xff,
    0xff, 0xff, 0xff, 0xff, 0xff, 0xff, 0xff, 0xff,
    0xff, 0xcf, 0xff, 0xff, 0xff, 0xff, 0xff, 0xff,
    0xff, 0xff, 0xff, 0xff, 0xfb, 0x9f, 0xff, 0xff,
    0xff, 0xff, 0xff, 0xff, 0xff, 0xff, 0xff, 0xff,
    0x50, 0x7a, 0xbb, 0xbb, 0xbb, 0xbb, 0xbb, 0xbb,
    0xbb, 0xbb, 0xba, 0x50,

    /* U+F051 "" */
    0x0, 0x0, 0x0, 0x0, 0x0, 0x0, 0x0, 0x0,
    0x3, 0xee, 0x30, 0x0, 0x0, 0x0, 0x0, 0xff,
    0xf8, 0xaf, 0xff, 0x40, 0x0, 0x0, 0x0, 0x1f,
    0xff, 0x9a, 0xff, 0xff, 0x50, 0x0, 0x0, 0x1,
    0xff, 0xf9, 0xaf, 0xff, 0xff, 0x70, 0x0, 0x0,
    0x1f, 0xff, 0x9a, 0xff, 0xff, 0xff, 0x80, 0x0,
    0x1, 0xff, 0xf9, 0xaf, 0xff, 0xff, 0xff, 0x90,
    0x0, 0x1f, 0xff, 0x9a, 0xff, 0xff, 0xff, 0xff,
    0xa0, 0x1, 0xff, 0xf9, 0xaf, 0xff, 0xff, 0xff,
    0xff, 0xb0, 0x1f, 0xff, 0x9a, 0xff, 0xff, 0xff,
    0xff, 0xff, 0xc2, 0xff, 0xf9, 0xaf, 0xff, 0xff,
    0xff, 0xff, 0xff, 0xef, 0xff, 0x9a, 0xff, 0xff,
    0xff, 0xff, 0xff, 0xff, 0xff, 0xf9, 0xaf, 0xff,
    0xff, 0xff, 0xff, 0xff, 0xff, 0xff, 0x9a, 0xff,
    0xff, 0xff, 0xff, 0xff, 0xff, 0xff, 0xf9, 0xaf,
    0xff, 0xff, 0xff, 0xff, 0xff, 0x9f, 0xff, 0x9a,
    0xff, 0xff, 0xff, 0xff, 0xff, 0x71, 0xff, 0xf9,
    0xaf, 0xff, 0xff, 0xff, 0xff, 0x60, 0x1f, 0xff,
    0x9a, 0xff, 0xff, 0xff, 0xff, 0x50, 0x1, 0xff,
    0xf9, 0xaf, 0xff, 0xff, 0xff, 0x40, 0x0, 0x1f,
    0xff, 0x9a, 0xff, 0xff, 0xfe, 0x30, 0x0, 0x1,
    0xff, 0xf9, 0xaf, 0xff, 0xfe, 0x20, 0x0, 0x0,
    0x1f, 0xff, 0x9a, 0xff, 0xfd, 0x10, 0x0, 0x0,
    0x1, 0xff, 0xf9, 0x8f, 0xfc, 0x10, 0x0, 0x0,
    0x0, 0x1f, 0xff, 0x91, 0x99, 0x0, 0x0, 0x0,
    0x0, 0x0, 0xab, 0xb5, 0x0, 0x0, 0x0, 0x0,
    0x0, 0x0, 0x0, 0x0, 0x0,

    /* U+F052 "" */
    0x0, 0x0, 0x0, 0x0, 0x0, 0x0, 0x0, 0x0,
    0x0, 0x0, 0x0, 0x0, 0x0, 0x0, 0x0, 0x0,
    0x0, 0x2, 0xdf, 0xb1, 0x0, 0x0, 0x0, 0x0,
    0x0, 0x0, 0x0, 0x0, 0x0, 0x2, 0xef, 0xff,
    0xc0, 0x0, 0x0, 0x0, 0x0, 0x0, 0x0, 0x0,
    0x0, 0x1, 0xef, 0xff, 0xff, 0xb0, 0x0, 0x0,
    0x0, 0x0, 0x0, 0x0, 0x0, 0x1, 0xdf, 0xff,
    0xff, 0xff, 0xa0, 0x0, 0x0, 0x0, 0x0, 0x0,
    0x0, 0x0, 0xcf, 0xff, 0xff, 0xff, 0xff, 0x90,
    0x0, 0x0, 0x0, 0x0, 0x0, 0x0, 0xbf, 0xff,
    0xff, 0xff, 0xff, 0xff, 0x70, 0x0, 0x0, 0x0,
    0x0, 0x0, 0xaf, 0xff, 0xff, 0xff, 0xff, 0xff,
    0xff, 0x60, 0x0, 0x0, 0x0, 0x0, 0x9f, 0xff,
    0xff, 0xff, 0xff, 0xff, 0xff, 0xff, 0x50, 0x0,
    0x0, 0x0, 0x7f, 0xff, 0xff, 0xff, 0xff, 0xff,
    0xff, 0xff, 0xff, 0x40, 0x0, 0x0, 0x6f, 0xff,
    0xff, 0xff, 0xff, 0xff, 0xff, 0xff, 0xff, 0xff,
    0x30, 0x0, 0x5f, 0xff, 0xff, 0xff, 0xff, 0xff,
    0xff, 0xff, 0xff, 0xff, 0xfe, 0x20, 0xe, 0xff,
    0xff, 0xff, 0xff, 0xff, 0xff, 0xff, 0xff, 0xff,
    0xff, 0xfa, 0x0, 0xff, 0xff, 0xff, 0xff, 0xff,
    0xff, 0xff, 0xff, 0xff, 0xff, 0xff, 0xa0, 0x8,
    0xff, 0xff, 0xff, 0xff, 0xff, 0xff, 0xff, 0xff,
    0xff, 0xff, 0xf4, 0x0, 0x6, 0x99, 0x99, 0x99,
    0x99, 0x99, 0x99, 0x99, 0x99, 0x99, 0x84, 0x0,
    0x0, 0x0, 0x0, 0x0, 0x0, 0x0, 0x0, 0x0,
    0x0, 0x0, 0x0, 0x0, 0x0, 0x6e, 0xff, 0xff,
    0xff, 0xff, 0xff, 0xff, 0xff, 0xff, 0xff, 0xfd,
    0x30, 0xf, 0xff, 0xff, 0xff, 0xff, 0xff, 0xff,
    0xff, 0xff, 0xff, 0xff, 0xfb, 0x0, 0xff, 0xff,
    0xff, 0xff, 0xff, 0xff, 0xff, 0xff, 0xff, 0xff,
    0xff, 0xc0, 0xf, 0xff, 0xff, 0xff, 0xff, 0xff,
    0xff, 0xff, 0xff, 0xff, 0xff, 0xfc, 0x0, 0xff,
    0xff, 0xff, 0xff, 0xff, 0xff, 0xff, 0xff, 0xff,
    0xff, 0xff, 0xb0, 0xd, 0xff, 0xff, 0xff, 0xff,
    0xff, 0xff, 0xff, 0xff, 0xff, 0xff, 0xf9, 0x0,
    0x28, 0x88, 0x88, 0x88, 0x88, 0x88, 0x88, 0x88,
    0x88, 0x88, 0x87, 0x0,

    /* U+F053 "" */
    0x0, 0x0, 0x0, 0x0, 0x0, 0x5c, 0x50, 0x0,
    0x0, 0x0, 0x0, 0x6, 0xff, 0xf5, 0x0, 0x0,
    0x0, 0x0, 0x6f, 0xff, 0xfc, 0x0, 0x0, 0x0,
    0x6, 0xff, 0xff, 0xf5, 0x0, 0x0, 0x0, 0x6f,
    0xff, 0xff, 0x60, 0x0, 0x0, 0x6, 0xff, 0xff,
    0xf6, 0x0, 0x0, 0x0, 0x5f, 0xff, 0xff, 0x60,
    0x0, 0x0, 0x5, 0xff, 0xff, 0xf6, 0x0, 0x0,
    0x0, 0x5f, 0xff, 0xff, 0x60, 0x0, 0x0, 0x5,
    0xff, 0xff, 0xf6, 0x0, 0x0, 0x0, 0x4f, 0xff,
    0xff, 0x60, 0x0, 0x0, 0x0, 0x8f, 0xff, 0xfe,
    0x10, 0x0, 0x0, 0x0, 0xc, 0xff, 0xff, 0xd1,
    0x0, 0x0, 0x0, 0x0, 0xcf, 0xff, 0xfd, 0x10,
    0x0, 0x0, 0x0, 0xc, 0xff, 0xff, 0xd1, 0x0,
    0x0, 0x0, 0x0, 0xcf, 0xff, 0xfd, 0x10, 0x0,
    0x0, 0x0, 0xc, 0xff, 0xff, 0xd1, 0x0, 0x0,
    0x0, 0x0, 0xcf, 0xff, 0xfd, 0x10, 0x0, 0x0,
    0x0, 0xc, 0xff, 0xff, 0xd1, 0x0, 0x0, 0x0,
    0x0, 0xcf, 0xff, 0xfb, 0x0, 0x0, 0x0, 0x0,
    0xc, 0xff, 0xfa, 0x0, 0x0, 0x0, 0x0, 0x0,
    0xcf, 0xb0, 0x0, 0x0, 0x0, 0x0, 0x0, 0x3,
    0x0,

    /* U+F054 "" */
    0x2, 0xc8, 0x0, 0x0, 0x0, 0x0, 0x0, 0x2e,
    0xff, 0x90, 0x0, 0x0, 0x0, 0x0, 0x8f, 0xff,
    0xf9, 0x0, 0x0, 0x0, 0x0, 0x2e, 0xff, 0xff,
    0x90, 0x0, 0x0, 0x0, 0x3, 0xef, 0xff, 0xf9,
    0x0, 0x0, 0x0, 0x0, 0x3e, 0xff, 0xff, 0x90,
    0x0, 0x0, 0x0, 0x3, 0xef, 0xff, 0xf9, 0x0,
    0x0, 0x0, 0x0, 0x3e, 0xff, 0xff, 0x90, 0x0,
    0x0, 0x0, 0x3, 0xef, 0xff, 0xf9, 0x0, 0x0,
    0x0, 0x0, 0x3e, 0xff, 0xff, 0x90, 0x0, 0x0,
    0x0, 0x3, 0xef, 0xff, 0xf8, 0x0, 0x0, 0x0,
    0x0, 0xbf, 0xff, 0xfc, 0x0, 0x0, 0x0, 0xa,
    0xff, 0xff, 0xe2, 0x0, 0x0, 0x0, 0xaf, 0xff,
    0xfe, 0x20, 0x0, 0x0, 0xa, 0xff, 0xff, 0xe2,
    0x0, 0x0, 0x0, 0xaf, 0xff, 0xfe, 0x20, 0x0,
    0x0, 0xa, 0xff, 0xff, 0xe2, 0x0, 0x0, 0x0,
    0xaf, 0xff, 0xfe, 0x20, 0x0, 0x0, 0xa, 0xff,
    0xff, 0xe2, 0x0, 0x0, 0x0, 0x7f, 0xff, 0xfe,
    0x20, 0x0, 0x0, 0x0, 0x6f, 0xff, 0xe2, 0x0,
    0x0, 0x0, 0x0, 0x8, 0xfe, 0x20, 0x0, 0x0,
    0x0, 0x0, 0x0, 0x31, 0x0, 0x0, 0x0, 0x0,
    0x0,

    /* U+F067 "" */
    0x0, 0x0, 0x0, 0x0, 0x0, 0x12, 0x10, 0x0,
    0x0, 0x0, 0x0, 0x0, 0x0, 0x0, 0x0, 0x0,
    0x9f, 0xff, 0x60, 0x0, 0x0, 0x0, 0x0, 0x0,
    0x0, 0x0, 0x0, 0xf, 0xff, 0xfc, 0x0, 0x0,
    0x0, 0x0, 0x0, 0x0, 0x0, 0x0, 0x1, 0xff,
    0xff, 0xd0, 0x0, 0x0, 0x0, 0x0, 0x0, 0x0,
    0x0, 0x0, 0x1f, 0xff, 0xfd, 0x0, 0x0, 0x0,
    0x0, 0x0, 0x0, 0x0, 0x0, 0x1, 0xff, 0xff,
    0xd0, 0x0, 0x0, 0x0, 0x0, 0x0, 0x0, 0x0,
    0x0, 0x1f, 0xff, 0xfd, 0x0, 0x0, 0x0, 0x0,
    0x0, 0x0, 0x0, 0x0, 0x1, 0xff, 0xff, 0xd0,
    0x0, 0x0, 0x0, 0x0, 0x0, 0x0, 0x0, 0x0,
    0x1f, 0xff, 0xfd, 0x0, 0x0, 0x0, 0x0, 0x0,
    0x23, 0x33, 0x33, 0x33, 0xff, 0xff, 0xd3, 0x33,
    0x33, 0x33, 0x10, 0x9f, 0xff, 0xff, 0xff, 0xff,
    0xff, 0xff, 0xff, 0xff, 0xff, 0xff, 0x5f, 0xff,
    0xff, 0xff, 0xff, 0xff, 0xff, 0xff, 0xff, 0xff,
    0xff, 0xfb, 0xff, 0xff, 0xff, 0xff, 0xff, 0xff,
    0xff, 0xff, 0xff, 0xff, 0xff, 0xce, 0xff, 0xff,
    0xff, 0xff, 0xff, 0xff, 0xff, 0xff, 0xff, 0xff,
    0xfa, 0x3a, 0xbb, 0xbb, 0xbb, 0xbf, 0xff, 0xff,
    0xbb, 0xbb, 0xbb, 0xb9, 0x10, 0x0, 0x0, 0x0,
    0x1, 0xff, 0xff, 0xd0, 0x0, 0x0, 0x0, 0x0,
    0x0, 0x0, 0x0, 0x0, 0x1f, 0xff, 0xfd, 0x0,
    0x0, 0x0, 0x0, 0x0, 0x0, 0x0, 0x0, 0x1,
    0xff, 0xff, 0xd0, 0x0, 0x0, 0x0, 0x0, 0x0,
    0x0, 0x0, 0x0, 0x1f, 0xff, 0xfd, 0x0, 0x0,
    0x0, 0x0, 0x0, 0x0, 0x0, 0x0, 0x1, 0xff,
    0xff, 0xd0, 0x0, 0x0, 0x0, 0x0, 0x0, 0x0,
    0x0, 0x0, 0x1f, 0xff, 0xfd, 0x0, 0x0, 0x0,
    0x0, 0x0, 0x0, 0x0, 0x0, 0x1, 0xff, 0xff,
    0xd0, 0x0, 0x0, 0x0, 0x0, 0x0, 0x0, 0x0,
    0x0, 0xe, 0xff, 0xfa, 0x0, 0x0, 0x0, 0x0,
    0x0, 0x0, 0x0, 0x0, 0x0, 0x39, 0xa8, 0x10,
    0x0, 0x0, 0x0, 0x0,

    /* U+F068 "" */
    0x0, 0x0, 0x0, 0x0, 0x0, 0x0, 0x0, 0x0,
    0x0, 0x0, 0x0, 0x7, 0xff, 0xff, 0xff, 0xff,
    0xff, 0xff, 0xff, 0xff, 0xff, 0xff, 0xf4, 0xff,
    0xff, 0xff, 0xff, 0xff, 0xff, 0xff, 0xff, 0xff,
    0xff, 0xff, 0xbf, 0xff, 0xff, 0xff, 0xff, 0xff,
    0xff, 0xff, 0xff, 0xff, 0xff, 0xfc, 0xef, 0xff,
    0xff, 0xff, 0xff, 0xff, 0xff, 0xff, 0xff, 0xff,
    0xff, 0xa4, 0xcd, 0xdd, 0xdd, 0xdd, 0xdd, 0xdd,
    0xdd, 0xdd, 0xdd, 0xdd, 0xb2,

    /* U+F06E "" */
    0x0, 0x0, 0x0, 0x0, 0x0, 0x2, 0x56, 0x77,
    0x53, 0x0, 0x0, 0x0, 0x0, 0x0, 0x0, 0x0,
    0x0, 0x0, 0x0, 0x49, 0xff, 0xff, 0xff, 0xff,
    0xfb, 0x50, 0x0, 0x0, 0x0, 0x0, 0x0, 0x0,
    0x0, 0x3c, 0xff, 0xff, 0xff, 0xff, 0xff, 0xff,
    0xfe, 0x50, 0x0, 0x0, 0x0, 0x0, 0x0, 0x9,
    0xff, 0xff, 0xfa, 0x40, 0x0, 0x38, 0xff, 0xff,
    0xfb, 0x10, 0x0, 0x0, 0x0, 0x1, 0xcf, 0xff,
    0xfe, 0x30, 0x0, 0x0, 0x0, 0x1c, 0xff, 0xff,
    0xe3, 0x0, 0x0, 0x0, 0x1d, 0xff, 0xff, 0xe2,
    0x0, 0x3, 0x98, 0x30, 0x0, 0xcf, 0xff, 0xff,
    0x30, 0x0, 0x0, 0xcf, 0xff, 0xff, 0x50, 0x0,
    0x4, 0xff, 0xfa, 0x0, 0x2f, 0xff, 0xff, 0xe2,
    0x0, 0x9, 0xff, 0xff, 0xfd, 0x0, 0x0, 0x4,
    0xff, 0xff, 0xa0, 0x9, 0xff, 0xff, 0xfd, 0x0,
    0x3f, 0xff, 0xff, 0xf8, 0x0, 0x0, 0xb, 0xff,
    0xff, 0xf2, 0x4, 0xff, 0xff, 0xff, 0x70, 0xcf,
    0xff, 0xff, 0xf6, 0x1, 0xc9, 0xdf, 0xff, 0xff,
    0xf7, 0x2, 0xff, 0xff, 0xff, 0xf1, 0xef, 0xff,
    0xff, 0xf5, 0x3, 0xff, 0xff, 0xff, 0xff, 0xf7,
    0x1, 0xff, 0xff, 0xff, 0xf2, 0x8f, 0xff, 0xff,
    0xf6, 0x1, 0xff, 0xff, 0xff, 0xff, 0xf5, 0x2,
    0xff, 0xff, 0xff, 0xc0, 0xd, 0xff, 0xff, 0xfa,
    0x0, 0xaf, 0xff, 0xff, 0xff, 0xe0, 0x6, 0xff,
    0xff, 0xff, 0x30, 0x3, 0xff, 0xff, 0xff, 0x10,
    0x1d, 0xff, 0xff, 0xff, 0x40, 0xd, 0xff, 0xff,
    0xf7, 0x0, 0x0, 0x5f, 0xff, 0xff, 0xa0, 0x1,
    0x9f, 0xff, 0xb3, 0x0, 0x7f, 0xff, 0xff, 0xa0,
    0x0, 0x0, 0x7, 0xff, 0xff, 0xf8, 0x0, 0x0,
    0x10, 0x0, 0x5, 0xff, 0xff, 0xfa, 0x0, 0x0,
    0x0, 0x0, 0x4e, 0xff, 0xff, 0xb2, 0x0, 0x0,
    0x1, 0x8f, 0xff, 0xff, 0x80, 0x0, 0x0, 0x0,
    0x0, 0x1, 0xbf, 0xff, 0xff, 0xc8, 0x78, 0xbf,
    0xff, 0xff, 0xd4, 0x0, 0x0, 0x0, 0x0, 0x0,
    0x0, 0x3, 0xbf, 0xff, 0xff, 0xff, 0xff, 0xff,
    0xd6, 0x0, 0x0, 0x0, 0x0, 0x0, 0x0, 0x0,
    0x0, 0x2, 0x7a, 0xdf, 0xff, 0xdb, 0x83, 0x0,
    0x0, 0x0, 0x0, 0x0,

    /* U+F070 "" */
    0x9, 0x60, 0x0, 0x0, 0x0, 0x0, 0x0, 0x0,
    0x0, 0x0, 0x0, 0x0, 0x0, 0x0, 0x0, 0x0,
    0x9, 0xff, 0xa0, 0x0, 0x0, 0x0, 0x0, 0x0,
    0x0, 0x0, 0x0, 0x0, 0x0, 0x0, 0x0, 0x0,
    0x0, 0xef, 0xff, 0xd2, 0x0, 0x0, 0x0, 0x0,
    0x0, 0x0, 0x0, 0x0, 0x0, 0x0, 0x0, 0x0,
    0x0, 0x2, 0xdf, 0xff, 0xf5, 0x0, 0x0, 0x0,
    0x25, 0x77, 0x65, 0x20, 0x0, 0x0, 0x0, 0x0,
    0x0, 0x0, 0x0, 0xaf, 0xff, 0xf9, 0x0, 0x5a,
    0xef, 0xff, 0xff, 0xff, 0xe9, 0x30, 0x0, 0x0,
    0x0, 0x0, 0x0, 0x0, 0x7f, 0xff, 0xfc, 0xef,
    0xff, 0xff, 0xff, 0xff, 0xff, 0xff, 0xb2, 0x0,
    0x0, 0x0, 0x0, 0x0, 0x0, 0x3e, 0xff, 0xff,
    0xff, 0xf8, 0x30, 0x1, 0x4b, 0xff, 0xff, 0xf7,
    0x0, 0x0, 0x0, 0x0, 0x0, 0x0, 0x1c, 0xff,
    0xff, 0xe1, 0x0, 0x0, 0x0, 0x5, 0xff, 0xff,
    0xfb, 0x0, 0x0, 0x0, 0x0, 0x0, 0x0, 0x8,
    0xff, 0xff, 0xb1, 0x7, 0x97, 0x10, 0x3, 0xff,
    0xff, 0xfc, 0x0, 0x0, 0x0, 0x0, 0x10, 0x0,
    0x5, 0xff, 0xff, 0xd3, 0xaf, 0xff, 0x50, 0x7,
    0xff, 0xff, 0xfb, 0x0, 0x0, 0x0, 0x1e, 0xa0,
    0x0, 0x2, 0xdf, 0xff, 0xfd, 0xff, 0xff, 0x40,
    0xe, 0xff, 0xff, 0xf7, 0x0, 0x0, 0x9, 0xff,
    0xd2, 0x0, 0x0, 0xaf, 0xff, 0xff, 0xff, 0xfc,
    0x0, 0xaf, 0xff, 0xff, 0xf2, 0x0, 0x2, 0xff,
    0xff, 0xf5, 0x0, 0x0, 0x6f, 0xff, 0xff, 0xff,
    0xf0, 0x8, 0xff, 0xff, 0xff, 0xa0, 0x0, 0x4f,
    0xff, 0xff, 0xf8, 0x0, 0x0, 0x3e, 0xff, 0xff,
    0xff, 0x10, 0x7f, 0xff, 0xff, 0xfc, 0x0, 0x0,
    0xef, 0xff, 0xff, 0xf1, 0x0, 0x0, 0x1b, 0xff,
    0xff, 0xf0, 0x9, 0xff, 0xff, 0xff, 0x60, 0x0,
    0x5, 0xff, 0xff, 0xff, 0x50, 0x0, 0x0, 0x7,
    0xff, 0xff, 0xb1, 0xdf, 0xff, 0xff, 0xc0, 0x0,
    0x0, 0x9, 0xff, 0xff, 0xfc, 0x0, 0x0, 0x0,
    0x4, 0xef, 0xff, 0xef, 0xff, 0xff, 0xe1, 0x0,
    0x0, 0x0, 0xc, 0xff, 0xff, 0xf5, 0x0, 0x0,
    0x0, 0x1, 0xcf, 0xff, 0xff, 0xff, 0xf3, 0x0,
    0x0, 0x0, 0x0, 0xc, 0xff, 0xff, 0xf4, 0x0,
    0x0, 0x0, 0x0, 0x9f, 0xff, 0xff, 0xf4, 0x0,
    0x0, 0x0, 0x0, 0x0, 0x9, 0xff, 0xff, 0xf8,
    0x10, 0x0, 0x0, 0x0, 0x5f, 0xff, 0xfd, 0x20,
    0x0, 0x0, 0x0, 0x0, 0x0, 0x5, 0xef, 0xff,
    0xff, 0xa8, 0x78, 0x0, 0x0, 0x2d, 0xff, 0xff,
    0x50, 0x0, 0x0, 0x0, 0x0, 0x0, 0x0, 0x7e,
    0xff, 0xff, 0xff, 0xfd, 0x20, 0x0, 0xa, 0xff,
    0xff, 0x80, 0x0, 0x0, 0x0, 0x0, 0x0, 0x0,
    0x4, 0x8b, 0xef, 0xfe, 0xc8, 0x0, 0x0, 0x7,
    0xff, 0xff, 0xc1, 0x0, 0x0, 0x0, 0x0, 0x0,
    0x0, 0x0, 0x0, 0x0, 0x0, 0x0, 0x0, 0x0,
    0x3, 0xef, 0xff, 0xe3, 0x0, 0x0, 0x0, 0x0,
    0x0, 0x0, 0x0, 0x0, 0x0, 0x0, 0x0, 0x0,
    0x0, 0x1, 0xcf, 0xff, 0x50, 0x0, 0x0, 0x0,
    0x0, 0x0, 0x0, 0x0, 0x0, 0x0, 0x0, 0x0,
    0x0, 0x0, 0x0, 0x8f, 0xa0, 0x0, 0x0, 0x0,
    0x0, 0x0, 0x0, 0x0, 0x0, 0x0, 0x0, 0x0,
    0x0, 0x0, 0x0, 0x0, 0x20, 0x0,

    /* U+F071 "" */
    0x0, 0x0, 0x0, 0x0, 0x0, 0x0, 0x0, 0x9d,
    0xb2, 0x0, 0x0, 0x0, 0x0, 0x0, 0x0, 0x0,
    0x0, 0x0, 0x0, 0x0, 0x0, 0x0, 0x9f, 0xff,
    0xd0, 0x0, 0x0, 0x0, 0x0, 0x0, 0x0, 0x0,
    0x0, 0x0, 0x0, 0x0, 0x0, 0x2f, 0xff, 0xff,
    0x60, 0x0, 0x0, 0x0, 0x0, 0x0, 0x0, 0x0,
    0x0, 0x0, 0x0, 0x0, 0xb, 0xff, 0xff, 0xfe,
    0x10, 0x0, 0x0, 0x0, 0x0, 0x0, 0x0, 0x0,
    0x0, 0x0, 0x0, 0x5, 0xff, 0xff, 0xff, 0xf9,
    0x0, 0x0, 0x0, 0x0, 0x0, 0x0, 0x0, 0x0,
    0x0, 0x0, 0x0, 0xdf, 0xff, 0xff, 0xff, 0xf2,
    0x0, 0x0, 0x0, 0x0, 0x0, 0x0, 0x0, 0x0,
    0x0, 0x0, 0x7f, 0xff, 0xff, 0xff, 0xff, 0xb0,
    0x0, 0x0, 0x0, 0x0, 0x0, 0x0, 0x0, 0x0,
    0x0, 0x1f, 0xff, 0xff, 0xff, 0xff, 0xff, 0x40,
    0x0, 0x0, 0x0, 0x0, 0x0, 0x0, 0x0, 0x0,
    0x9, 0xff, 0xff, 0xff, 0xff, 0xff, 0xfd, 0x0,
    0x0, 0x0, 0x0, 0x0, 0x0, 0x0, 0x0, 0x3,
    0xff, 0xff, 0x80, 0x0, 0x4f, 0xff, 0xf7, 0x0,
    0x0, 0x0, 0x0, 0x0, 0x0, 0x0, 0x0, 0xcf,
    0xff, 0xf6, 0x0, 0x3, 0xff, 0xff, 0xf1, 0x0,
    0x0, 0x0, 0x0, 0x0, 0x0, 0x0, 0x5f, 0xff,
    0xff, 0x70, 0x0, 0x3f, 0xff, 0xff, 0x90, 0x0,
    0x0, 0x0, 0x0, 0x0, 0x0, 0xe, 0xff, 0xff,
    0xf8, 0x0, 0x4, 0xff, 0xff, 0xff, 0x20, 0x0,
    0x0, 0x0, 0x0, 0x0, 0x7, 0xff, 0xff, 0xff,
    0x90, 0x0, 0x5f, 0xff, 0xff, 0xfb, 0x0, 0x0,
    0x0, 0x0, 0x0, 0x1, 0xff, 0xff, 0xff, 0xfa,
    0x0, 0x6, 0xff, 0xff, 0xff, 0xf5, 0x0, 0x0,
    0x0, 0x0, 0x0, 0xaf, 0xff, 0xff, 0xff, 0xb0,
    0x0, 0x7f, 0xff, 0xff, 0xff, 0xd0, 0x0, 0x0,
    0x0, 0x0, 0x3f, 0xff, 0xff, 0xff, 0xfd, 0x0,
    0x9, 0xff, 0xff, 0xff, 0xff, 0x70, 0x0, 0x0,
    0x0, 0xc, 0xff, 0xff, 0xff, 0xff, 0xfe, 0xee,
    0xff, 0xff, 0xff, 0xff, 0xff, 0x10, 0x0, 0x0,
    0x5, 0xff, 0xff, 0xff, 0xff, 0xff, 0x50, 0x3d,
    0xff, 0xff, 0xff, 0xff, 0xf9, 0x0, 0x0, 0x0,
    0xef, 0xff, 0xff, 0xff, 0xff, 0x80, 0x0, 0x4f,
    0xff, 0xff, 0xff, 0xff, 0xf3, 0x0, 0x0, 0x8f,
    0xff, 0xff, 0xff, 0xff, 0xf5, 0x0, 0x1, 0xff,
    0xff, 0xff, 0xff, 0xff, 0xc0, 0x0, 0x1f, 0xff,
    0xff, 0xff, 0xff, 0xff, 0x90, 0x0, 0x5f, 0xff,
    0xff, 0xff, 0xff, 0xff, 0x50, 0xa, 0xff, 0xff,
    0xff, 0xff, 0xff, 0xff, 0x72, 0x5e, 0xff, 0xff,
    0xff, 0xff, 0xff, 0xfe, 0x0, 0xff, 0xff, 0xff,
    0xff, 0xff, 0xff, 0xff, 0xff, 0xff, 0xff, 0xff,
    0xff, 0xff, 0xff, 0xf3, 0xd, 0xff, 0xff, 0xff,
    0xff, 0xff, 0xff, 0xff, 0xff, 0xff, 0xff, 0xff,
    0xff, 0xff, 0xff, 0x10, 0x4f, 0xff, 0xff, 0xff,
    0xff, 0xff, 0xff, 0xff, 0xff, 0xff, 0xff, 0xff,
    0xff, 0xff, 0x80, 0x0, 0x13, 0x33, 0x33, 0x33,
    0x33, 0x33, 0x33, 0x33, 0x33, 0x33, 0x33, 0x33,
    0x33, 0x10, 0x0,

    /* U+F074 "" */
    0x0, 0x0, 0x0, 0x0, 0x0, 0x0, 0x0, 0x0,
    0x0, 0x0, 0x10, 0x0, 0x0, 0x0, 0x0, 0x0,
    0x0, 0x0, 0x0, 0x0, 0x0, 0x0, 0x4, 0xfd,
    0x10, 0x0, 0x0, 0x0, 0x0, 0x0, 0x0, 0x0,
    0x0, 0x0, 0x0, 0x7, 0xff, 0xd1, 0x0, 0x0,
    0x0, 0x0, 0x0, 0x0, 0x0, 0x0, 0x0, 0x0,
    0x8, 0xff, 0xfd, 0x10, 0xdf, 0xff, 0xff, 0xc1,
    0x0, 0x0, 0x0, 0x3, 0xef, 0xff, 0xff, 0xff,
    0xd1, 0xff, 0xff, 0xff, 0xfc, 0x0, 0x0, 0x0,
    0x3f, 0xff, 0xff, 0xff, 0xff, 0xfc, 0xff, 0xff,
    0xff, 0xff, 0xc0, 0x0, 0x2, 0xef, 0xff, 0xff,
    0xff, 0xff, 0xfd, 0xff, 0xff, 0xff, 0xff, 0xfb,
    0x0, 0x2e, 0xff, 0xff, 0xff, 0xff, 0xff, 0xe2,
    0x1, 0x11, 0x1b, 0xff, 0xfc, 0x1, 0xdf, 0xff,
    0xf8, 0x18, 0xff, 0xfe, 0x20, 0x0, 0x0, 0x0,
    0xcf, 0xd1, 0x1d, 0xff, 0xff, 0x90, 0x8, 0xff,
    0xe2, 0x0, 0x0, 0x0, 0x0, 0xa, 0x10, 0xcf,
    0xff, 0xf9, 0x0, 0x6, 0xfe, 0x20, 0x0, 0x0,
    0x0, 0x0, 0x0, 0xc, 0xff, 0xff, 0xa0, 0x0,
    0x0, 0x41, 0x0, 0x0, 0x0, 0x0, 0x0, 0x0,
    0xbf, 0xff, 0xfb, 0x0, 0x0, 0x0, 0x10, 0x0,
    0x0, 0x0, 0x0, 0x0, 0xa, 0xff, 0xff, 0xc0,
    0x26, 0x0, 0x4, 0xfc, 0x10, 0x0, 0x0, 0x0,
    0x0, 0x9f, 0xff, 0xfc, 0x1, 0xdf, 0x50, 0x7,
    0xff, 0xc1, 0x0, 0x0, 0x0, 0x9, 0xff, 0xff,
    0xd1, 0x1d, 0xff, 0xf5, 0x8, 0xff, 0xfc, 0x10,
    0xde, 0xee, 0xef, 0xff, 0xfd, 0x10, 0x3f, 0xff,
    0xff, 0xef, 0xff, 0xff, 0xc1, 0xff, 0xff, 0xff,
    0xff, 0xe2, 0x0, 0x4, 0xff, 0xff, 0xff, 0xff,
    0xff, 0xfc, 0xff, 0xff, 0xff, 0xfe, 0x20, 0x0,
    0x0, 0x5f, 0xff, 0xff, 0xff, 0xff, 0xfe, 0xff,
    0xff, 0xff, 0xe3, 0x0, 0x0, 0x0, 0x6, 0xff,
    0xff, 0xff, 0xff, 0xe3, 0x12, 0x22, 0x22, 0x10,
    0x0, 0x0, 0x0, 0x0, 0x12, 0x29, 0xff, 0xfe,
    0x30, 0x0, 0x0, 0x0, 0x0, 0x0, 0x0, 0x0,
    0x0, 0x0, 0x8, 0xff, 0xe3, 0x0, 0x0, 0x0,
    0x0, 0x0, 0x0, 0x0, 0x0, 0x0, 0x0, 0x6,
    0xfe, 0x30, 0x0, 0x0, 0x0, 0x0, 0x0, 0x0,
    0x0, 0x0, 0x0, 0x0, 0x0, 0x52, 0x0, 0x0,

    /* U+F077 "" */
    0x0, 0x0, 0x0, 0x0, 0x0, 0x26, 0x0, 0x0,
    0x0, 0x0, 0x0, 0x0, 0x0, 0x0, 0x0, 0x0,
    0x3f, 0xfb, 0x0, 0x0, 0x0, 0x0, 0x0, 0x0,
    0x0, 0x0, 0x0, 0x3f, 0xff, 0xfb, 0x0, 0x0,
    0x0, 0x0, 0x0, 0x0, 0x0, 0x0, 0x3f, 0xff,
    0xff, 0xfb, 0x0, 0x0, 0x0, 0x0, 0x0, 0x0,
    0x0, 0x3f, 0xff, 0xff, 0xff, 0xfb, 0x0, 0x0,
    0x0, 0x0, 0x0, 0x0, 0x3f, 0xff, 0xff, 0xff,
    0xff, 0xfb, 0x0, 0x0, 0x0, 0x0, 0x0, 0x3f,
    0xff, 0xff, 0x91, 0xdf, 0xff, 0xfb, 0x0, 0x0,
    0x0, 0x0, 0x3f, 0xff, 0xff, 0x90, 0x1, 0xdf,
    0xff, 0xfb, 0x0, 0x0, 0x0, 0x3f, 0xff, 0xff,
    0x90, 0x0, 0x1, 0xdf, 0xff, 0xfb, 0x0, 0x0,
    0x3f, 0xff, 0xff, 0x90, 0x0, 0x0, 0x1, 0xdf,
    0xff, 0xfb, 0x0, 0x3f, 0xff, 0xff, 0x90, 0x0,
    0x0, 0x0, 0x1, 0xdf, 0xff, 0xfb, 0xb, 0xff,
    0xff, 0x90, 0x0, 0x0, 0x0, 0x0, 0x1, 0xdf,
    0xff, 0xf5, 0x5f, 0xff, 0x90, 0x0, 0x0, 0x0,
    0x0, 0x0, 0x1, 0xdf, 0xfd, 0x10, 0x6e, 0x80,
    0x0, 0x0, 0x0, 0x0, 0x0, 0x0, 0x1, 0xcc,
    0x10,

    /* U+F078 "" */
    0x1, 0x62, 0x0, 0x0, 0x0, 0x0, 0x0, 0x0,
    0x0, 0x4, 0x40, 0x1, 0xdf, 0xe2, 0x0, 0x0,
    0x0, 0x0, 0x0, 0x0, 0x7, 0xff, 0x70, 0xaf,
    0xff, 0xe2, 0x0, 0x0, 0x0, 0x0, 0x0, 0x7,
    0xff, 0xff, 0x48, 0xff, 0xff, 0xe2, 0x0, 0x0,
    0x0, 0x0, 0x7, 0xff, 0xff, 0xf2, 0xa, 0xff,
    0xff, 0xe2, 0x0, 0x0, 0x0, 0x7, 0xff, 0xff,
    0xf4, 0x0, 0xa, 0xff, 0xff, 0xe2, 0x0, 0x0,
    0x7, 0xff, 0xff, 0xf4, 0x0, 0x0, 0xa, 0xff,
    0xff, 0xe2, 0x0, 0x7, 0xff, 0xff, 0xf4, 0x0,
    0x0, 0x0, 0xa, 0xff, 0xff, 0xe2, 0x7, 0xff,
    0xff, 0xf4, 0x0, 0x0, 0x0, 0x0, 0xa, 0xff,
    0xff, 0xe9, 0xff, 0xff, 0xf4, 0x0, 0x0, 0x0,
    0x0, 0x0, 0xa, 0xff, 0xff, 0xff, 0xff, 0xf4,
    0x0, 0x0, 0x0, 0x0, 0x0, 0x0, 0xa, 0xff,
    0xff, 0xff, 0xf4, 0x0, 0x0, 0x0, 0x0, 0x0,
    0x0, 0x0, 0xa, 0xff, 0xff, 0xf4, 0x0, 0x0,
    0x0, 0x0, 0x0, 0x0, 0x0, 0x0, 0xa, 0xff,
    0xf4, 0x0, 0x0, 0x0, 0x0, 0x0, 0x0, 0x0,
    0x0, 0x0, 0x9, 0xe4, 0x0, 0x0, 0x0, 0x0,
    0x0,

    /* U+F079 "" */
    0x0, 0x0, 0x3, 0xa4, 0x0, 0x0, 0x0, 0x0,
    0x0, 0x0, 0x0, 0x0, 0x0, 0x0, 0x0, 0x0,
    0x0, 0x0, 0x4, 0xff, 0xf4, 0x0, 0x0, 0x0,
    0x0, 0x0, 0x0, 0x0, 0x0, 0x0, 0x0, 0x0,
    0x0, 0x0, 0x4, 0xff, 0xff, 0xf4, 0x0, 0x2d,
    0xff, 0xff, 0xff, 0xff, 0xff, 0xff, 0xd2, 0x0,
    0x0, 0x0, 0x4, 0xff, 0xff, 0xff, 0xf4, 0x5,
    0xff, 0xff, 0xff, 0xff, 0xff, 0xff, 0xff, 0x60,
    0x0, 0x0, 0x4, 0xff, 0xff, 0xff, 0xff, 0xf4,
    0xa, 0xff, 0xff, 0xff, 0xff, 0xff, 0xff, 0xf6,
    0x0, 0x0, 0x4, 0xff, 0xff, 0xff, 0xff, 0xff,
    0xf4, 0x4, 0x44, 0x44, 0x44, 0x44, 0x4e, 0xff,
    0x60, 0x0, 0x0, 0xcf, 0xff, 0x6f, 0xff, 0x6f,
    0xff, 0xc0, 0x0, 0x0, 0x0, 0x0, 0x0, 0xdf,
    0xf6, 0x0, 0x0, 0x6, 0xff, 0x42, 0xff, 0xf2,
    0x4f, 0xf6, 0x0, 0x0, 0x0, 0x0, 0x0, 0xd,
    0xff, 0x60, 0x0, 0x0, 0x3, 0x20, 0x2f, 0xff,
    0x20, 0x23, 0x0, 0x0, 0x0, 0x0, 0x0, 0x0,
    0xdf, 0xf6, 0x0, 0x0, 0x0, 0x0, 0x2, 0xff,
    0xf2, 0x0, 0x0, 0x0, 0x0, 0x0, 0x0, 0x0,
    0xd, 0xff, 0x60, 0x0, 0x0, 0x0, 0x0, 0x2f,
    0xff, 0x20, 0x0, 0x0, 0x0, 0x0, 0x0, 0x0,
    0x0, 0xdf, 0xf6, 0x0, 0x0, 0x0, 0x0, 0x2,
    0xff, 0xf2, 0x0, 0x0, 0x0, 0x0, 0x0, 0x0,
    0x0, 0xd, 0xff, 0x60, 0x0, 0x0, 0x0, 0x0,
    0x2f, 0xff, 0x20, 0x0, 0x0, 0x0, 0x0, 0x0,
    0xbe, 0x40, 0xdf, 0xf6, 0xa, 0xf5, 0x0, 0x0,
    0x2, 0xff, 0xf2, 0x0, 0x0, 0x0, 0x0, 0x0,
    0x7f, 0xff, 0x3d, 0xff, 0x69, 0xff, 0xf1, 0x0,
    0x0, 0x2f, 0xff, 0x20, 0x0, 0x0, 0x0, 0x0,
    0x4, 0xff, 0xfe, 0xef, 0xfd, 0xff, 0xfd, 0x0,
    0x0, 0x2, 0xff, 0xff, 0xff, 0xff, 0xff, 0xff,
    0xf9, 0x5, 0xff, 0xff, 0xff, 0xff, 0xfd, 0x10,
    0x0, 0x0, 0x2f, 0xff, 0xff, 0xff, 0xff, 0xff,
    0xff, 0xf7, 0x5, 0xff, 0xff, 0xff, 0xfd, 0x10,
    0x0, 0x0, 0x0, 0xff, 0xff, 0xff, 0xff, 0xff,
    0xff, 0xff, 0x80, 0x5, 0xff, 0xff, 0xfc, 0x10,
    0x0, 0x0, 0x0, 0x1, 0x44, 0x44, 0x44, 0x44,
    0x44, 0x44, 0x40, 0x0, 0x5, 0xff, 0xfc, 0x10,
    0x0, 0x0, 0x0, 0x0, 0x0, 0x0, 0x0, 0x0,
    0x0, 0x0, 0x0, 0x0, 0x0, 0x5, 0xfc, 0x10,
    0x0, 0x0, 0x0, 0x0, 0x0, 0x0, 0x0, 0x0,
    0x0, 0x0, 0x0, 0x0, 0x0, 0x0, 0x0, 0x0,
    0x0, 0x0, 0x0,

    /* U+F07B "" */
    0x4, 0x78, 0x88, 0x88, 0x88, 0x60, 0x0, 0x0,
    0x0, 0x0, 0x0, 0x0, 0x0, 0x7f, 0xff, 0xff,
    0xff, 0xff, 0xf8, 0x0, 0x0, 0x0, 0x0, 0x0,
    0x0, 0x0, 0xef, 0xff, 0xff, 0xff, 0xff, 0xff,
    0x80, 0x0, 0x0, 0x0, 0x0, 0x0, 0x0, 0xff,
    0xff, 0xff, 0xff, 0xff, 0xff, 0xf9, 0x44, 0x44,
    0x44, 0x44, 0x43, 0x0, 0xff, 0xff, 0xff, 0xff,
    0xff, 0xff, 0xff, 0xff, 0xff, 0xff, 0xff, 0xff,
    0xf4, 0xff, 0xff, 0xff, 0xff, 0xff, 0xff, 0xff,
    0xff, 0xff, 0xff, 0xff, 0xff, 0xfd, 0xff, 0xff,
    0xff, 0xff, 0xff, 0xff, 0xff, 0xff, 0xff, 0xff,
    0xff, 0xff, 0xff, 0xff, 0xff, 0xff, 0xff, 0xff,
    0xff, 0xff, 0xff, 0xff, 0xff, 0xff, 0xff, 0xff,
    0xff, 0xff, 0xff, 0xff, 0xff, 0xff, 0xff, 0xff,
    0xff, 0xff, 0xff, 0xff, 0xff, 0xff, 0xff, 0xff,
    0xff, 0xff, 0xff, 0xff, 0xff, 0xff, 0xff, 0xff,
    0xff, 0xff, 0xff, 0xff, 0xff, 0xff, 0xff, 0xff,
    0xff, 0xff, 0xff, 0xff, 0xff, 0xff, 0xff, 0xff,
    0xff, 0xff, 0xff, 0xff, 0xff, 0xff, 0xff, 0xff,
    0xff, 0xff, 0xff, 0xff, 0xff, 0xff, 0xff, 0xff,
    0xff, 0xff, 0xff, 0xff, 0xff, 0xff, 0xff, 0xff,
    0xff, 0xff, 0xff, 0xff, 0xff, 0xff, 0xff, 0xff,
    0xff, 0xff, 0xff, 0xff, 0xff, 0xff, 0xff, 0xff,
    0xff, 0xff, 0xff, 0xff, 0xff, 0xff, 0xff, 0xff,
    0xff, 0xff, 0xff, 0xff, 0xff, 0xff, 0xff, 0xff,
    0xff, 0xff, 0xff, 0xff, 0xff, 0xff, 0xff, 0xff,
    0xff, 0xff, 0xff, 0xff, 0xff, 0xff, 0xff, 0xff,
    0xff, 0xff, 0xff, 0xff, 0xff, 0xff, 0xff, 0xff,
    0xff, 0xff, 0xff, 0xff, 0xff, 0xff, 0xff, 0xff,
    0xff, 0xff, 0xcf, 0xff, 0xff, 0xff, 0xff, 0xff,
    0xff, 0xff, 0xff, 0xff, 0xff, 0xff, 0xfc, 0x2c,
    0xff, 0xff, 0xff, 0xff, 0xff, 0xff, 0xff, 0xff,
    0xff, 0xff, 0xff, 0xc2,

    /* U+F093 "" */
    0x0, 0x0, 0x0, 0x0, 0x0, 0x0, 0x8b, 0x10,
    0x0, 0x0, 0x0, 0x0, 0x0, 0x0, 0x0, 0x0,
    0x0, 0x0, 0x8, 0xff, 0xd1, 0x0, 0x0, 0x0,
    0x0, 0x0, 0x0, 0x0, 0x0, 0x0, 0x0, 0x8f,
    0xff, 0xfd, 0x10, 0x0, 0x0, 0x0, 0x0, 0x0,
    0x0, 0x0, 0x0, 0x8, 0xff, 0xff, 0xff, 0xd1,
    0x0, 0x0, 0x0, 0x0, 0x0, 0x0, 0x0, 0x0,
    0x8f, 0xff, 0xff, 0xff, 0xfd, 0x10, 0x0, 0x0,
    0x0, 0x0, 0x0, 0x0, 0x8, 0xff, 0xff, 0xff,
    0xff, 0xff, 0xd1, 0x0, 0x0, 0x0, 0x0, 0x0,
    0x0, 0x8f, 0xff, 0xff, 0xff, 0xff, 0xff, 0xfd,
    0x10, 0x0, 0x0, 0x0, 0x0, 0x8, 0xff, 0xff,
    0xff, 0xff, 0xff, 0xff, 0xff, 0xd1, 0x0, 0x0,
    0x0, 0x0, 0x6f, 0xff, 0xff, 0xff, 0xff, 0xff,
    0xff, 0xff, 0xfb, 0x0, 0x0, 0x0, 0x0, 0x4e,
    0xee, 0xee, 0xff, 0xff, 0xff, 0xfe, 0xee, 0xe8,
    0x0, 0x0, 0x0, 0x0, 0x0, 0x0, 0x1, 0xff,
    0xff, 0xff, 0x60, 0x0, 0x0, 0x0, 0x0, 0x0,
    0x0, 0x0, 0x0, 0x1, 0xff, 0xff, 0xff, 0x60,
    0x0, 0x0, 0x0, 0x0, 0x0, 0x0, 0x0, 0x0,
    0x1, 0xff, 0xff, 0xff, 0x60, 0x0, 0x0, 0x0,
    0x0, 0x0, 0x0, 0x0, 0x0, 0x1, 0xff, 0xff,
    0xff, 0x60, 0x0, 0x0, 0x0, 0x0, 0x0, 0x0,
    0x0, 0x0, 0x1, 0xff, 0xff, 0xff, 0x60, 0x0,
    0x0, 0x0, 0x0, 0x0, 0x0, 0x0, 0x0, 0x1,
    0xff, 0xff, 0xff, 0x60, 0x0, 0x0, 0x0, 0x0,
    0x0, 0x0, 0x0, 0x0, 0x1, 0xff, 0xff, 0xff,
    0x60, 0x0, 0x0, 0x0, 0x0, 0x0, 0x0, 0x0,
    0x0, 0x1, 0xff, 0xff, 0xff, 0x60, 0x0, 0x0,
    0x0, 0x0, 0x9f, 0xff, 0xff, 0xff, 0x20, 0xff,
    0xff, 0xff, 0x62, 0xff, 0xff, 0xff, 0xf9, 0xff,
    0xff, 0xff, 0xff, 0x50, 0x7b, 0xbb, 0xb9, 0x15,
    0xff, 0xff, 0xff, 0xff, 0xff, 0xff, 0xff, 0xff,
    0xe2, 0x0, 0x0, 0x0, 0x2e, 0xff, 0xff, 0xff,
    0xff, 0xff, 0xff, 0xff, 0xff, 0xff, 0xba, 0xaa,
    0xab, 0xff, 0xff, 0xff, 0xff, 0xff, 0xff, 0xff,
    0xff, 0xff, 0xff, 0xff, 0xff, 0xff, 0xff, 0xcf,
    0xfd, 0xef, 0xff, 0xff, 0xff, 0xff, 0xff, 0xff,
    0xff, 0xff, 0xff, 0xfc, 0x6, 0xf0, 0x2f, 0xff,
    0xff, 0xff, 0xff, 0xff, 0xff, 0xff, 0xff, 0xff,
    0xfe, 0x4a, 0xf5, 0x7f, 0xff, 0xdf, 0xff, 0xff,
    0xff, 0xff, 0xff, 0xff, 0xff, 0xff, 0xff, 0xff,
    0xff, 0xfd, 0x3, 0x33, 0x33, 0x33, 0x33, 0x33,
    0x33, 0x33, 0x33, 0x33, 0x33, 0x33, 0x30,

    /* U+F095 "" */
    0x0, 0x0, 0x0, 0x0, 0x0, 0x0, 0x0, 0x0,
    0x0, 0x4, 0xb8, 0x41, 0x0, 0x0, 0x0, 0x0,
    0x0, 0x0, 0x0, 0x0, 0x0, 0x0, 0x0, 0xdf,
    0xff, 0xfd, 0x93, 0x0, 0x0, 0x0, 0x0, 0x0,
    0x0, 0x0, 0x0, 0x0, 0x4f, 0xff, 0xff, 0xff,
    0xe0, 0x0, 0x0, 0x0, 0x0, 0x0, 0x0, 0x0,
    0x0, 0xb, 0xff, 0xff, 0xff, 0xff, 0x0, 0x0,
    0x0, 0x0, 0x0, 0x0, 0x0, 0x0, 0x2, 0xff,
    0xff, 0xff, 0xff, 0xe0, 0x0, 0x0, 0x0, 0x0,
    0x0, 0x0, 0x0, 0x0, 0x8f, 0xff, 0xff, 0xff,
    0xfd, 0x0, 0x0, 0x0, 0x0, 0x0, 0x0, 0x0,
    0x0, 0xf, 0xff, 0xff, 0xff, 0xff, 0xb0, 0x0,
    0x0, 0x0, 0x0, 0x0, 0x0, 0x0, 0x1, 0xff,
    0xff, 0xff, 0xff, 0xf8, 0x0, 0x0, 0x0, 0x0,
    0x0, 0x0, 0x0, 0x0, 0x4, 0xef, 0xff, 0xff,
    0xff, 0x40, 0x0, 0x0, 0x0, 0x0, 0x0, 0x0,
    0x0, 0x0, 0x2, 0xdf, 0xff, 0xff, 0xf0, 0x0,
    0x0, 0x0, 0x0, 0x0, 0x0, 0x0, 0x0, 0x0,
    0x1, 0xdf, 0xff, 0xfb, 0x0, 0x0, 0x0, 0x0,
    0x0, 0x0, 0x0, 0x0, 0x0, 0x0, 0x2f, 0xff,
    0xff, 0x50, 0x0, 0x0, 0x0, 0x0, 0x0, 0x0,
    0x0, 0x0, 0x0, 0xb, 0xff, 0xff, 0xe0, 0x0,
    0x0, 0x0, 0x0, 0x0, 0x0, 0x0, 0x0, 0x0,
    0x5, 0xff, 0xff, 0xf6, 0x0, 0x0, 0x0, 0x0,
    0x0, 0x0, 0x0, 0x0, 0x0, 0x3, 0xff, 0xff,
    0xfd, 0x0, 0x0, 0x0, 0x0, 0x0, 0x0, 0x0,
    0x0, 0x0, 0x1, 0xef, 0xff, 0xff, 0x30, 0x0,
    0x0, 0x0, 0x0, 0x6c, 0xb0, 0x0, 0x0, 0x2,
    0xef, 0xff, 0xff, 0x80, 0x0, 0x0, 0x0, 0x28,
    0xef, 0xff, 0xa0, 0x0, 0x4, 0xff, 0xff, 0xff,
    0xb0, 0x0, 0x0, 0x3, 0xbf, 0xff, 0xff, 0xff,
    0x70, 0x1a, 0xff, 0xff, 0xff, 0xc0, 0x0, 0x0,
    0x0, 0xff, 0xff, 0xff, 0xff, 0xff, 0x9f, 0xff,
    0xff, 0xff, 0xd1, 0x0, 0x0, 0x0, 0xd, 0xff,
    0xff, 0xff, 0xff, 0xff, 0xff, 0xff, 0xff, 0xc1,
    0x0, 0x0, 0x0, 0x0, 0x9f, 0xff, 0xff, 0xff,
    0xff, 0xff, 0xff, 0xff, 0x90, 0x0, 0x0, 0x0,
    0x0, 0x6, 0xff, 0xff, 0xff, 0xff, 0xff, 0xff,
    0xfe, 0x50, 0x0, 0x0, 0x0, 0x0, 0x0, 0x2f,
    0xff, 0xff, 0xff, 0xff, 0xff, 0xf8, 0x0, 0x0,
    0x0, 0x0, 0x0, 0x0, 0x0, 0xef, 0xff, 0xff,
    0xff, 0xfd, 0x71, 0x0, 0x0, 0x0, 0x0, 0x0,
    0x0, 0x0, 0x9, 0xff, 0xff, 0xeb, 0x73, 0x0,
    0x0, 0x0, 0x0, 0x0, 0x0, 0x0, 0x0, 0x0,
    0x3, 0x32, 0x0, 0x0, 0x0, 0x0, 0x0, 0x0,
    0x0, 0x0, 0x0, 0x0, 0x0,

    /* U+F0C4 "" */
    0x0, 0x0, 0x10, 0x0, 0x0, 0x0, 0x0, 0x0,
    0x0, 0x0, 0x0, 0x0, 0x0, 0x7e, 0xff, 0xd5,
    0x0, 0x0, 0x0, 0x0, 0x0, 0x24, 0x20, 0x0,
    0xb, 0xff, 0xff, 0xff, 0x70, 0x0, 0x0, 0x0,
    0x1b, 0xff, 0xfd, 0x20, 0x6f, 0xff, 0xff, 0xff,
    0xf2, 0x0, 0x0, 0x1, 0xdf, 0xff, 0xff, 0xa0,
    0xcf, 0xfd, 0x35, 0xff, 0xf8, 0x0, 0x0, 0x1d,
    0xff, 0xff, 0xfd, 0x10, 0xff, 0xf5, 0x0, 0x9f,
    0xfb, 0x0, 0x1, 0xcf, 0xff, 0xff, 0xd1, 0x0,
    0xff, 0xf6, 0x0, 0xaf, 0xfb, 0x0, 0xc, 0xff,
    0xff, 0xfd, 0x10, 0x0, 0xbf, 0xff, 0x89, 0xff,
    0xf8, 0x0, 0xcf, 0xff, 0xff, 0xd1, 0x0, 0x0,
    0x4f, 0xff, 0xff, 0xff, 0xff, 0x4c, 0xff, 0xff,
    0xfd, 0x10, 0x0, 0x0, 0x6, 0xff, 0xff, 0xff,
    0xff, 0xff, 0xff, 0xff, 0xd1, 0x0, 0x0, 0x0,
    0x0, 0x3a, 0xce, 0xff, 0xff, 0xff, 0xff, 0xfd,
    0x10, 0x0, 0x0, 0x0, 0x0, 0x0, 0x0, 0xaf,
    0xff, 0xff, 0xff, 0xd1, 0x0, 0x0, 0x0, 0x0,
    0x0, 0x0, 0x0, 0x1f, 0xff, 0xff, 0xff, 0x60,
    0x0, 0x0, 0x0, 0x0, 0x0, 0x0, 0x12, 0xdf,
    0xff, 0xff, 0xff, 0xf4, 0x0, 0x0, 0x0, 0x0,
    0x0, 0x7e, 0xff, 0xff, 0xff, 0xff, 0xff, 0xff,
    0x40, 0x0, 0x0, 0x0, 0xb, 0xff, 0xff, 0xff,
    0xff, 0xef, 0xff, 0xff, 0xf4, 0x0, 0x0, 0x0,
    0x6f, 0xff, 0xff, 0xff, 0xfc, 0x18, 0xff, 0xff,
    0xff, 0x40, 0x0, 0x0, 0xcf, 0xfd, 0x35, 0xff,
    0xf8, 0x0, 0x8f, 0xff, 0xff, 0xf4, 0x0, 0x0,
    0xff, 0xf5, 0x0, 0x9f, 0xfb, 0x0, 0x9, 0xff,
    0xff, 0xff, 0x40, 0x0, 0xff, 0xf6, 0x0, 0xaf,
    0xfb, 0x0, 0x0, 0x9f, 0xff, 0xff, 0xf3, 0x0,
    0xbf, 0xff, 0x89, 0xff, 0xf7, 0x0, 0x0, 0x9,
    0xff, 0xff, 0xff, 0x30, 0x4f, 0xff, 0xff, 0xff,
    0xe1, 0x0, 0x0, 0x0, 0xaf, 0xff, 0xff, 0x90,
    0x6, 0xff, 0xff, 0xfe, 0x30, 0x0, 0x0, 0x0,
    0x7, 0xef, 0xe8, 0x0, 0x0, 0x3a, 0xcc, 0x81,
    0x0, 0x0, 0x0, 0x0, 0x0, 0x0, 0x0, 0x0,

    /* U+F0C5 "" */
    0x0, 0x0, 0x0, 0x4c, 0xdd, 0xdd, 0xdd, 0xdd,
    0x11, 0xb2, 0x0, 0x0, 0x0, 0x0, 0xa, 0xff,
    0xff, 0xff, 0xff, 0xf1, 0x1f, 0xe2, 0x0, 0x0,
    0x0, 0x0, 0xaf, 0xff, 0xff, 0xff, 0xff, 0x11,
    0xff, 0xe2, 0x0, 0x0, 0x0, 0xa, 0xff, 0xff,
    0xff, 0xff, 0xf1, 0x1f, 0xff, 0xe2, 0x0, 0x0,
    0x0, 0xaf, 0xff, 0xff, 0xff, 0xff, 0x11, 0xff,
    0xff, 0xb9, 0xff, 0xfd, 0xa, 0xff, 0xff, 0xff,
    0xff, 0xf1, 0x0, 0x0, 0x0, 0xff, 0xff, 0xe0,
    0xaf, 0xff, 0xff, 0xff, 0xff, 0x70, 0x0, 0x0,
    0xf, 0xff, 0xfe, 0xa, 0xff, 0xff, 0xff, 0xff,
    0xff, 0xff, 0xff, 0xfc, 0xff, 0xff, 0xe0, 0xaf,
    0xff, 0xff, 0xff, 0xff, 0xff, 0xff, 0xff, 0xcf,
    0xff, 0xfe, 0xa, 0xff, 0xff, 0xff, 0xff, 0xff,
    0xff, 0xff, 0xfc, 0xff, 0xff, 0xe0, 0xaf, 0xff,
    0xff, 0xff, 0xff, 0xff, 0xff, 0xff, 0xcf, 0xff,
    0xfe, 0xa, 0xff, 0xff, 0xff, 0xff, 0xff, 0xff,
    0xff, 0xfc, 0xff, 0xff, 0xe0, 0xaf, 0xff, 0xff,
    0xff, 0xff, 0xff, 0xff, 0xff, 0xcf, 0xff, 0xfe,
    0xa, 0xff, 0xff, 0xff, 0xff, 0xff, 0xff, 0xff,
    0xfc, 0xff, 0xff, 0xe0, 0xaf, 0xff, 0xff, 0xff,
    0xff, 0xff, 0xff, 0xff, 0xcf, 0xff, 0xfe, 0xa,
    0xff, 0xff, 0xff, 0xff, 0xff, 0xff, 0xff, 0xfc,
    0xff, 0xff, 0xe0, 0xaf, 0xff, 0xff, 0xff, 0xff,
    0xff, 0xff, 0xff, 0xcf, 0xff, 0xfe, 0xa, 0xff,
    0xff, 0xff, 0xff, 0xff, 0xff, 0xff, 0xfc, 0xff,
    0xff, 0xe0, 0xaf, 0xff, 0xff, 0xff, 0xff, 0xff,
    0xff, 0xff, 0xcf, 0xff, 0xfe, 0xa, 0xff, 0xff,
    0xff, 0xff, 0xff, 0xff, 0xff, 0xfc, 0xff, 0xff,
    0xf0, 0x9f, 0xff, 0xff, 0xff, 0xff, 0xff, 0xff,
    0xff, 0xbf, 0xff, 0xff, 0x41, 0x89, 0x99, 0x99,
    0x99, 0x99, 0x99, 0x99, 0x82, 0xff, 0xff, 0xfe,
    0x50, 0x0, 0x0, 0x0, 0x0, 0x0, 0x0, 0x0,
    0xf, 0xff, 0xff, 0xff, 0xff, 0xff, 0xff, 0xff,
    0xf1, 0x0, 0x0, 0x0, 0xff, 0xff, 0xff, 0xff,
    0xff, 0xff, 0xff, 0xff, 0x10, 0x0, 0x0, 0xd,
    0xff, 0xff, 0xff, 0xff, 0xff, 0xff, 0xff, 0xe0,
    0x0, 0x0, 0x0, 0x13, 0x44, 0x44, 0x44, 0x44,
    0x44, 0x44, 0x31, 0x0, 0x0, 0x0, 0x0,

    /* U+F0C7 "" */
    0x0, 0x12, 0x22, 0x22, 0x22, 0x22, 0x22, 0x21,
    0x0, 0x0, 0x0, 0x3, 0xef, 0xff, 0xff, 0xff,
    0xff, 0xff, 0xff, 0xff, 0x70, 0x0, 0x0, 0xcf,
    0xff, 0xff, 0xff, 0xff, 0xff, 0xff, 0xff, 0xff,
    0x80, 0x0, 0xf, 0xff, 0xff, 0xff, 0xff, 0xff,
    0xff, 0xff, 0xff, 0xff, 0x80, 0x0, 0xff, 0xf6,
    0x22, 0x22, 0x22, 0x22, 0x22, 0x24, 0xff, 0xff,
    0x80, 0xf, 0xff, 0x40, 0x0, 0x0, 0x0, 0x0,
    0x0, 0xe, 0xff, 0xff, 0x70, 0xff, 0xf4, 0x0,
    0x0, 0x0, 0x0, 0x0, 0x0, 0xef, 0xff, 0xff,
    0x4f, 0xff, 0x40, 0x0, 0x0, 0x0, 0x0, 0x0,
    0xe, 0xff, 0xff, 0xf8, 0xff, 0xf4, 0x0, 0x0,
    0x0, 0x0, 0x0, 0x0, 0xef, 0xff, 0xff, 0x9f,
    0xff, 0x40, 0x0, 0x0, 0x0, 0x0, 0x0, 0xe,
    0xff, 0xff, 0xf9, 0xff, 0xf9, 0x44, 0x44, 0x44,
    0x44, 0x44, 0x45, 0xff, 0xff, 0xff, 0x9f, 0xff,
    0xff, 0xff, 0xff, 0xff, 0xff, 0xff, 0xff, 0xff,
    0xff, 0xf9, 0xff, 0xff, 0xff, 0xff, 0xff, 0xff,
    0xff, 0xff, 0xff, 0xff, 0xff, 0x9f, 0xff, 0xff,
    0xff, 0xff, 0xff, 0xff, 0xff, 0xff, 0xff, 0xff,
    0xf9, 0xff, 0xff, 0xff, 0xff, 0xf9, 0x10, 0x4d,
    0xff, 0xff, 0xff, 0xff, 0x9f, 0xff, 0xff, 0xff,
    0xfa, 0x0, 0x0, 0x2f, 0xff, 0xff, 0xff, 0xf9,
    0xff, 0xff, 0xff, 0xff, 0x40, 0x0, 0x0, 0xbf,
    0xff, 0xff, 0xff, 0x9f, 0xff, 0xff, 0xff, 0xf2,
    0x0, 0x0, 0x9, 0xff, 0xff, 0xff, 0xf9, 0xff,
    0xff, 0xff, 0xff, 0x60, 0x0, 0x0, 0xcf, 0xff,
    0xff, 0xff, 0x9f, 0xff, 0xff, 0xff, 0xfe, 0x10,
    0x0, 0x6f, 0xff, 0xff, 0xff, 0xf9, 0xff, 0xff,
    0xff, 0xff, 0xfe, 0x87, 0xbf, 0xff, 0xff, 0xff,
    0xff, 0x9f, 0xff, 0xff, 0xff, 0xff, 0xff, 0xff,
    0xff, 0xff, 0xff, 0xff, 0xf8, 0xaf, 0xff, 0xff,
    0xff, 0xff, 0xff, 0xff, 0xff, 0xff, 0xff, 0xff,
    0x41, 0x9d, 0xdd, 0xdd, 0xdd, 0xdd, 0xdd, 0xdd,
    0xdd, 0xdd, 0xdc, 0x60,

    /* U+F0C9 "" */
    0x8b, 0xbb, 0xbb, 0xbb, 0xbb, 0xbb, 0xbb, 0xbb,
    0xbb, 0xbb, 0xbb, 0x5f, 0xff, 0xff, 0xff, 0xff,
    0xff, 0xff, 0xff, 0xff, 0xff, 0xff, 0xfb, 0xff,
    0xff, 0xff, 0xff, 0xff, 0xff, 0xff, 0xff, 0xff,
    0xff, 0xff, 0xcc, 0xff, 0xff, 0xff, 0xff, 0xff,
    0xff, 0xff, 0xff, 0xff, 0xff, 0xf8, 0x0, 0x0,
    0x0, 0x0, 0x0, 0x0, 0x0, 0x0, 0x0, 0x0,
    0x0, 0x0, 0x0, 0x0, 0x0, 0x0, 0x0, 0x0,
    0x0, 0x0, 0x0, 0x0, 0x0, 0x0, 0x0, 0x0,
    0x0, 0x0, 0x0, 0x0, 0x0, 0x0, 0x0, 0x0,
    0x0, 0x0, 0x0, 0x0, 0x0, 0x0, 0x0, 0x0,
    0x0, 0x0, 0x0, 0x0, 0x69, 0x99, 0x99, 0x99,
    0x99, 0x99, 0x99, 0x99, 0x99, 0x99, 0x99, 0x4f,
    0xff, 0xff, 0xff, 0xff, 0xff, 0xff, 0xff, 0xff,
    0xff, 0xff, 0xfb, 0xff, 0xff, 0xff, 0xff, 0xff,
    0xff, 0xff, 0xff, 0xff, 0xff, 0xff, 0xcd, 0xff,
    0xff, 0xff, 0xff, 0xff, 0xff, 0xff, 0xff, 0xff,
    0xff, 0xf9, 0x0, 0x0, 0x0, 0x0, 0x0, 0x0,
    0x0, 0x0, 0x0, 0x0, 0x0, 0x0, 0x0, 0x0,
    0x0, 0x0, 0x0, 0x0, 0x0, 0x0, 0x0, 0x0,
    0x0, 0x0, 0x0, 0x0, 0x0, 0x0, 0x0, 0x0,
    0x0, 0x0, 0x0, 0x0, 0x0, 0x0, 0x0, 0x0,
    0x0, 0x0, 0x0, 0x0, 0x0, 0x0, 0x0, 0x0,
    0x69, 0x99, 0x99, 0x99, 0x99, 0x99, 0x99, 0x99,
    0x99, 0x99, 0x99, 0x4f, 0xff, 0xff, 0xff, 0xff,
    0xff, 0xff, 0xff, 0xff, 0xff, 0xff, 0xfb, 0xff,
    0xff, 0xff, 0xff, 0xff, 0xff, 0xff, 0xff, 0xff,
    0xff, 0xff, 0xcd, 0xff, 0xff, 0xff, 0xff, 0xff,
    0xff, 0xff, 0xff, 0xff, 0xff, 0xf9, 0x0, 0x0,
    0x0, 0x0, 0x0, 0x0, 0x0, 0x0, 0x0, 0x0,
    0x0, 0x0,

    /* U+F0E0 "" */
    0x1, 0x44, 0x44, 0x44, 0x44, 0x44, 0x44, 0x44,
    0x44, 0x44, 0x44, 0x44, 0x10, 0x4f, 0xff, 0xff,
    0xff, 0xff, 0xff, 0xff, 0xff, 0xff, 0xff, 0xff,
    0xff, 0xf4, 0xdf, 0xff, 0xff, 0xff, 0xff, 0xff,
    0xff, 0xff, 0xff, 0xff, 0xff, 0xff, 0xfd, 0xff,
    0xff, 0xff, 0xff, 0xff, 0xff, 0xff, 0xff, 0xff,
    0xff, 0xff, 0xff, 0xff, 0xef, 0xff, 0xff, 0xff,
    0xff, 0xff, 0xff, 0xff, 0xff, 0xff, 0xff, 0xff,
    0xfe, 0x2d, 0xff, 0xff, 0xff, 0xff, 0xff, 0xff,
    0xff, 0xff, 0xff, 0xff, 0xff, 0xd2, 0x0, 0xaf,
    0xff, 0xff, 0xff, 0xff, 0xff, 0xff, 0xff, 0xff,
    0xff, 0xfa, 0x0, 0xb2, 0x5, 0xff, 0xff, 0xff,
    0xff, 0xff, 0xff, 0xff, 0xff, 0xff, 0x60, 0x4e,
    0xff, 0x60, 0x2d, 0xff, 0xff, 0xff, 0xff, 0xff,
    0xff, 0xff, 0xd2, 0x8, 0xff, 0xff, 0xfa, 0x10,
    0x9f, 0xff, 0xff, 0xff, 0xff, 0xff, 0xf9, 0x2,
    0xcf, 0xff, 0xff, 0xff, 0xe4, 0x5, 0xef, 0xff,
    0xff, 0xff, 0xfe, 0x50, 0x5f, 0xff, 0xff, 0xff,
    0xff, 0xff, 0x80, 0x1c, 0xff, 0xff, 0xff, 0xc1,
    0xa, 0xff, 0xff, 0xff, 0xff, 0xff, 0xff, 0xfc,
    0x20, 0x8f, 0xff, 0xf8, 0x3, 0xdf, 0xff, 0xff,
    0xff, 0xff, 0xff, 0xff, 0xff, 0xf5, 0x2, 0x99,
    0x20, 0x6f, 0xff, 0xff, 0xff, 0xff, 0xff, 0xff,
    0xff, 0xff, 0xff, 0xb3, 0x0, 0x3b, 0xff, 0xff,
    0xff, 0xff, 0xff, 0xff, 0xff, 0xff, 0xff, 0xff,
    0xff, 0xff, 0xff, 0xff, 0xff, 0xff, 0xff, 0xff,
    0xff, 0xff, 0xff, 0xff, 0xff, 0xff, 0xff, 0xff,
    0xff, 0xff, 0xff, 0xff, 0xff, 0xff, 0xff, 0xff,
    0xff, 0xff, 0xff, 0xff, 0xff, 0xff, 0xff, 0xff,
    0xff, 0xff, 0xcf, 0xff, 0xff, 0xff, 0xff, 0xff,
    0xff, 0xff, 0xff, 0xff, 0xff, 0xff, 0xfc, 0x2c,
    0xff, 0xff, 0xff, 0xff, 0xff, 0xff, 0xff, 0xff,
    0xff, 0xff, 0xff, 0xc2,

    /* U+F0E7 "" */
    0x0, 0x9, 0xaa, 0xaa, 0xaa, 0xa9, 0x0, 0x0,
    0x0, 0x0, 0x5f, 0xff, 0xff, 0xff, 0xff, 0x50,
    0x0, 0x0, 0x0, 0x8f, 0xff, 0xff, 0xff, 0xff,
    0x10, 0x0, 0x0, 0x0, 0xaf, 0xff, 0xff, 0xff,
    0xfc, 0x0, 0x0, 0x0, 0x0, 0xcf, 0xff, 0xff,
    0xff, 0xf7, 0x0, 0x0, 0x0, 0x0, 0xef, 0xff,
    0xff, 0xff, 0xf2, 0x0, 0x0, 0x0, 0x0, 0xff,
    0xff, 0xff, 0xff, 0xd0, 0x0, 0x0, 0x0, 0x3,
    0xff, 0xff, 0xff, 0xff, 0x70, 0x0, 0x0, 0x0,
    0x5, 0xff, 0xff, 0xff, 0xff, 0xa8, 0x88, 0x88,
    0x60, 0x7, 0xff, 0xff, 0xff, 0xff, 0xff, 0xff,
    0xff, 0xf3, 0x9, 0xff, 0xff, 0xff, 0xff, 0xff,
    0xff, 0xff, 0xe0, 0xb, 0xff, 0xff, 0xff, 0xff,
    0xff, 0xff, 0xff, 0x60, 0xd, 0xff, 0xff, 0xff,
    0xff, 0xff, 0xff, 0xfc, 0x0, 0xf, 0xff, 0xff,
    0xff, 0xff, 0xff, 0xff, 0xf3, 0x0, 0x9, 0xff,
    0xff, 0xff, 0xff, 0xff, 0xff, 0xa0, 0x0, 0x0,
    0x0, 0x0, 0x0, 0xdf, 0xff, 0xff, 0x10, 0x0,
    0x0, 0x0, 0x0, 0x1, 0xff, 0xff, 0xf7, 0x0,
    0x0, 0x0, 0x0, 0x0, 0x5, 0xff, 0xff, 0xe0,
    0x0, 0x0, 0x0, 0x0, 0x0, 0x9, 0xff, 0xff,
    0x50, 0x0, 0x0, 0x0, 0x0, 0x0, 0xd, 0xff,
    0xfc, 0x0, 0x0, 0x0, 0x0, 0x0, 0x0, 0xf,
    0xff, 0xf3, 0x0, 0x0, 0x0, 0x0, 0x0, 0x0,
    0x4f, 0xff, 0x90, 0x0, 0x0, 0x0, 0x0, 0x0,
    0x0, 0x8f, 0xfe, 0x10, 0x0, 0x0, 0x0, 0x0,
    0x0, 0x0, 0xcf, 0xf7, 0x0, 0x0, 0x0, 0x0,
    0x0, 0x0, 0x0, 0xff, 0xd0, 0x0, 0x0, 0x0,
    0x0, 0x0, 0x0, 0x0, 0xff, 0x40, 0x0, 0x0,
    0x0, 0x0, 0x0, 0x0, 0x0, 0x23, 0x0, 0x0,
    0x0, 0x0, 0x0,

    /* U+F0EA "" */
    0x0, 0x0, 0x0, 0x6c, 0xc8, 0x0, 0x0, 0x0,
    0x0, 0x0, 0x0, 0x0, 0x33, 0x33, 0x8f, 0xff,
    0xfb, 0x33, 0x33, 0x10, 0x0, 0x0, 0x0, 0xdf,
    0xff, 0xff, 0xf7, 0x5f, 0xff, 0xff, 0xff, 0x10,
    0x0, 0x0, 0xf, 0xff, 0xff, 0xff, 0x0, 0xbf,
    0xff, 0xff, 0xf3, 0x0, 0x0, 0x0, 0xff, 0xff,
    0xff, 0xf5, 0x3f, 0xff, 0xff, 0xff, 0x30, 0x0,
    0x0, 0xf, 0xff, 0xff, 0xff, 0xff, 0xff, 0xff,
    0xff, 0xf3, 0x0, 0x0, 0x0, 0xff, 0xff, 0xff,
    0xff, 0xff, 0xff, 0xff, 0xff, 0x30, 0x0, 0x0,
    0xf, 0xff, 0xff, 0xff, 0xa2, 0x0, 0x0, 0x0,
    0x0, 0x0, 0x0, 0x0, 0xff, 0xff, 0xff, 0xd0,
    0x7d, 0xdd, 0xdd, 0xdd, 0x21, 0xb2, 0x0, 0xf,
    0xff, 0xff, 0xf8, 0xe, 0xff, 0xff, 0xff, 0xf3,
    0x1f, 0xe2, 0x0, 0xff, 0xff, 0xff, 0x80, 0xef,
    0xff, 0xff, 0xff, 0x31, 0xff, 0xe2, 0xf, 0xff,
    0xff, 0xf8, 0xe, 0xff, 0xff, 0xff, 0xf3, 0x1f,
    0xff, 0xe2, 0xff, 0xff, 0xff, 0x80, 0xef, 0xff,
    0xff, 0xff, 0x31, 0xff, 0xff, 0xbf, 0xff, 0xff,
    0xf8, 0xe, 0xff, 0xff, 0xff, 0xf3, 0x0, 0x0,
    0x0, 0xff, 0xff, 0xff, 0x80, 0xef, 0xff, 0xff,
    0xff, 0xa2, 0x22, 0x22, 0x1f, 0xff, 0xff, 0xf8,
    0xe, 0xff, 0xff, 0xff, 0xff, 0xff, 0xff, 0xfc,
    0xff, 0xff, 0xff, 0x80, 0xef, 0xff, 0xff, 0xff,
    0xff, 0xff, 0xff, 0xcf, 0xff, 0xff, 0xf8, 0xe,
    0xff, 0xff, 0xff, 0xff, 0xff, 0xff, 0xfc, 0xff,
    0xff, 0xff, 0x80, 0xef, 0xff, 0xff, 0xff, 0xff,
    0xff, 0xff, 0xcf, 0xff, 0xff, 0xf8, 0xe, 0xff,
    0xff, 0xff, 0xff, 0xff, 0xff, 0xfc, 0xef, 0xff,
    0xff, 0x80, 0xef, 0xff, 0xff, 0xff, 0xff, 0xff,
    0xff, 0xc2, 0x56, 0x66, 0x63, 0xe, 0xff, 0xff,
    0xff, 0xff, 0xff, 0xff, 0xfc, 0x0, 0x0, 0x0,
    0x0, 0xef, 0xff, 0xff, 0xff, 0xff, 0xff, 0xff,
    0xc0, 0x0, 0x0, 0x0, 0xe, 0xff, 0xff, 0xff,
    0xff, 0xff, 0xff, 0xfc, 0x0, 0x0, 0x0, 0x0,
    0xef, 0xff, 0xff, 0xff, 0xff, 0xff, 0xff, 0xc0,
    0x0, 0x0, 0x0, 0xc, 0xff, 0xff, 0xff, 0xff,
    0xff, 0xff, 0xfa, 0x0, 0x0, 0x0, 0x0, 0x3,
    0x44, 0x44, 0x44, 0x44, 0x44, 0x43, 0x0,

    /* U+F0F3 "" */
    0x0, 0x0, 0x0, 0x0, 0x0, 0x9e, 0x60, 0x0,
    0x0, 0x0, 0x0, 0x0, 0x0, 0x0, 0x0, 0x0,
    0x3f, 0xff, 0x0, 0x0, 0x0, 0x0, 0x0, 0x0,
    0x0, 0x0, 0x0, 0x5, 0xff, 0xf1, 0x0, 0x0,
    0x0, 0x0, 0x0, 0x0, 0x0, 0x0, 0x7e, 0xff,
    0xff, 0xfc, 0x40, 0x0, 0x0, 0x0, 0x0, 0x0,
    0x1, 0xcf, 0xff, 0xff, 0xff, 0xff, 0x90, 0x0,
    0x0, 0x0, 0x0, 0x0, 0xdf, 0xff, 0xff, 0xff,
    0xff, 0xff, 0xa0, 0x0, 0x0, 0x0, 0x0, 0x9f,
    0xff, 0xff, 0xff, 0xff, 0xff, 0xff, 0x50, 0x0,
    0x0, 0x0, 0x2f, 0xff, 0xff, 0xff, 0xff, 0xff,
    0xff, 0xfd, 0x0, 0x0, 0x0, 0x7, 0xff, 0xff,
    0xff, 0xff, 0xff, 0xff, 0xff, 0xf3, 0x0, 0x0,
    0x0, 0xaf, 0xff, 0xff, 0xff, 0xff, 0xff, 0xff,
    0xff, 0x50, 0x0, 0x0, 0xb, 0xff, 0xff, 0xff,
    0xff, 0xff, 0xff, 0xff, 0xf7, 0x0, 0x0, 0x0,
    0xcf, 0xff, 0xff, 0xff, 0xff, 0xff, 0xff, 0xff,
    0x80, 0x0, 0x0, 0xd, 0xff, 0xff, 0xff, 0xff,
    0xff, 0xff, 0xff, 0xf9, 0x0, 0x0, 0x0, 0xff,
    0xff, 0xff, 0xff, 0xff, 0xff, 0xff, 0xff, 0xc0,
    0x0, 0x0, 0x4f, 0xff, 0xff, 0xff, 0xff, 0xff,
    0xff, 0xff, 0xff, 0x0, 0x0, 0x9, 0xff, 0xff,
    0xff, 0xff, 0xff, 0xff, 0xff, 0xff, 0xf5, 0x0,
    0x1, 0xef, 0xff, 0xff, 0xff, 0xff, 0xff, 0xff,
    0xff, 0xff, 0xb0, 0x0, 0xbf, 0xff, 0xff, 0xff,
    0xff, 0xff, 0xff, 0xff, 0xff, 0xff, 0x70, 0x9f,
    0xff, 0xff, 0xff, 0xff, 0xff, 0xff, 0xff, 0xff,
    0xff, 0xff, 0x5f, 0xff, 0xff, 0xff, 0xff, 0xff,
    0xff, 0xff, 0xff, 0xff, 0xff, 0xfb, 0x9f, 0xff,
    0xff, 0xff, 0xff, 0xff, 0xff, 0xff, 0xff, 0xff,
    0xff, 0x60, 0x12, 0x22, 0x22, 0x22, 0x22, 0x22,
    0x22, 0x22, 0x22, 0x22, 0x10, 0x0, 0x0, 0x0,
    0x0, 0x0, 0x0, 0x0, 0x0, 0x0, 0x0, 0x0,
    0x0, 0x0, 0x0, 0x0, 0xc, 0xff, 0xff, 0xf8,
    0x0, 0x0, 0x0, 0x0, 0x0, 0x0, 0x0, 0x0,
    0x7f, 0xff, 0xff, 0x30, 0x0, 0x0, 0x0, 0x0,
    0x0, 0x0, 0x0, 0x0, 0x9f, 0xff, 0x60, 0x0,
    0x0, 0x0, 0x0, 0x0, 0x0, 0x0, 0x0, 0x0,
    0x13, 0x0, 0x0, 0x0, 0x0, 0x0, 0x0,

    /* U+F11C "" */
    0x1, 0x44, 0x44, 0x44, 0x44, 0x44, 0x44, 0x44,
    0x44, 0x44, 0x44, 0x44, 0x44, 0x42, 0x0, 0x5f,
    0xff, 0xff, 0xff, 0xff, 0xff, 0xff, 0xff, 0xff,
    0xff, 0xff, 0xff, 0xff, 0xff, 0x80, 0xef, 0xff,
    0xff, 0xff, 0xff, 0xff, 0xff, 0xff, 0xff, 0xff,
    0xff, 0xff, 0xff, 0xff, 0xf1, 0xff, 0xff, 0xff,
    0xff, 0xff, 0xff, 0xff, 0xff, 0xff, 0xff, 0xff,
    0xff, 0xff, 0xff, 0xf3, 0xff, 0xf4, 0x0, 0x9f,
    0x20, 0xb, 0xf1, 0x0, 0xcf, 0x0, 0xf, 0xc0,
    0x1, 0xff, 0xf4, 0xff, 0xf4, 0x0, 0x8f, 0x10,
    0xa, 0xf0, 0x0, 0xbe, 0x0, 0xe, 0xb0, 0x0,
    0xff, 0xf4, 0xff, 0xf5, 0x0, 0xaf, 0x20, 0xb,
    0xf1, 0x0, 0xcf, 0x0, 0xf, 0xc0, 0x1, 0xff,
    0xf4, 0xff, 0xff, 0xff, 0xff, 0xff, 0xff, 0xff,
    0xff, 0xff, 0xff, 0xff, 0xff, 0xff, 0xff, 0xf4,
    0xff, 0xff, 0xff, 0xaa, 0xbf, 0xea, 0xac, 0xfe,
    0xaa, 0xdf, 0xda, 0xad, 0xff, 0xff, 0xf4, 0xff,
    0xff, 0xfb, 0x0, 0x1f, 0x80, 0x2, 0xf7, 0x0,
    0x4f, 0x40, 0x7, 0xff, 0xff, 0xf4, 0xff, 0xff,
    0xfb, 0x0, 0x1f, 0x80, 0x2, 0xf7, 0x0, 0x4f,
    0x40, 0x7, 0xff, 0xff, 0xf4, 0xff, 0xff, 0xfc,
    0x0, 0x3f, 0xa0, 0x4, 0xf9, 0x0, 0x6f, 0x60,
    0x8, 0xff, 0xff, 0xf4, 0xff, 0xff, 0xff, 0xff,
    0xff, 0xff, 0xff, 0xff, 0xff, 0xff, 0xff, 0xff,
    0xff, 0xff, 0xf4, 0xff, 0xfc, 0x99, 0xef, 0xb9,
    0x99, 0x99, 0x99, 0x99, 0x99, 0xaf, 0xf9, 0x9a,
    0xff, 0xf4, 0xff, 0xf4, 0x0, 0x8f, 0x10, 0x0,
    0x0, 0x0, 0x0, 0x0, 0xe, 0xb0, 0x0, 0xff,
    0xf4, 0xff, 0xf4, 0x0, 0x8f, 0x10, 0x0, 0x0,
    0x0, 0x0, 0x0, 0xe, 0xb0, 0x0, 0xff, 0xf4,
    0xff, 0xf8, 0x44, 0xbf, 0x64, 0x44, 0x44, 0x44,
    0x44, 0x44, 0x4f, 0xd4, 0x45, 0xff, 0xf4, 0xff,
    0xff, 0xff, 0xff, 0xff, 0xff, 0xff, 0xff, 0xff,
    0xff, 0xff, 0xff, 0xff, 0xff, 0xf3, 0xcf, 0xff,
    0xff, 0xff, 0xff, 0xff, 0xff, 0xff, 0xff, 0xff,
    0xff, 0xff, 0xff, 0xff, 0xf1, 0x2c, 0xff, 0xff,
    0xff, 0xff, 0xff, 0xff, 0xff, 0xff, 0xff, 0xff,
    0xff, 0xff, 0xfd, 0x40,

    /* U+F124 "" */
    0x0, 0x0, 0x0, 0x0, 0x0, 0x0, 0x0, 0x0,
    0x0, 0x0, 0x0, 0x0, 0x0, 0x0, 0x0, 0x0,
    0x0, 0x0, 0x0, 0x0, 0x0, 0x0, 0x0, 0x0,
    0x0, 0x17, 0xb7, 0x0, 0x0, 0x0, 0x0, 0x0,
    0x0, 0x0, 0x0, 0x0, 0x0, 0x0, 0x29, 0xff,
    0xff, 0x80, 0x0, 0x0, 0x0, 0x0, 0x0, 0x0,
    0x0, 0x0, 0x0, 0x3a, 0xff, 0xff, 0xff, 0xf0,
    0x0, 0x0, 0x0, 0x0, 0x0, 0x0, 0x0, 0x0,
    0x4b, 0xff, 0xff, 0xff, 0xff, 0xd0, 0x0, 0x0,
    0x0, 0x0, 0x0, 0x0, 0x0, 0x5d, 0xff, 0xff,
    0xff, 0xff, 0xff, 0x60, 0x0, 0x0, 0x0, 0x0,
    0x0, 0x0, 0x7e, 0xff, 0xff, 0xff, 0xff, 0xff,
    0xfe, 0x0, 0x0, 0x0, 0x0, 0x0, 0x1, 0x8f,
    0xff, 0xff, 0xff, 0xff, 0xff, 0xff, 0xf7, 0x0,
    0x0, 0x0, 0x0, 0x2, 0x9f, 0xff, 0xff, 0xff,
    0xff, 0xff, 0xff, 0xff, 0xf1, 0x0, 0x0, 0x0,
    0x3, 0xbf, 0xff, 0xff, 0xff, 0xff, 0xff, 0xff,
    0xff, 0xff, 0x90, 0x0, 0x0, 0x5, 0xcf, 0xff,
    0xff, 0xff, 0xff, 0xff, 0xff, 0xff, 0xff, 0xff,
    0x20, 0x0, 0x2, 0xdf, 0xff, 0xff, 0xff, 0xff,
    0xff, 0xff, 0xff, 0xff, 0xff, 0xfa, 0x0, 0x0,
    0xc, 0xff, 0xff, 0xff, 0xff, 0xff, 0xff, 0xff,
    0xff, 0xff, 0xff, 0xf3, 0x0, 0x0, 0xf, 0xff,
    0xff, 0xff, 0xff, 0xff, 0xff, 0xff, 0xff, 0xff,
    0xff, 0xb0, 0x0, 0x0, 0xb, 0xff, 0xff, 0xff,
    0xff, 0xff, 0xff, 0xff, 0xff, 0xff, 0xff, 0x40,
    0x0, 0x0, 0x1, 0xad, 0xee, 0xee, 0xee, 0xee,
    0xff, 0xff, 0xff, 0xff, 0xfd, 0x0, 0x0, 0x0,
    0x0, 0x0, 0x0, 0x0, 0x0, 0x0, 0xaf, 0xff,
    0xff, 0xff, 0xf5, 0x0, 0x0, 0x0, 0x0, 0x0,
    0x0, 0x0, 0x0, 0x0, 0xaf, 0xff, 0xff, 0xff,
    0xe0, 0x0, 0x0, 0x0, 0x0, 0x0, 0x0, 0x0,
    0x0, 0x0, 0xaf, 0xff, 0xff, 0xff, 0x60, 0x0,
    0x0, 0x0, 0x0, 0x0, 0x0, 0x0, 0x0, 0x0,
    0xaf, 0xff, 0xff, 0xfe, 0x0, 0x0, 0x0, 0x0,
    0x0, 0x0, 0x0, 0x0, 0x0, 0x0, 0xaf, 0xff,
    0xff, 0xf8, 0x0, 0x0, 0x0, 0x0, 0x0, 0x0,
    0x0, 0x0, 0x0, 0x0, 0xaf, 0xff, 0xff, 0xf1,
    0x0, 0x0, 0x0, 0x0, 0x0, 0x0, 0x0, 0x0,
    0x0, 0x0, 0xaf, 0xff, 0xff, 0x90, 0x0, 0x0,
    0x0, 0x0, 0x0, 0x0, 0x0, 0x0, 0x0, 0x0,
    0xaf, 0xff, 0xff, 0x20, 0x0, 0x0, 0x0, 0x0,
    0x0, 0x0, 0x0, 0x0, 0x0, 0x0, 0x9f, 0xff,
    0xfa, 0x0, 0x0, 0x0, 0x0, 0x0, 0x0, 0x0,
    0x0, 0x0, 0x0, 0x0, 0x7f, 0xff, 0xf3, 0x0,
    0x0, 0x0, 0x0, 0x0, 0x0, 0x0, 0x0, 0x0,
    0x0, 0x0, 0x1c, 0xff, 0x80, 0x0, 0x0, 0x0,
    0x0, 0x0, 0x0, 0x0, 0x0, 0x0, 0x0, 0x0,
    0x0, 0x31, 0x0, 0x0, 0x0, 0x0, 0x0, 0x0,

    /* U+F15B "" */
    0x48, 0x88, 0x88, 0x88, 0x88, 0x83, 0x7, 0x0,
    0x0, 0x0, 0xff, 0xff, 0xff, 0xff, 0xff, 0xf6,
    0xf, 0xc1, 0x0, 0x0, 0xff, 0xff, 0xff, 0xff,
    0xff, 0xf6, 0xf, 0xfc, 0x10, 0x0, 0xff, 0xff,
    0xff, 0xff, 0xff, 0xf6, 0xf, 0xff, 0xc1, 0x0,
    0xff, 0xff, 0xff, 0xff, 0xff, 0xf6, 0xf, 0xff,
    0xfc, 0x10, 0xff, 0xff, 0xff, 0xff, 0xff, 0xf6,
    0xf, 0xff, 0xff, 0xc0, 0xff, 0xff, 0xff, 0xff,
    0xff, 0xf6, 0xf, 0xff, 0xff, 0xf6, 0xff, 0xff,
    0xff, 0xff, 0xff, 0xf9, 0x0, 0x0, 0x0, 0x0,
    0xff, 0xff, 0xff, 0xff, 0xff, 0xff, 0xdd, 0xdd,
    0xdd, 0xd6, 0xff, 0xff, 0xff, 0xff, 0xff, 0xff,
    0xff, 0xff, 0xff, 0xf8, 0xff, 0xff, 0xff, 0xff,
    0xff, 0xff, 0xff, 0xff, 0xff, 0xf8, 0xff, 0xff,
    0xff, 0xff, 0xff, 0xff, 0xff, 0xff, 0xff, 0xf8,
    0xff, 0xff, 0xff, 0xff, 0xff, 0xff, 0xff, 0xff,
    0xff, 0xf8, 0xff, 0xff, 0xff, 0xff, 0xff, 0xff,
    0xff, 0xff, 0xff, 0xf8, 0xff, 0xff, 0xff, 0xff,
    0xff, 0xff, 0xff, 0xff, 0xff, 0xf8, 0xff, 0xff,
    0xff, 0xff, 0xff, 0xff, 0xff, 0xff, 0xff, 0xf8,
    0xff, 0xff, 0xff, 0xff, 0xff, 0xff, 0xff, 0xff,
    0xff, 0xf8, 0xff, 0xff, 0xff, 0xff, 0xff, 0xff,
    0xff, 0xff, 0xff, 0xf8, 0xff, 0xff, 0xff, 0xff,
    0xff, 0xff, 0xff, 0xff, 0xff, 0xf8, 0xff, 0xff,
    0xff, 0xff, 0xff, 0xff, 0xff, 0xff, 0xff, 0xf8,
    0xff, 0xff, 0xff, 0xff, 0xff, 0xff, 0xff, 0xff,
    0xff, 0xf8, 0xff, 0xff, 0xff, 0xff, 0xff, 0xff,
    0xff, 0xff, 0xff, 0xf8, 0xff, 0xff, 0xff, 0xff,
    0xff, 0xff, 0xff, 0xff, 0xff, 0xf8, 0xff, 0xff,
    0xff, 0xff, 0xff, 0xff, 0xff, 0xff, 0xff, 0xf8,
    0xff, 0xff, 0xff, 0xff, 0xff, 0xff, 0xff, 0xff,
    0xff, 0xf7, 0xbf, 0xff, 0xff, 0xff, 0xff, 0xff,
    0xff, 0xff, 0xff, 0xf3, 0x0, 0x0, 0x0, 0x0,
    0x0, 0x0, 0x0, 0x0, 0x0, 0x0,

    /* U+F1EB "" */
    0x0, 0x0, 0x0, 0x0, 0x0, 0x0, 0x0, 0x1,
    0x21, 0x0, 0x0, 0x0, 0x0, 0x0, 0x0, 0x0,
    0x0, 0x0, 0x0, 0x0, 0x0, 0x26, 0xad, 0xff,
    0xff, 0xff, 0xeb, 0x84, 0x0, 0x0, 0x0, 0x0,
    0x0, 0x0, 0x0, 0x0, 0x17, 0xdf, 0xff, 0xff,
    0xff, 0xff, 0xff, 0xff, 0xff, 0xa3, 0x0, 0x0,
    0x0, 0x0, 0x0, 0x1, 0x8f, 0xff, 0xff, 0xff,
    0xff, 0xff, 0xff, 0xff, 0xff, 0xff, 0xfc, 0x40,
    0x0, 0x0, 0x0, 0x5, 0xef, 0xff, 0xff, 0xff,
    0xff, 0xff, 0xff, 0xff, 0xff, 0xff, 0xff, 0xff,
    0xa1, 0x0, 0x0, 0x1b, 0xff, 0xff, 0xff, 0xfc,
    0x84, 0x20, 0x0, 0x1, 0x36, 0xae, 0xff, 0xff,
    0xff, 0xf5, 0x0, 0x2d, 0xff, 0xff, 0xfe, 0x81,
    0x0, 0x0, 0x0, 0x0, 0x0, 0x0, 0x4, 0xbf,
    0xff, 0xff, 0xf7, 0xd, 0xff, 0xff, 0xf8, 0x0,
    0x0, 0x0, 0x0, 0x0, 0x0, 0x0, 0x0, 0x0,
    0x3c, 0xff, 0xff, 0xf5, 0x8f, 0xff, 0xd2, 0x0,
    0x0, 0x0, 0x0, 0x0, 0x0, 0x0, 0x0, 0x0,
    0x0, 0x8, 0xff, 0xfe, 0x10, 0x8f, 0xa0, 0x0,
    0x0, 0x0, 0x38, 0xcd, 0xef, 0xec, 0xa6, 0x10,
    0x0, 0x0, 0x4, 0xfe, 0x20, 0x0, 0x30, 0x0,
    0x0, 0x7, 0xef, 0xff, 0xff, 0xff, 0xff, 0xff,
    0xa3, 0x0, 0x0, 0x1, 0x10, 0x0, 0x0, 0x0,
    0x0, 0x4e, 0xff, 0xff, 0xff, 0xff, 0xff, 0xff,
    0xff, 0xfa, 0x0, 0x0, 0x0, 0x0, 0x0, 0x0,
    0x0, 0x8f, 0xff, 0xff, 0xff, 0xff, 0xff, 0xff,
    0xff, 0xff, 0xfd, 0x30, 0x0, 0x0, 0x0, 0x0,
    0x0, 0x3f, 0xff, 0xff, 0xfb, 0x63, 0x21, 0x24,
    0x8d, 0xff, 0xff, 0xfb, 0x0, 0x0, 0x0, 0x0,
    0x0, 0x0, 0xaf, 0xff, 0x91, 0x0, 0x0, 0x0,
    0x0, 0x5, 0xdf, 0xfe, 0x30, 0x0, 0x0, 0x0,
    0x0, 0x0, 0x0, 0x9e, 0x40, 0x0, 0x0, 0x0,
    0x0, 0x0, 0x0, 0xae, 0x30, 0x0, 0x0, 0x0,
    0x0, 0x0, 0x0, 0x0, 0x0, 0x0, 0x0, 0x0,
    0x0, 0x0, 0x0, 0x0, 0x0, 0x0, 0x0, 0x0,
    0x0, 0x0, 0x0, 0x0, 0x0, 0x0, 0x0, 0x5,
    0xbd, 0x91, 0x0, 0x0, 0x0, 0x0, 0x0, 0x0,
    0x0, 0x0, 0x0, 0x0, 0x0, 0x0, 0x0, 0x5,
    0xff, 0xff, 0xd0, 0x0, 0x0, 0x0, 0x0, 0x0,
    0x0, 0x0, 0x0, 0x0, 0x0, 0x0, 0x0, 0x0,
    0xdf, 0xff, 0xff, 0x50, 0x0, 0x0, 0x0, 0x0,
    0x0, 0x0, 0x0, 0x0, 0x0, 0x0, 0x0, 0x0,
    0xf, 0xff, 0xff, 0xf7, 0x0, 0x0, 0x0, 0x0,
    0x0, 0x0, 0x0, 0x0, 0x0, 0x0, 0x0, 0x0,
    0x0, 0xcf, 0xff, 0xff, 0x40, 0x0, 0x0, 0x0,
    0x0, 0x0, 0x0, 0x0, 0x0, 0x0, 0x0, 0x0,
    0x0, 0x3, 0xff, 0xff, 0xa0, 0x0, 0x0, 0x0,
    0x0, 0x0, 0x0, 0x0, 0x0, 0x0, 0x0, 0x0,
    0x0, 0x0, 0x1, 0x79, 0x50, 0x0, 0x0, 0x0,
    0x0, 0x0, 0x0, 0x0,

    /* U+F240 "" */
    0x1b, 0xef, 0xff, 0xff, 0xff, 0xff, 0xff, 0xff,
    0xff, 0xff, 0xff, 0xff, 0xff, 0xff, 0xe9, 0x0,
    0xb, 0xff, 0xff, 0xff, 0xff, 0xff, 0xff, 0xff,
    0xff, 0xff, 0xff, 0xff, 0xff, 0xff, 0xff, 0xf7,
    0x0, 0xff, 0xff, 0xff, 0xff, 0xff, 0xff, 0xff,
    0xff, 0xff, 0xff, 0xff, 0xff, 0xff, 0xff, 0xff,
    0xa0, 0xf, 0xff, 0x74, 0x44, 0x44, 0x44, 0x44,
    0x44, 0x44, 0x44, 0x44, 0x44, 0x44, 0x44, 0xaf,
    0xfe, 0x90, 0xff, 0xf4, 0x0, 0x0, 0x0, 0x0,
    0x0, 0x0, 0x0, 0x0, 0x0, 0x0, 0x0, 0x8,
    0xff, 0xff, 0x4f, 0xff, 0x42, 0xff, 0xff, 0xff,
    0xff, 0xff, 0xff, 0xff, 0xff, 0xff, 0xff, 0xf0,
    0x8f, 0xff, 0xf5, 0xff, 0xf4, 0x2f, 0xff, 0xff,
    0xff, 0xff, 0xff, 0xff, 0xff, 0xff, 0xff, 0xff,
    0x4, 0x8f, 0xff, 0x5f, 0xff, 0x42, 0xff, 0xff,
    0xff, 0xff, 0xff, 0xff, 0xff, 0xff, 0xff, 0xff,
    0xf0, 0x0, 0xef, 0xf5, 0xff, 0xf4, 0x2f, 0xff,
    0xff, 0xff, 0xff, 0xff, 0xff, 0xff, 0xff, 0xff,
    0xff, 0x0, 0xe, 0xff, 0x5f, 0xff, 0x42, 0xff,
    0xff, 0xff, 0xff, 0xff, 0xff, 0xff, 0xff, 0xff,
    0xff, 0xf0, 0x13, 0xff, 0xf5, 0xff, 0xf4, 0x2f,
    0xff, 0xff, 0xff, 0xff, 0xff, 0xff, 0xff, 0xff,
    0xff, 0xff, 0x8, 0xff, 0xff, 0x5f, 0xff, 0x41,
    0x88, 0x88, 0x88, 0x88, 0x88, 0x88, 0x88, 0x88,
    0x88, 0x88, 0x80, 0x8f, 0xff, 0xf5, 0xff, 0xf4,
    0x0, 0x0, 0x0, 0x0, 0x0, 0x0, 0x0, 0x0,
    0x0, 0x0, 0x0, 0x8, 0xff, 0xfe, 0x1f, 0xff,
    0xff, 0xff, 0xff, 0xff, 0xff, 0xff, 0xff, 0xff,
    0xff, 0xff, 0xff, 0xff, 0xff, 0xfb, 0x0, 0xdf,
    0xff, 0xff, 0xff, 0xff, 0xff, 0xff, 0xff, 0xff,
    0xff, 0xff, 0xff, 0xff, 0xff, 0xff, 0x90, 0x5,
    0xff, 0xff, 0xff, 0xff, 0xff, 0xff, 0xff, 0xff,
    0xff, 0xff, 0xff, 0xff, 0xff, 0xff, 0xe1, 0x0,
    0x1, 0x44, 0x44, 0x44, 0x44, 0x44, 0x44, 0x44,
    0x44, 0x44, 0x44, 0x44, 0x44, 0x44, 0x30, 0x0,
    0x0,

    /* U+F241 "" */
    0x1b, 0xef, 0xff, 0xff, 0xff, 0xff, 0xff, 0xff,
    0xff, 0xff, 0xff, 0xff, 0xff, 0xff, 0xe9, 0x0,
    0xb, 0xff, 0xff, 0xff, 0xff, 0xff, 0xff, 0xff,
    0xff, 0xff, 0xff, 0xff, 0xff, 0xff, 0xff, 0xf7,
    0x0, 0xff, 0xff, 0xff, 0xff, 0xff, 0xff, 0xff,
    0xff, 0xff, 0xff, 0xff, 0xff, 0xff, 0xff, 0xff,
    0xa0, 0xf, 0xff, 0x74, 0x44, 0x44, 0x44, 0x44,
    0x44, 0x44, 0x44, 0x44, 0x44, 0x44, 0x44, 0xaf,
    0xfe, 0x90, 0xff, 0xf4, 0x0, 0x0, 0x0, 0x0,
    0x0, 0x0, 0x0, 0x0, 0x0, 0x0, 0x0, 0x8,
    0xff, 0xff, 0x4f, 0xff, 0x42, 0xff, 0xff, 0xff,
    0xff, 0xff, 0xff, 0xff, 0xff, 0x20, 0x0, 0x0,
    0x8f, 0xff, 0xf5, 0xff, 0xf4, 0x2f, 0xff, 0xff,
    0xff, 0xff, 0xff, 0xff, 0xff, 0xf2, 0x0, 0x0,
    0x4, 0x8f, 0xff, 0x5f, 0xff, 0x42, 0xff, 0xff,
    0xff, 0xff, 0xff, 0xff, 0xff, 0xff, 0x20, 0x0,
    0x0, 0x0, 0xef, 0xf5, 0xff, 0xf4, 0x2f, 0xff,
    0xff, 0xff, 0xff, 0xff, 0xff, 0xff, 0xf2, 0x0,
    0x0, 0x0, 0xe, 0xff, 0x5f, 0xff, 0x42, 0xff,
    0xff, 0xff, 0xff, 0xff, 0xff, 0xff, 0xff, 0x20,
    0x0, 0x0, 0x13, 0xff, 0xf5, 0xff, 0xf4, 0x2f,
    0xff, 0xff, 0xff, 0xff, 0xff, 0xff, 0xff, 0xf2,
    0x0, 0x0, 0x8, 0xff, 0xff, 0x5f, 0xff, 0x41,
    0x88, 0x88, 0x88, 0x88, 0x88, 0x88, 0x88, 0x88,
    0x10, 0x0, 0x0, 0x8f, 0xff, 0xf5, 0xff, 0xf4,
    0x0, 0x0, 0x0, 0x0, 0x0, 0x0, 0x0, 0x0,
    0x0, 0x0, 0x0, 0x8, 0xff, 0xfe, 0x1f, 0xff,
    0xff, 0xff, 0xff, 0xff, 0xff, 0xff, 0xff, 0xff,
    0xff, 0xff, 0xff, 0xff, 0xff, 0xfb, 0x0, 0xdf,
    0xff, 0xff, 0xff, 0xff, 0xff, 0xff, 0xff, 0xff,
    0xff, 0xff, 0xff, 0xff, 0xff, 0xff, 0x90, 0x5,
    0xff, 0xff, 0xff, 0xff, 0xff, 0xff, 0xff, 0xff,
    0xff, 0xff, 0xff, 0xff, 0xff, 0xff, 0xe1, 0x0,
    0x1, 0x44, 0x44, 0x44, 0x44, 0x44, 0x44, 0x44,
    0x44, 0x44, 0x44, 0x44, 0x44, 0x44, 0x30, 0x0,
    0x0,

    /* U+F242 "" */
    0x1b, 0xef, 0xff, 0xff, 0xff, 0xff, 0xff, 0xff,
    0xff, 0xff, 0xff, 0xff, 0xff, 0xff, 0xe9, 0x0,
    0xb, 0xff, 0xff, 0xff, 0xff, 0xff, 0xff, 0xff,
    0xff, 0xff, 0xff, 0xff, 0xff, 0xff, 0xff, 0xf7,
    0x0, 0xff, 0xff, 0xff, 0xff, 0xff, 0xff, 0xff,
    0xff, 0xff, 0xff, 0xff, 0xff, 0xff, 0xff, 0xff,
    0xa0, 0xf, 0xff, 0x74, 0x44, 0x44, 0x44, 0x44,
    0x44, 0x44, 0x44, 0x44, 0x44, 0x44, 0x44, 0xaf,
    0xfe, 0x90, 0xff, 0xf4, 0x0, 0x0, 0x0, 0x0,
    0x0, 0x0, 0x0, 0x0, 0x0, 0x0, 0x0, 0x8,
    0xff, 0xff, 0x4f, 0xff, 0x42, 0xff, 0xff, 0xff,
    0xff, 0xff, 0xf4, 0x0, 0x0, 0x0, 0x0, 0x0,
    0x8f, 0xff, 0xf5, 0xff, 0xf4, 0x2f, 0xff, 0xff,
    0xff, 0xff, 0xff, 0x40, 0x0, 0x0, 0x0, 0x0,
    0x4, 0x8f, 0xff, 0x5f, 0xff, 0x42, 0xff, 0xff,
    0xff, 0xff, 0xff, 0xf4, 0x0, 0x0, 0x0, 0x0,
    0x0, 0x0, 0xef, 0xf5, 0xff, 0xf4, 0x2f, 0xff,
    0xff, 0xff, 0xff, 0xff, 0x40, 0x0, 0x0, 0x0,
    0x0, 0x0, 0xe, 0xff, 0x5f, 0xff, 0x42, 0xff,
    0xff, 0xff, 0xff, 0xff, 0xf4, 0x0, 0x0, 0x0,
    0x0, 0x0, 0x13, 0xff, 0xf5, 0xff, 0xf4, 0x2f,
    0xff, 0xff, 0xff, 0xff, 0xff, 0x40, 0x0, 0x0,
    0x0, 0x0, 0x8, 0xff, 0xff, 0x5f, 0xff, 0x41,
    0x88, 0x88, 0x88, 0x88, 0x88, 0x82, 0x0, 0x0,
    0x0, 0x0, 0x0, 0x8f, 0xff, 0xf5, 0xff, 0xf4,
    0x0, 0x0, 0x0, 0x0, 0x0, 0x0, 0x0, 0x0,
    0x0, 0x0, 0x0, 0x8, 0xff, 0xfe, 0x1f, 0xff,
    0xff, 0xff, 0xff, 0xff, 0xff, 0xff, 0xff, 0xff,
    0xff, 0xff, 0xff, 0xff, 0xff, 0xfb, 0x0, 0xdf,
    0xff, 0xff, 0xff, 0xff, 0xff, 0xff, 0xff, 0xff,
    0xff, 0xff, 0xff, 0xff, 0xff, 0xff, 0x90, 0x5,
    0xff, 0xff, 0xff, 0xff, 0xff, 0xff, 0xff, 0xff,
    0xff, 0xff, 0xff, 0xff, 0xff, 0xff, 0xe1, 0x0,
    0x1, 0x44, 0x44, 0x44, 0x44, 0x44, 0x44, 0x44,
    0x44, 0x44, 0x44, 0x44, 0x44, 0x44, 0x30, 0x0,
    0x0,

    /* U+F243 "" */
    0x1b, 0xef, 0xff, 0xff, 0xff, 0xff, 0xff, 0xff,
    0xff, 0xff, 0xff, 0xff, 0xff, 0xff, 0xe9, 0x0,
    0xb, 0xff, 0xff, 0xff, 0xff, 0xff, 0xff, 0xff,
    0xff, 0xff, 0xff, 0xff, 0xff, 0xff, 0xff, 0xf7,
    0x0, 0xff, 0xff, 0xff, 0xff, 0xff, 0xff, 0xff,
    0xff, 0xff, 0xff, 0xff, 0xff, 0xff, 0xff, 0xff,
    0xa0, 0xf, 0xff, 0x74, 0x44, 0x44, 0x44, 0x44,
    0x44, 0x44, 0x44, 0x44, 0x44, 0x44, 0x44, 0xaf,
    0xfe, 0x90, 0xff, 0xf4, 0x0, 0x0, 0x0, 0x0,
    0x0, 0x0, 0x0, 0x0, 0x0, 0x0, 0x0, 0x8,
    0xff, 0xff, 0x4f, 0xff, 0x41, 0xff, 0xff, 0xff,
    0x60, 0x0, 0x0, 0x0, 0x0, 0x0, 0x0, 0x0,
    0x8f, 0xff, 0xf5, 0xff, 0xf4, 0x1f, 0xff, 0xff,
    0xf6, 0x0, 0x0, 0x0, 0x0, 0x0, 0x0, 0x0,
    0x4, 0x8f, 0xff, 0x5f, 0xff, 0x41, 0xff, 0xff,
    0xff, 0x60, 0x0, 0x0, 0x0, 0x0, 0x0, 0x0,
    0x0, 0x0, 0xef, 0xf5, 0xff, 0xf4, 0x1f, 0xff,
    0xff, 0xf6, 0x0, 0x0, 0x0, 0x0, 0x0, 0x0,
    0x0, 0x0, 0xe, 0xff, 0x5f, 0xff, 0x41, 0xff,
    0xff, 0xff, 0x60, 0x0, 0x0, 0x0, 0x0, 0x0,
    0x0, 0x0, 0x13, 0xff, 0xf5, 0xff, 0xf4, 0x1f,
    0xff, 0xff, 0xf6, 0x0, 0x0, 0x0, 0x0, 0x0,
    0x0, 0x0, 0x8, 0xff, 0xff, 0x5f, 0xff, 0x40,
    0x88, 0x88, 0x88, 0x30, 0x0, 0x0, 0x0, 0x0,
    0x0, 0x0, 0x0, 0x8f, 0xff, 0xf5, 0xff, 0xf4,
    0x0, 0x0, 0x0, 0x0, 0x0, 0x0, 0x0, 0x0,
    0x0, 0x0, 0x0, 0x8, 0xff, 0xfe, 0x1f, 0xff,
    0xff, 0xff, 0xff, 0xff, 0xff, 0xff, 0xff, 0xff,
    0xff, 0xff, 0xff, 0xff, 0xff, 0xfb, 0x0, 0xdf,
    0xff, 0xff, 0xff, 0xff, 0xff, 0xff, 0xff, 0xff,
    0xff, 0xff, 0xff, 0xff, 0xff, 0xff, 0x90, 0x5,
    0xff, 0xff, 0xff, 0xff, 0xff, 0xff, 0xff, 0xff,
    0xff, 0xff, 0xff, 0xff, 0xff, 0xff, 0xe1, 0x0,
    0x1, 0x44, 0x44, 0x44, 0x44, 0x44, 0x44, 0x44,
    0x44, 0x44, 0x44, 0x44, 0x44, 0x44, 0x30, 0x0,
    0x0,

    /* U+F244 "" */
    0x1b, 0xef, 0xff, 0xff, 0xff, 0xff, 0xff, 0xff,
    0xff, 0xff, 0xff, 0xff, 0xff, 0xff, 0xe9, 0x0,
    0xb, 0xff, 0xff, 0xff, 0xff, 0xff, 0xff, 0xff,
    0xff, 0xff, 0xff, 0xff, 0xff, 0xff, 0xff, 0xf7,
    0x0, 0xff, 0xff, 0xff, 0xff, 0xff, 0xff, 0xff,
    0xff, 0xff, 0xff, 0xff, 0xff, 0xff, 0xff, 0xff,
    0xa0, 0xf, 0xff, 0x74, 0x44, 0x44, 0x44, 0x44,
    0x44, 0x44, 0x44, 0x44, 0x44, 0x44, 0x44, 0xaf,
    0xfe, 0x90, 0xff, 0xf4, 0x0, 0x0, 0x0, 0x0,
    0x0, 0x0, 0x0, 0x0, 0x0, 0x0, 0x0, 0x8,
    0xff, 0xff, 0x4f, 0xff, 0x40, 0x0, 0x0, 0x0,
    0x0, 0x0, 0x0, 0x0, 0x0, 0x0, 0x0, 0x0,
    0x8f, 0xff, 0xf5, 0xff, 0xf4, 0x0, 0x0, 0x0,
    0x0, 0x0, 0x0, 0x0, 0x0, 0x0, 0x0, 0x0,
    0x4, 0x8f, 0xff, 0x5f, 0xff, 0x40, 0x0, 0x0,
    0x0, 0x0, 0x0, 0x0, 0x0, 0x0, 0x0, 0x0,
    0x0, 0x0, 0xef, 0xf5, 0xff, 0xf4, 0x0, 0x0,
    0x0, 0x0, 0x0, 0x0, 0x0, 0x0, 0x0, 0x0,
    0x0, 0x0, 0xe, 0xff, 0x5f, 0xff, 0x40, 0x0,
    0x0, 0x0, 0x0, 0x0, 0x0, 0x0, 0x0, 0x0,
    0x0, 0x0, 0x13, 0xff, 0xf5, 0xff, 0xf4, 0x0,
    0x0, 0x0, 0x0, 0x0, 0x0, 0x0, 0x0, 0x0,
    0x0, 0x0, 0x8, 0xff, 0xff, 0x5f, 0xff, 0x40,
    0x0, 0x0, 0x0, 0x0, 0x0, 0x0, 0x0, 0x0,
    0x0, 0x0, 0x0, 0x8f, 0xff, 0xf5, 0xff, 0xf4,
    0x0, 0x0, 0x0, 0x0, 0x0, 0x0, 0x0, 0x0,
    0x0, 0x0, 0x0, 0x8, 0xff, 0xfe, 0x1f, 0xff,
    0xff, 0xff, 0xff, 0xff, 0xff, 0xff, 0xff, 0xff,
    0xff, 0xff, 0xff, 0xff, 0xff, 0xfb, 0x0, 0xdf,
    0xff, 0xff, 0xff, 0xff, 0xff, 0xff, 0xff, 0xff,
    0xff, 0xff, 0xff, 0xff, 0xff, 0xff, 0x90, 0x5,
    0xff, 0xff, 0xff, 0xff, 0xff, 0xff, 0xff, 0xff,
    0xff, 0xff, 0xff, 0xff, 0xff, 0xff, 0xe1, 0x0,
    0x1, 0x44, 0x44, 0x44, 0x44, 0x44, 0x44, 0x44,
    0x44, 0x44, 0x44, 0x44, 0x44, 0x44, 0x30, 0x0,
    0x0,

    /* U+F287 "" */
    0x0, 0x0, 0x0, 0x0, 0x0, 0x0, 0x0, 0x0,
    0x1, 0x77, 0x10, 0x0, 0x0, 0x0, 0x0, 0x0,
    0x0, 0x0, 0x0, 0x0, 0x0, 0x0, 0x0, 0x0,
    0x2, 0xef, 0xfe, 0x20, 0x0, 0x0, 0x0, 0x0,
    0x0, 0x0, 0x0, 0x0, 0x0, 0x0, 0x0, 0x5,
    0xbc, 0xdf, 0xff, 0xf9, 0x0, 0x0, 0x0, 0x0,
    0x0, 0x0, 0x0, 0x0, 0x0, 0x0, 0x0, 0x8,
    0xff, 0xff, 0xff, 0xff, 0xa0, 0x0, 0x0, 0x0,
    0x0, 0x0, 0x0, 0x0, 0x0, 0x0, 0x0, 0x2,
    0xfe, 0x31, 0x5f, 0xff, 0xf4, 0x0, 0x0, 0x0,
    0x0, 0x0, 0x0, 0x0, 0x0, 0x0, 0x0, 0x0,
    0xbf, 0x50, 0x0, 0x5c, 0xc5, 0x0, 0x0, 0x0,
    0x0, 0x0, 0x0, 0x0, 0x46, 0x50, 0x0, 0x0,
    0x3f, 0xc0, 0x0, 0x0, 0x0, 0x0, 0x0, 0x0,
    0x0, 0x0, 0x0, 0x0, 0xbf, 0xff, 0xd2, 0x0,
    0xa, 0xf4, 0x0, 0x0, 0x0, 0x0, 0x0, 0x0,
    0x0, 0xc8, 0x0, 0x0, 0x9f, 0xff, 0xff, 0xc0,
    0x4, 0xfc, 0x0, 0x0, 0x0, 0x0, 0x0, 0x0,
    0x0, 0xe, 0xfe, 0x50, 0xe, 0xff, 0xff, 0xff,
    0xcc, 0xff, 0xec, 0xcc, 0xcc, 0xcc, 0xcc, 0xcc,
    0xcc, 0xcc, 0xff, 0xff, 0xb2, 0xff, 0xff, 0xff,
    0xff, 0xff, 0xff, 0xff, 0xff, 0xff, 0xff, 0xff,
    0xff, 0xff, 0xff, 0xff, 0xff, 0x5b, 0xff, 0xff,
    0xfe, 0x0, 0x0, 0x2, 0xdf, 0x40, 0x0, 0x0,
    0x0, 0x0, 0x0, 0xef, 0xfa, 0x10, 0x2e, 0xff,
    0xff, 0x40, 0x0, 0x0, 0x3, 0xfb, 0x0, 0x0,
    0x0, 0x0, 0x0, 0xd, 0xd3, 0x0, 0x0, 0x18,
    0xb9, 0x20, 0x0, 0x0, 0x0, 0xb, 0xf3, 0x0,
    0x0, 0x0, 0x0, 0x0, 0x20, 0x0, 0x0, 0x0,
    0x0, 0x0, 0x0, 0x0, 0x0, 0x0, 0x5f, 0xa0,
    0x0, 0x33, 0x33, 0x30, 0x0, 0x0, 0x0, 0x0,
    0x0, 0x0, 0x0, 0x0, 0x0, 0x0, 0x0, 0xdf,
    0x30, 0x1f, 0xff, 0xff, 0x50, 0x0, 0x0, 0x0,
    0x0, 0x0, 0x0, 0x0, 0x0, 0x0, 0x0, 0x4,
    0xfe, 0x77, 0xff, 0xff, 0xf5, 0x0, 0x0, 0x0,
    0x0, 0x0, 0x0, 0x0, 0x0, 0x0, 0x0, 0x0,
    0x7, 0xff, 0xff, 0xff, 0xff, 0x50, 0x0, 0x0,
    0x0, 0x0, 0x0, 0x0, 0x0, 0x0, 0x0, 0x0,
    0x0, 0x2, 0x56, 0xff, 0xff, 0xf5, 0x0, 0x0,
    0x0, 0x0, 0x0, 0x0, 0x0, 0x0, 0x0, 0x0,
    0x0, 0x0, 0x0, 0x1f, 0xff, 0xff, 0x50, 0x0,
    0x0, 0x0, 0x0, 0x0, 0x0, 0x0, 0x0, 0x0,
    0x0, 0x0, 0x0, 0x0, 0x23, 0x33, 0x30, 0x0,
    0x0, 0x0, 0x0,

    /* U+F293 "" */
    0x0, 0x0, 0x0, 0x26, 0xac, 0xdc, 0xb8, 0x40,
    0x0, 0x0, 0x0, 0x0, 0x1, 0x9f, 0xff, 0xff,
    0xff, 0xff, 0xd3, 0x0, 0x0, 0x0, 0x2, 0xdf,
    0xff, 0xfe, 0x9f, 0xff, 0xff, 0xf5, 0x0, 0x0,
    0x1, 0xdf, 0xff, 0xff, 0xe0, 0xaf, 0xff, 0xff,
    0xf3, 0x0, 0x0, 0x8f, 0xff, 0xff, 0xfe, 0x0,
    0xbf, 0xff, 0xff, 0xc0, 0x0, 0xf, 0xff, 0xff,
    0xff, 0xe0, 0x0, 0xcf, 0xff, 0xff, 0x30, 0x5,
    0xff, 0xff, 0xff, 0xfe, 0x0, 0x1, 0xdf, 0xff,
    0xf8, 0x0, 0xaf, 0xff, 0xd9, 0xff, 0xe0, 0x3a,
    0x1, 0xdf, 0xff, 0xc0, 0xd, 0xff, 0xf1, 0x8,
    0xfe, 0x2, 0xfa, 0x2, 0xef, 0xff, 0x0, 0xff,
    0xff, 0xb0, 0x8, 0xe0, 0x2f, 0x50, 0x5f, 0xff,
    0xf1, 0x1f, 0xff, 0xff, 0xa0, 0x7, 0x2, 0x50,
    0x4f, 0xff, 0xff, 0x22, 0xff, 0xff, 0xff, 0xa0,
    0x0, 0x0, 0x2f, 0xff, 0xff, 0xf3, 0x3f, 0xff,
    0xff, 0xff, 0xa0, 0x0, 0x1e, 0xff, 0xff, 0xff,
    0x43, 0xff, 0xff, 0xff, 0xff, 0x40, 0x7, 0xff,
    0xff, 0xff, 0xf4, 0x3f, 0xff, 0xff, 0xff, 0x50,
    0x0, 0x9, 0xff, 0xff, 0xff, 0x32, 0xff, 0xff,
    0xff, 0x50, 0x0, 0x0, 0xa, 0xff, 0xff, 0xf3,
    0xf, 0xff, 0xff, 0x50, 0x1c, 0x2, 0xb0, 0xb,
    0xff, 0xff, 0x20, 0xef, 0xff, 0x50, 0x1d, 0xf0,
    0x2f, 0xa0, 0xd, 0xff, 0xf0, 0xc, 0xff, 0xf4,
    0x1d, 0xff, 0x2, 0xf5, 0x4, 0xff, 0xfe, 0x0,
    0x8f, 0xff, 0xfd, 0xff, 0xf0, 0x25, 0x3, 0xff,
    0xff, 0xa0, 0x3, 0xff, 0xff, 0xff, 0xff, 0x0,
    0x3, 0xff, 0xff, 0xf6, 0x0, 0xc, 0xff, 0xff,
    0xff, 0xf0, 0x3, 0xff, 0xff, 0xff, 0x0, 0x0,
    0x3f, 0xff, 0xff, 0xff, 0x3, 0xff, 0xff, 0xff,
    0x70, 0x0, 0x0, 0x6f, 0xff, 0xff, 0xf3, 0xff,
    0xff, 0xff, 0xc0, 0x0, 0x0, 0x0, 0x4e, 0xff,
    0xff, 0xff, 0xff, 0xff, 0xc1, 0x0, 0x0, 0x0,
    0x0, 0x6, 0xbf, 0xff, 0xff, 0xea, 0x40, 0x0,
    0x0, 0x0, 0x0, 0x0, 0x0, 0x0, 0x11, 0x0,
    0x0, 0x0, 0x0, 0x0,

    /* U+F2ED "" */
    0x0, 0x0, 0x0, 0x4, 0xbc, 0xcc, 0xcc, 0xa1,
    0x0, 0x0, 0x0, 0x0, 0x22, 0x22, 0x22, 0xef,
    0xff, 0xff, 0xff, 0xa2, 0x22, 0x22, 0x10, 0xef,
    0xff, 0xff, 0xff, 0xff, 0xff, 0xff, 0xff, 0xff,
    0xff, 0xff, 0xaf, 0xff, 0xff, 0xff, 0xff, 0xff,
    0xff, 0xff, 0xff, 0xff, 0xff, 0xfc, 0xef, 0xff,
    0xff, 0xff, 0xff, 0xff, 0xff, 0xff, 0xff, 0xff,
    0xff, 0xa0, 0x22, 0x22, 0x22, 0x22, 0x22, 0x22,
    0x22, 0x22, 0x22, 0x22, 0x10, 0x1, 0x44, 0x44,
    0x44, 0x44, 0x44, 0x44, 0x44, 0x44, 0x44, 0x40,
    0x0, 0x6f, 0xff, 0xff, 0xff, 0xff, 0xff, 0xff,
    0xff, 0xff, 0xff, 0x20, 0x6, 0xff, 0xff, 0xff,
    0xff, 0xff, 0xff, 0xff, 0xff, 0xff, 0xf2, 0x0,
    0x6f, 0xff, 0xff, 0xff, 0xff, 0xff, 0xff, 0xff,
    0xff, 0xff, 0x20, 0x6, 0xff, 0xfd, 0x1d, 0xff,
    0xb1, 0xef, 0xf9, 0x2f, 0xff, 0xf2, 0x0, 0x6f,
    0xff, 0xb0, 0xbf, 0xf9, 0xd, 0xff, 0x70, 0xff,
    0xff, 0x20, 0x6, 0xff, 0xfb, 0xb, 0xff, 0x90,
    0xdf, 0xf7, 0xf, 0xff, 0xf2, 0x0, 0x6f, 0xff,
    0xb0, 0xbf, 0xf9, 0xd, 0xff, 0x70, 0xff, 0xff,
    0x20, 0x6, 0xff, 0xfb, 0xb, 0xff, 0x90, 0xdf,
    0xf7, 0xf, 0xff, 0xf2, 0x0, 0x6f, 0xff, 0xb0,
    0xbf, 0xf9, 0xd, 0xff, 0x70, 0xff, 0xff, 0x20,
    0x6, 0xff, 0xfb, 0xb, 0xff, 0x90, 0xdf, 0xf7,
    0xf, 0xff, 0xf2, 0x0, 0x6f, 0xff, 0xb0, 0xbf,
    0xf9, 0xd, 0xff, 0x70, 0xff, 0xff, 0x20, 0x6,
    0xff, 0xfb, 0xb, 0xff, 0x90, 0xdf, 0xf7, 0xf,
    0xff, 0xf2, 0x0, 0x6f, 0xff, 0xb0, 0xbf, 0xf9,
    0xd, 0xff, 0x70, 0xff, 0xff, 0x20, 0x6, 0xff,
    0xfb, 0xb, 0xff, 0x90, 0xdf, 0xf7, 0xf, 0xff,
    0xf2, 0x0, 0x6f, 0xff, 0xb0, 0xbf, 0xf9, 0xd,
    0xff, 0x70, 0xff, 0xff, 0x20, 0x6, 0xff, 0xfd,
    0x1d, 0xff, 0xb1, 0xef, 0xf9, 0x2f, 0xff, 0xf2,
    0x0, 0x5f, 0xff, 0xff, 0xff, 0xff, 0xff, 0xff,
    0xff, 0xff, 0xff, 0x10, 0x3, 0xff, 0xff, 0xff,
    0xff, 0xff, 0xff, 0xff, 0xff, 0xff, 0xf0, 0x0,
    0x9, 0xff, 0xff, 0xff, 0xff, 0xff, 0xff, 0xff,
    0xff, 0xf6, 0x0, 0x0, 0x2, 0x34, 0x44, 0x44,
    0x44, 0x44, 0x44, 0x44, 0x31, 0x0, 0x0,

    /* U+F304 "" */
    0x0, 0x0, 0x0, 0x0, 0x0, 0x0, 0x0, 0x0,
    0x0, 0x0, 0x7b, 0x70, 0x0, 0x0, 0x0, 0x0,
    0x0, 0x0, 0x0, 0x0, 0x0, 0x0, 0x0, 0xbf,
    0xff, 0xc0, 0x0, 0x0, 0x0, 0x0, 0x0, 0x0,
    0x0, 0x0, 0x0, 0x0, 0xbf, 0xff, 0xff, 0xc0,
    0x0, 0x0, 0x0, 0x0, 0x0, 0x0, 0x0, 0x0,
    0x0, 0xbf, 0xff, 0xff, 0xff, 0xc0, 0x0, 0x0,
    0x0, 0x0, 0x0, 0x0, 0x0, 0x0, 0x7, 0xff,
    0xff, 0xff, 0xff, 0x90, 0x0, 0x0, 0x0, 0x0,
    0x0, 0x0, 0x0, 0xb5, 0x7, 0xff, 0xff, 0xff,
    0xff, 0x0, 0x0, 0x0, 0x0, 0x0, 0x0, 0x0,
    0xbf, 0xf5, 0x7, 0xff, 0xff, 0xff, 0xd0, 0x0,
    0x0, 0x0, 0x0, 0x0, 0x0, 0xbf, 0xff, 0xf5,
    0x7, 0xff, 0xff, 0xf3, 0x0, 0x0, 0x0, 0x0,
    0x0, 0x0, 0xbf, 0xff, 0xff, 0xf5, 0x7, 0xff,
    0xf4, 0x0, 0x0, 0x0, 0x0, 0x0, 0x0, 0xbf,
    0xff, 0xff, 0xff, 0xf5, 0x7, 0xf4, 0x0, 0x0,
    0x0, 0x0, 0x0, 0x0, 0xbf, 0xff, 0xff, 0xff,
    0xff, 0xf5, 0x2, 0x0, 0x0, 0x0, 0x0, 0x0,
    0x0, 0xbf, 0xff, 0xff, 0xff, 0xff, 0xff, 0xf1,
    0x0, 0x0, 0x0, 0x0, 0x0, 0x0, 0xbf, 0xff,
    0xff, 0xff, 0xff, 0xff, 0xf4, 0x0, 0x0, 0x0,
    0x0, 0x0, 0x0, 0xbf, 0xff, 0xff, 0xff, 0xff,
    0xff, 0xf4, 0x0, 0x0, 0x0, 0x0, 0x0, 0x0,
    0xbf, 0xff, 0xff, 0xff, 0xff, 0xff, 0xf4, 0x0,
    0x0, 0x0, 0x0, 0x0, 0x0, 0xbf, 0xff, 0xff,
    0xff, 0xff, 0xff, 0xf4, 0x0, 0x0, 0x0, 0x0,
    0x0, 0x0, 0xbf, 0xff, 0xff, 0xff, 0xff, 0xff,
    0xf4, 0x0, 0x0, 0x0, 0x0, 0x0, 0x0, 0xbf,
    0xff, 0xff, 0xff, 0xff, 0xff, 0xf4, 0x0, 0x0,
    0x0, 0x0, 0x0, 0x0, 0xbf, 0xff, 0xff, 0xff,
    0xff, 0xff, 0xf4, 0x0, 0x0, 0x0, 0x0, 0x0,
    0x0, 0x6f, 0xff, 0xff, 0xff, 0xff, 0xff, 0xf4,
    0x0, 0x0, 0x0, 0x0, 0x0, 0x0, 0x8, 0xff,
    0xff, 0xff, 0xff, 0xff, 0xf4, 0x0, 0x0, 0x0,
    0x0, 0x0, 0x0, 0x0, 0x9f, 0xff, 0xff, 0xff,
    0xff, 0xf4, 0x0, 0x0, 0x0, 0x0, 0x0, 0x0,
    0x0, 0xb, 0xff, 0xff, 0xff, 0xff, 0xf4, 0x0,
    0x0, 0x0, 0x0, 0x0, 0x0, 0x0, 0x0, 0xdf,
    0xff, 0xff, 0xff, 0xf4, 0x0, 0x0, 0x0, 0x0,
    0x0, 0x0, 0x0, 0x0, 0xf, 0xff, 0xff, 0xff,
    0xf4, 0x0, 0x0, 0x0, 0x0, 0x0, 0x0, 0x0,
    0x0, 0x0, 0xdf, 0xff, 0xec, 0xa4, 0x0, 0x0,
    0x0, 0x0, 0x0, 0x0, 0x0, 0x0, 0x0, 0x0,
    0x31, 0x0, 0x0, 0x0, 0x0, 0x0, 0x0, 0x0,
    0x0, 0x0, 0x0, 0x0, 0x0,

    /* U+F55A "" */
    0x0, 0x0, 0x0, 0x0, 0x4, 0x78, 0x88, 0x88,
    0x88, 0x88, 0x88, 0x88, 0x88, 0x88, 0x87, 0x30,
    0x0, 0x0, 0x0, 0x0, 0x1c, 0xff, 0xff, 0xff,
    0xff, 0xff, 0xff, 0xff, 0xff, 0xff, 0xff, 0xff,
    0x80, 0x0, 0x0, 0x0, 0x1d, 0xff, 0xff, 0xff,
    0xff, 0xff, 0xff, 0xff, 0xff, 0xff, 0xff, 0xff,
    0xff, 0x30, 0x0, 0x0, 0x1d, 0xff, 0xff, 0xff,
    0xff, 0xff, 0xff, 0xff, 0xff, 0xff, 0xff, 0xff,
    0xff, 0xf7, 0x0, 0x0, 0x1d, 0xff, 0xff, 0xff,
    0xff, 0xfa, 0xdf, 0xff, 0xff, 0xda, 0xff, 0xff,
    0xff, 0xff, 0x80, 0x0, 0x1d, 0xff, 0xff, 0xff,
    0xff, 0xf7, 0x1, 0xdf, 0xff, 0xd1, 0x8, 0xff,
    0xff, 0xff, 0xf8, 0x0, 0x1d, 0xff, 0xff, 0xff,
    0xff, 0xfd, 0x0, 0x1, 0xdf, 0xd1, 0x0, 0xd,
    0xff, 0xff, 0xff, 0x80, 0x1d, 0xff, 0xff, 0xff,
    0xff, 0xff, 0xf7, 0x0, 0x1, 0xb1, 0x0, 0x7,
    0xff, 0xff, 0xff, 0xf8, 0x1d, 0xff, 0xff, 0xff,
    0xff, 0xff, 0xff, 0xf7, 0x0, 0x0, 0x0, 0x7,
    0xff, 0xff, 0xff, 0xff, 0x8c, 0xff, 0xff, 0xff,
    0xff, 0xff, 0xff, 0xff, 0xf7, 0x0, 0x0, 0x7,
    0xff, 0xff, 0xff, 0xff, 0xf8, 0xff, 0xff, 0xff,
    0xff, 0xff, 0xff, 0xff, 0xff, 0xd0, 0x0, 0x0,
    0xdf, 0xff, 0xff, 0xff, 0xff, 0x86, 0xff, 0xff,
    0xff, 0xff, 0xff, 0xff, 0xff, 0xd1, 0x0, 0x0,
    0x1, 0xdf, 0xff, 0xff, 0xff, 0xf8, 0x7, 0xff,
    0xff, 0xff, 0xff, 0xff, 0xff, 0xd1, 0x0, 0x3,
    0x0, 0x1, 0xdf, 0xff, 0xff, 0xff, 0x80, 0x7,
    0xff, 0xff, 0xff, 0xff, 0xff, 0xe1, 0x0, 0x7,
    0xf7, 0x0, 0x1, 0xef, 0xff, 0xff, 0xf8, 0x0,
    0x7, 0xff, 0xff, 0xff, 0xff, 0xfe, 0x10, 0x7,
    0xff, 0xf7, 0x0, 0x2e, 0xff, 0xff, 0xff, 0x80,
    0x0, 0x7, 0xff, 0xff, 0xff, 0xff, 0xfd, 0x27,
    0xff, 0xff, 0xf7, 0x2e, 0xff, 0xff, 0xff, 0xf8,
    0x0, 0x0, 0x6, 0xff, 0xff, 0xff, 0xff, 0xff,
    0xff, 0xff, 0xff, 0xff, 0xff, 0xff, 0xff, 0xff,
    0x70, 0x0, 0x0, 0x6, 0xff, 0xff, 0xff, 0xff,
    0xff, 0xff, 0xff, 0xff, 0xff, 0xff, 0xff, 0xff,
    0xf5, 0x0, 0x0, 0x0, 0x6, 0xff, 0xff, 0xff,
    0xff, 0xff, 0xff, 0xff, 0xff, 0xff, 0xff, 0xff,
    0xfe, 0x0, 0x0, 0x0, 0x0, 0x4, 0xdf, 0xff,
    0xff, 0xff, 0xff, 0xff, 0xff, 0xff, 0xff, 0xff,
    0xfb, 0x20,

    /* U+F7C2 "" */
    0x0, 0x0, 0x1, 0xdf, 0xff, 0xff, 0xff, 0xff,
    0xd9, 0x0, 0x0, 0x0, 0x1d, 0xff, 0xff, 0xff,
    0xff, 0xff, 0xff, 0xb0, 0x0, 0x1, 0xdf, 0xff,
    0xff, 0xff, 0xff, 0xff, 0xff, 0xf2, 0x0, 0x1d,
    0xfc, 0x44, 0xfc, 0x44, 0xfc, 0x44, 0xff, 0xf5,
    0x1, 0xdf, 0xfb, 0x0, 0xeb, 0x0, 0xeb, 0x0,
    0xef, 0xf5, 0x1d, 0xff, 0xfb, 0x0, 0xeb, 0x0,
    0xeb, 0x0, 0xef, 0xf5, 0xdf, 0xff, 0xfb, 0x0,
    0xeb, 0x0, 0xeb, 0x0, 0xef, 0xf5, 0xff, 0xff,
    0xfb, 0x0, 0xeb, 0x0, 0xeb, 0x0, 0xef, 0xf5,
    0xff, 0xff, 0xff, 0xdd, 0xff, 0xdd, 0xff, 0xdd,
    0xff, 0xf5, 0xff, 0xff, 0xff, 0xff, 0xff, 0xff,
    0xff, 0xff, 0xff, 0xf5, 0xff, 0xff, 0xff, 0xff,
    0xff, 0xff, 0xff, 0xff, 0xff, 0xf5, 0xff, 0xff,
    0xff, 0xff, 0xff, 0xff, 0xff, 0xff, 0xff, 0xf5,
    0xff, 0xff, 0xff, 0xff, 0xff, 0xff, 0xff, 0xff,
    0xff, 0xf5, 0xff, 0xff, 0xff, 0xff, 0xff, 0xff,
    0xff, 0xff, 0xff, 0xf5, 0xff, 0xff, 0xff, 0xff,
    0xff, 0xff, 0xff, 0xff, 0xff, 0xf5, 0xff, 0xff,
    0xff, 0xff, 0xff, 0xff, 0xff, 0xff, 0xff, 0xf5,
    0xff, 0xff, 0xff, 0xff, 0xff, 0xff, 0xff, 0xff,
    0xff, 0xf5, 0xff, 0xff, 0xff, 0xff, 0xff, 0xff,
    0xff, 0xff, 0xff, 0xf5, 0xff, 0xff, 0xff, 0xff,
    0xff, 0xff, 0xff, 0xff, 0xff, 0xf5, 0xff, 0xff,
    0xff, 0xff, 0xff, 0xff, 0xff, 0xff, 0xff, 0xf5,
    0xff, 0xff, 0xff, 0xff, 0xff, 0xff, 0xff, 0xff,
    0xff, 0xf5, 0xff, 0xff, 0xff, 0xff, 0xff, 0xff,
    0xff, 0xff, 0xff, 0xf5, 0xff, 0xff, 0xff, 0xff,
    0xff, 0xff, 0xff, 0xff, 0xff, 0xf5, 0xdf, 0xff,
    0xff, 0xff, 0xff, 0xff, 0xff, 0xff, 0xff, 0xf3,
    0x7f, 0xff, 0xff, 0xff, 0xff, 0xff, 0xff, 0xff,
    0xff, 0xc0, 0x7, 0xef, 0xff, 0xff, 0xff, 0xff,
    0xff, 0xff, 0xfa, 0x10, 0x0, 0x0, 0x0, 0x0,
    0x0, 0x0, 0x0, 0x0, 0x0, 0x0,

    /* U+F8A2 "" */
    0x0, 0x0, 0x0, 0x0, 0x0, 0x0, 0x0, 0x0,
    0x0, 0x0, 0x0, 0x0, 0x0, 0x0, 0x0, 0x0,
    0x0, 0x0, 0x0, 0x0, 0x0, 0x0, 0x0, 0x0,
    0x0, 0x5, 0xf1, 0x0, 0x0, 0x0, 0x0, 0x0,
    0x0, 0x0, 0x0, 0x0, 0x0, 0x0, 0x5, 0xff,
    0x10, 0x0, 0x0, 0x0, 0x0, 0x0, 0x0, 0x0,
    0x0, 0x0, 0x0, 0x5, 0xff, 0xf1, 0x0, 0x0,
    0x1, 0xaa, 0x0, 0x0, 0x0, 0x0, 0x0, 0x0,
    0x0, 0xef, 0xff, 0x10, 0x0, 0x1, 0xdf, 0xf3,
    0x0, 0x0, 0x0, 0x0, 0x0, 0x0, 0xf, 0xff,
    0xf1, 0x0, 0x2, 0xdf, 0xff, 0x30, 0x0, 0x0,
    0x0, 0x0, 0x0, 0x0, 0xff, 0xff, 0x10, 0x2,
    0xef, 0xff, 0xf3, 0x0, 0x0, 0x0, 0x0, 0x0,
    0x0, 0xf, 0xff, 0xf1, 0x3, 0xef, 0xff, 0xff,
    0x86, 0x66, 0x66, 0x66, 0x66, 0x66, 0x66, 0xff,
    0xff, 0x14, 0xff, 0xff, 0xff, 0xff, 0xff, 0xff,
    0xff, 0xff, 0xff, 0xff, 0xff, 0xff, 0xf1, 0xdf,
    0xff, 0xff, 0xff, 0xff, 0xff, 0xff, 0xff, 0xff,
    0xff, 0xff, 0xff, 0xff, 0x17, 0xff, 0xff, 0xff,
    0xff, 0xff, 0xff, 0xff, 0xff, 0xff, 0xff, 0xff,
    0xff, 0xf1, 0x7, 0xff, 0xff, 0xff, 0xcb, 0xbb,
    0xbb, 0xbb, 0xbb, 0xbb, 0xbb, 0xbb, 0xa7, 0x0,
    0x6, 0xff, 0xff, 0xf3, 0x0, 0x0, 0x0, 0x0,
    0x0, 0x0, 0x0, 0x0, 0x0, 0x0, 0x5, 0xff,
    0xff, 0x30, 0x0, 0x0, 0x0, 0x0, 0x0, 0x0,
    0x0, 0x0, 0x0, 0x0, 0x4, 0xff, 0xf3, 0x0,
    0x0, 0x0, 0x0, 0x0, 0x0, 0x0, 0x0, 0x0,
    0x0, 0x0, 0x3, 0xee, 0x10, 0x0, 0x0, 0x0,
    0x0, 0x0, 0x0, 0x0, 0x0, 0x0, 0x0, 0x0,
    0x0, 0x0, 0x0, 0x0, 0x0, 0x0, 0x0, 0x0,
    0x0, 0x0, 0x0
};


/*---------------------
 *  GLYPH DESCRIPTION
 *--------------------*/

static const lv_font_fmt_txt_glyph_dsc_t glyph_dsc[] = {
    {.bitmap_index = 0, .adv_w = 0, .box_w = 0, .box_h = 0, .ofs_x = 0, .ofs_y = 0} /* id = 0 reserved */,
    {.bitmap_index = 0, .adv_w = 108, .box_w = 0, .box_h = 0, .ofs_x = 0, .ofs_y = 0},
    {.bitmap_index = 0, .adv_w = 119, .box_w = 5, .box_h = 19, .ofs_x = 1, .ofs_y = 0},
    {.bitmap_index = 48, .adv_w = 196, .box_w = 10, .box_h = 7, .ofs_x = 1, .ofs_y = 12},
    {.bitmap_index = 83, .adv_w = 269, .box_w = 17, .box_h = 19, .ofs_x = 0, .ofs_y = 0},
    {.bitmap_index = 245, .adv_w = 238, .box_w = 13, .box_h = 23, .ofs_x = 1, .ofs_y = -2},
    {.bitmap_index = 395, .adv_w = 375, .box_w = 23, .box_h = 19, .ofs_x = 0, .ofs_y = 0},
    {.bitmap_index = 614, .adv_w = 312, .box_w = 19, .box_h = 19, .ofs_x = 1, .ofs_y = 0},
    {.bitmap_index = 795, .adv_w = 111, .box_w = 5, .box_h = 7, .ofs_x = 1, .ofs_y = 12},
    {.bitmap_index = 813, .adv_w = 141, .box_w = 8, .box_h = 24, .ofs_x = 1, .ofs_y = -5},
    {.bitmap_index = 909, .adv_w = 141, .box_w = 8, .box_h = 24, .ofs_x = 0, .ofs_y = -5},
    {.bitmap_index = 1005, .adv_w = 227, .box_w = 14, .box_h = 13, .ofs_x = 0, .ofs_y = 8},
    {.bitmap_index = 1096, .adv_w = 238, .box_w = 13, .box_h = 14, .ofs_x = 1, .ofs_y = 3},
    {.bitmap_index = 1187, .adv_w = 119, .box_w = 6, .box_h = 7, .ofs_x = 0, .ofs_y = -3},
    {.bitmap_index = 1208, .adv_w = 134, .box_w = 8, .box_h = 4, .ofs_x = 0, .ofs_y = 6},
    {.bitmap_index = 1224, .adv_w = 119, .box_w = 5, .box_h = 5, .ofs_x = 1, .ofs_y = 0},
    {.bitmap_index = 1237, .adv_w = 172, .box_w = 11, .box_h = 19, .ofs_x = 0, .ofs_y = 0},
    {.bitmap_index = 1342, .adv_w = 238, .box_w = 14, .box_h = 19, .ofs_x = 0, .ofs_y = 0},
    {.bitmap_index = 1475, .adv_w = 238, .box_w = 10, .box_h = 19, .ofs_x = 1, .ofs_y = 0},
    {.bitmap_index = 1570, .adv_w = 238, .box_w = 15, .box_h = 19, .ofs_x = 0, .ofs_y = 0},
    {.bitmap_index = 1713, .adv_w = 238, .box_w = 14, .box_h = 19, .ofs_x = 0, .ofs_y = 0},
    {.bitmap_index = 1846, .adv_w = 238, .box_w = 15, .box_h = 19, .ofs_x = 0, .ofs_y = 0},
    {.bitmap_index = 1989, .adv_w = 238, .box_w = 13, .box_h = 19, .ofs_x = 1, .ofs_y = 0},
    {.bitmap_index = 2113, .adv_w = 238, .box_w = 15, .box_h = 19, .ofs_x = 0, .ofs_y = 0},
    {.bitmap_index = 2256, .adv_w = 238, .box_w = 15, .box_h = 19, .ofs_x = 0, .ofs_y = 0},
    {.bitmap_index = 2399, .adv_w = 238, .box_w = 14, .box_h = 19, .ofs_x = 0, .ofs_y = 0},
    {.bitmap_index = 2532, .adv_w = 238, .box_w = 14, .box_h = 19, .ofs_x = 0, .ofs_y = 0},
    {.bitmap_index = 2665, .adv_w = 119, .box_w = 5, .box_h = 15, .ofs_x = 1, .ofs_y = 0},
    {.bitmap_index = 2703, .adv_w = 119, .box_w = 6, .box_h = 19, .ofs_x = 0, .ofs_y = -4},
    {.bitmap_index = 2760, .adv_w = 238, .box_w = 13, .box_h = 15, .ofs_x = 1, .ofs_y = 2},
    {.bitmap_index = 2858, .adv_w = 238, .box_w = 13, .box_h = 8, .ofs_x = 1, .ofs_y = 6},
    {.bitmap_index = 2910, .adv_w = 238, .box_w = 13, .box_h = 15, .ofs_x = 1, .ofs_y = 2},
    {.bitmap_index = 3008, .adv_w = 198, .box_w = 12, .box_h = 19, .ofs_x = 0, .ofs_y = 0},
    {.bitmap_index = 3122, .adv_w = 373, .box_w = 22, .box_h = 21, .ofs_x = 1, .ofs_y = -2},
    {.bitmap_index = 3353, .adv_w = 287, .box_w = 18, .box_h = 19, .ofs_x = 0, .ofs_y = 0},
    {.bitmap_index = 3524, .adv_w = 280, .box_w = 15, .box_h = 19, .ofs_x = 2, .ofs_y = 0},
    {.bitmap_index = 3667, .adv_w = 265, .box_w = 15, .box_h = 19, .ofs_x = 1, .ofs_y = 0},
    {.bitmap_index = 3810, .adv_w = 308, .box_w = 16, .box_h = 19, .ofs_x = 2, .ofs_y = 0},
    {.bitmap_index = 3962, .adv_w = 233, .box_w = 12, .box_h = 19, .ofs_x = 2, .ofs_y = 0},
    {.bitmap_index = 4076, .adv_w = 228, .box_w = 11, .box_h = 19, .ofs_x = 2, .ofs_y = 0},
    {.bitmap_index = 4181, .adv_w = 301, .box_w = 16, .box_h = 19, .ofs_x = 1, .ofs_y = 0},
    {.bitmap_index = 4333, .adv_w = 318, .box_w = 16, .box_h = 19, .ofs_x = 2, .ofs_y = 0},
    {.bitmap_index = 4485, .adv_w = 162, .box_w = 10, .box_h = 19, .ofs_x = 0, .ofs_y = 0},
    {.bitmap_index = 4580, .adv_w = 138, .box_w = 9, .box_h = 25, .ofs_x = -2, .ofs_y = -6},
    {.bitmap_index = 4693, .adv_w = 276, .box_w = 16, .box_h = 19, .ofs_x = 2, .ofs_y = 0},
    {.bitmap_index = 4845, .adv_w = 235, .box_w = 12, .box_h = 19, .ofs_x = 2, .ofs_y = 0},
    {.bitmap_index = 4959, .adv_w = 392, .box_w = 21, .box_h = 19, .ofs_x = 2, .ofs_y = 0},
    {.bitmap_index = 5159, .adv_w = 338, .box_w = 17, .box_h = 19, .ofs_x = 2, .ofs_y = 0},
    {.bitmap_index = 5321, .adv_w = 331, .box_w = 19, .box_h = 19, .ofs_x = 1, .ofs_y = 0},
    {.bitmap_index = 5502, .adv_w = 261, .box_w = 14, .box_h = 19, .ofs_x = 2, .ofs_y = 0},
    {.bitmap_index = 5635, .adv_w = 331, .box_w = 19, .box_h = 24, .ofs_x = 1, .ofs_y = -5},
    {.bitmap_index = 5863, .adv_w = 275, .box_w = 16, .box_h = 19, .ofs_x = 2, .ofs_y = 0},
    {.bitmap_index = 6015, .adv_w = 229, .box_w = 13, .box_h = 19, .ofs_x = 1, .ofs_y = 0},
    {.bitmap_index = 6139, .adv_w = 241, .box_w = 15, .box_h = 19, .ofs_x = 0, .ofs_y = 0},
    {.bitmap_index = 6282, .adv_w = 314, .box_w = 16, .box_h = 19, .ofs_x = 2, .ofs_y = 0},
    {.bitmap_index = 6434, .adv_w = 270, .box_w = 17, .box_h = 19, .ofs_x = 0, .ofs_y = 0},
    {.bitmap_index = 6596, .adv_w = 402, .box_w = 26, .box_h = 19, .ofs_x = 0, .ofs_y = 0},
    {.bitmap_index = 6843, .adv_w = 277, .box_w = 18, .box_h = 19, .ofs_x = 0, .ofs_y = 0},
    {.bitmap_index = 7014, .adv_w = 260, .box_w = 17, .box_h = 19, .ofs_x = 0, .ofs_y = 0},
    {.bitmap_index = 7176, .adv_w = 241, .box_w = 15, .box_h = 19, .ofs_x = 0, .ofs_y = 0},
    {.bitmap_index = 7319, .adv_w = 138, .box_w = 7, .box_h = 24, .ofs_x = 1, .ofs_y = -5},
    {.bitmap_index = 7403, .adv_w = 172, .box_w = 11, .box_h = 19, .ofs_x = 0, .ofs_y = 0},
    {.bitmap_index = 7508, .adv_w = 138, .box_w = 7, .box_h = 24, .ofs_x = 0, .ofs_y = -5},
    {.bitmap_index = 7592, .adv_w = 238, .box_w = 15, .box_h = 13, .ofs_x = 0, .ofs_y = 7},
    {.bitmap_index = 7690, .adv_w = 171, .box_w = 12, .box_h = 2, .ofs_x = -1, .ofs_y = -4},
    {.bitmap_index = 7702, .adv_w = 252, .box_w = 8, .box_h = 5, .ofs_x = 4, .ofs_y = 16},
    {.bitmap_index = 7722, .adv_w = 251, .box_w = 13, .box_h = 15, .ofs_x = 1, .ofs_y = 0},
    {.bitmap_index = 7820, .adv_w = 263, .box_w = 14, .box_h = 21, .ofs_x = 2, .ofs_y = 0},
    {.bitmap_index = 7967, .adv_w = 214, .box_w = 12, .box_h = 15, .ofs_x = 1, .ofs_y = 0},
    {.bitmap_index = 8057, .adv_w = 263, .box_w = 14, .box_h = 21, .ofs_x = 1, .ofs_y = 0},
    {.bitmap_index = 8204, .adv_w = 246, .box_w = 14, .box_h = 15, .ofs_x = 1, .ofs_y = 0},
    {.bitmap_index = 8309, .adv_w = 161, .box_w = 12, .box_h = 21, .ofs_x = 0, .ofs_y = 0},
    {.bitmap_index = 8435, .adv_w = 263, .box_w = 14, .box_h = 21, .ofs_x = 1, .ofs_y = -6},
    {.bitmap_index = 8582, .adv_w = 273, .box_w = 14, .box_h = 21, .ofs_x = 2, .ofs_y = 0},
    {.bitmap_index = 8729, .adv_w = 127, .box_w = 6, .box_h = 21, .ofs_x = 1, .ofs_y = 0},
    {.bitmap_index = 8792, .adv_w = 127, .box_w = 9, .box_h = 27, .ofs_x = -2, .ofs_y = -6},
    {.bitmap_index = 8914, .adv_w = 258, .box_w = 15, .box_h = 21, .ofs_x = 2, .ofs_y = 0},
    {.bitmap_index = 9072, .adv_w = 127, .box_w = 4, .box_h = 21, .ofs_x = 2, .ofs_y = 0},
    {.bitmap_index = 9114, .adv_w = 408, .box_w = 22, .box_h = 15, .ofs_x = 2, .ofs_y = 0},
    {.bitmap_index = 9279, .adv_w = 273, .box_w = 14, .box_h = 15, .ofs_x = 2, .ofs_y = 0},
    {.bitmap_index = 9384, .adv_w = 258, .box_w = 14, .box_h = 15, .ofs_x = 1, .ofs_y = 0},
    {.bitmap_index = 9489, .adv_w = 263, .box_w = 14, .box_h = 21, .ofs_x = 2, .ofs_y = -6},
    {.bitmap_index = 9636, .adv_w = 263, .box_w = 14, .box_h = 21, .ofs_x = 1, .ofs_y = -6},
    {.bitmap_index = 9783, .adv_w = 189, .box_w = 10, .box_h = 15, .ofs_x = 2, .ofs_y = 0},
    {.bitmap_index = 9858, .adv_w = 207, .box_w = 11, .box_h = 15, .ofs_x = 1, .ofs_y = 0},
    {.bitmap_index = 9941, .adv_w = 181, .box_w = 11, .box_h = 18, .ofs_x = 0, .ofs_y = 0},
    {.bitmap_index = 10040, .adv_w = 273, .box_w = 15, .box_h = 15, .ofs_x = 1, .ofs_y = 0},
    {.bitmap_index = 10153, .adv_w = 237, .box_w = 15, .box_h = 15, .ofs_x = 0, .ofs_y = 0},
    {.bitmap_index = 10266, .adv_w = 356, .box_w = 22, .box_h = 15, .ofs_x = 0, .ofs_y = 0},
    {.bitmap_index = 10431, .adv_w = 241, .box_w = 15, .box_h = 15, .ofs_x = 0, .ofs_y = 0},
    {.bitmap_index = 10544, .adv_w = 237, .box_w = 15, .box_h = 21, .ofs_x = 0, .ofs_y = -6},
    {.bitmap_index = 10702, .adv_w = 203, .box_w = 12, .box_h = 15, .ofs_x = 0, .ofs_y = 0},
    {.bitmap_index = 10792, .adv_w = 164, .box_w = 10, .box_h = 24, .ofs_x = 0, .ofs_y = -5},
    {.bitmap_index = 10912, .adv_w = 229, .box_w = 4, .box_h = 27, .ofs_x = 5, .ofs_y = -6},
    {.bitmap_index = 10966, .adv_w = 164, .box_w = 9, .box_h = 24, .ofs_x = 1, .ofs_y = -5},
    {.bitmap_index = 11074, .adv_w = 238, .box_w = 13, .box_h = 6, .ofs_x = 1, .ofs_y = 6},
    {.bitmap_index = 11113, .adv_w = 416, .box_w = 27, .box_h = 28, .ofs_x = 0, .ofs_y = -4},
    {.bitmap_index = 11491, .adv_w = 416, .box_w = 26, .box_h = 20, .ofs_x = 0, .ofs_y = 0},
    {.bitmap_index = 11751, .adv_w = 416, .box_w = 26, .box_h = 24, .ofs_x = 0, .ofs_y = -2},
    {.bitmap_index = 12063, .adv_w = 416, .box_w = 26, .box_h = 20, .ofs_x = 0, .ofs_y = 0},
    {.bitmap_index = 12323, .adv_w = 286, .box_w = 18, .box_h = 19, .ofs_x = 0, .ofs_y = 0},
    {.bitmap_index = 12494, .adv_w = 416, .box_w = 26, .box_h = 26, .ofs_x = 0, .ofs_y = -3},
    {.bitmap_index = 12832, .adv_w = 416, .box_w = 26, .box_h = 27, .ofs_x = 0, .ofs_y = -4},
    {.bitmap_index = 13183, .adv_w = 468, .box_w = 30, .box_h = 24, .ofs_x = 0, .ofs_y = -2},
    {.bitmap_index = 13543, .adv_w = 416, .box_w = 26, .box_h = 27, .ofs_x = 0, .ofs_y = -4},
    {.bitmap_index = 13894, .adv_w = 468, .box_w = 30, .box_h = 20, .ofs_x = 0, .ofs_y = 0},
    {.bitmap_index = 14194, .adv_w = 416, .box_w = 26, .box_h = 27, .ofs_x = 0, .ofs_y = -4},
    {.bitmap_index = 14545, .adv_w = 208, .box_w = 13, .box_h = 21, .ofs_x = 0, .ofs_y = -1},
    {.bitmap_index = 14682, .adv_w = 312, .box_w = 20, .box_h = 21, .ofs_x = 0, .ofs_y = -1},
    {.bitmap_index = 14892, .adv_w = 468, .box_w = 30, .box_h = 26, .ofs_x = 0, .ofs_y = -3},
    {.bitmap_index = 15282, .adv_w = 416, .box_w = 26, .box_h = 20, .ofs_x = 0, .ofs_y = 0},
    {.bitmap_index = 15542, .adv_w = 286, .box_w = 18, .box_h = 27, .ofs_x = 0, .ofs_y = -4},
    {.bitmap_index = 15785, .adv_w = 364, .box_w = 17, .box_h = 25, .ofs_x = 3, .ofs_y = -3},
    {.bitmap_index = 15998, .adv_w = 364, .box_w = 23, .box_h = 28, .ofs_x = 0, .ofs_y = -4},
    {.bitmap_index = 16320, .adv_w = 364, .box_w = 23, .box_h = 24, .ofs_x = 0, .ofs_y = -2},
    {.bitmap_index = 16596, .adv_w = 364, .box_w = 23, .box_h = 24, .ofs_x = 0, .ofs_y = -2},
    {.bitmap_index = 16872, .adv_w = 364, .box_w = 17, .box_h = 25, .ofs_x = 3, .ofs_y = -3},
    {.bitmap_index = 17085, .adv_w = 364, .box_w = 25, .box_h = 24, .ofs_x = -1, .ofs_y = -2},
    {.bitmap_index = 17385, .adv_w = 260, .box_w = 14, .box_h = 23, .ofs_x = 1, .ofs_y = -2},
    {.bitmap_index = 17546, .adv_w = 260, .box_w = 14, .box_h = 23, .ofs_x = 1, .ofs_y = -2},
    {.bitmap_index = 17707, .adv_w = 364, .box_w = 23, .box_h = 24, .ofs_x = 0, .ofs_y = -2},
    {.bitmap_index = 17983, .adv_w = 364, .box_w = 23, .box_h = 6, .ofs_x = 0, .ofs_y = 7},
    {.bitmap_index = 18052, .adv_w = 468, .box_w = 30, .box_h = 20, .ofs_x = 0, .ofs_y = 0},
    {.bitmap_index = 18352, .adv_w = 520, .box_w = 33, .box_h = 27, .ofs_x = 0, .ofs_y = -4},
    {.bitmap_index = 18798, .adv_w = 468, .box_w = 31, .box_h = 27, .ofs_x = -1, .ofs_y = -4},
    {.bitmap_index = 19217, .adv_w = 416, .box_w = 26, .box_h = 24, .ofs_x = 0, .ofs_y = -2},
    {.bitmap_index = 19529, .adv_w = 364, .box_w = 23, .box_h = 14, .ofs_x = 0, .ofs_y = 3},
    {.bitmap_index = 19690, .adv_w = 364, .box_w = 23, .box_h = 14, .ofs_x = 0, .ofs_y = 3},
    {.bitmap_index = 19851, .adv_w = 520, .box_w = 33, .box_h = 21, .ofs_x = 0, .ofs_y = -1},
    {.bitmap_index = 20198, .adv_w = 416, .box_w = 26, .box_h = 20, .ofs_x = 0, .ofs_y = 0},
    {.bitmap_index = 20458, .adv_w = 416, .box_w = 26, .box_h = 27, .ofs_x = 0, .ofs_y = -4},
    {.bitmap_index = 20809, .adv_w = 416, .box_w = 27, .box_h = 27, .ofs_x = -1, .ofs_y = -4},
    {.bitmap_index = 21174, .adv_w = 364, .box_w = 24, .box_h = 24, .ofs_x = 0, .ofs_y = -2},
    {.bitmap_index = 21462, .adv_w = 364, .box_w = 23, .box_h = 27, .ofs_x = 0, .ofs_y = -4},
    {.bitmap_index = 21773, .adv_w = 364, .box_w = 23, .box_h = 24, .ofs_x = 0, .ofs_y = -2},
    {.bitmap_index = 22049, .adv_w = 364, .box_w = 23, .box_h = 21, .ofs_x = 0, .ofs_y = -1},
    {.bitmap_index = 22291, .adv_w = 416, .box_w = 26, .box_h = 20, .ofs_x = 0, .ofs_y = 0},
    {.bitmap_index = 22551, .adv_w = 260, .box_w = 18, .box_h = 27, .ofs_x = -1, .ofs_y = -4},
    {.bitmap_index = 22794, .adv_w = 364, .box_w = 23, .box_h = 27, .ofs_x = 0, .ofs_y = -4},
    {.bitmap_index = 23105, .adv_w = 364, .box_w = 23, .box_h = 27, .ofs_x = 0, .ofs_y = -4},
    {.bitmap_index = 23416, .adv_w = 468, .box_w = 30, .box_h = 20, .ofs_x = 0, .ofs_y = 0},
    {.bitmap_index = 23716, .adv_w = 416, .box_w = 28, .box_h = 28, .ofs_x = -1, .ofs_y = -4},
    {.bitmap_index = 24108, .adv_w = 312, .box_w = 20, .box_h = 27, .ofs_x = 0, .ofs_y = -4},
    {.bitmap_index = 24378, .adv_w = 520, .box_w = 33, .box_h = 24, .ofs_x = 0, .ofs_y = -2},
    {.bitmap_index = 24774, .adv_w = 520, .box_w = 33, .box_h = 17, .ofs_x = 0, .ofs_y = 1},
    {.bitmap_index = 25055, .adv_w = 520, .box_w = 33, .box_h = 17, .ofs_x = 0, .ofs_y = 1},
    {.bitmap_index = 25336, .adv_w = 520, .box_w = 33, .box_h = 17, .ofs_x = 0, .ofs_y = 1},
    {.bitmap_index = 25617, .adv_w = 520, .box_w = 33, .box_h = 17, .ofs_x = 0, .ofs_y = 1},
    {.bitmap_index = 25898, .adv_w = 520, .box_w = 33, .box_h = 17, .ofs_x = 0, .ofs_y = 1},
    {.bitmap_index = 26179, .adv_w = 520, .box_w = 33, .box_h = 21, .ofs_x = 0, .ofs_y = -1},
    {.bitmap_index = 26526, .adv_w = 364, .box_w = 21, .box_h = 27, .ofs_x = 1, .ofs_y = -4},
    {.bitmap_index = 26810, .adv_w = 364, .box_w = 23, .box_h = 27, .ofs_x = 0, .ofs_y = -4},
    {.bitmap_index = 27121, .adv_w = 416, .box_w = 27, .box_h = 27, .ofs_x = -1, .ofs_y = -4},
    {.bitmap_index = 27486, .adv_w = 520, .box_w = 33, .box_h = 20, .ofs_x = 0, .ofs_y = 0},
    {.bitmap_index = 27816, .adv_w = 312, .box_w = 20, .box_h = 27, .ofs_x = 0, .ofs_y = -4},
    {.bitmap_index = 28086, .adv_w = 418, .box_w = 27, .box_h = 18, .ofs_x = 0, .ofs_y = 1}
};

/*---------------------
 *  CHARACTER MAPPING
 *--------------------*/

static const uint16_t unicode_list_1[] = {
    0x0, 0x7, 0xa, 0xb, 0xc, 0x10, 0x12, 0x14,
    0x18, 0x1b, 0x20, 0x25, 0x26, 0x27, 0x3d, 0x42,
    0x47, 0x4a, 0x4b, 0x4c, 0x50, 0x51, 0x52, 0x53,
    0x66, 0x67, 0x6d, 0x6f, 0x70, 0x73, 0x76, 0x77,
    0x78, 0x7a, 0x92, 0x94, 0xc3, 0xc4, 0xc6, 0xc8,
    0xdf, 0xe6, 0xe9, 0xf2, 0x11b, 0x123, 0x15a, 0x1ea,
    0x23f, 0x240, 0x241, 0x242, 0x243, 0x286, 0x292, 0x2ec,
    0x303, 0x559, 0x7c1, 0x8a1
};

/*Collect the unicode lists and glyph_id offsets*/
static const lv_font_fmt_txt_cmap_t cmaps[] =
{
    {
        .range_start = 32, .range_length = 95, .glyph_id_start = 1,
        .unicode_list = NULL, .glyph_id_ofs_list = NULL, .list_length = 0, .type = LV_FONT_FMT_TXT_CMAP_FORMAT0_TINY
    },
    {
        .range_start = 61441, .range_length = 2210, .glyph_id_start = 96,
        .unicode_list = unicode_list_1, .glyph_id_ofs_list = NULL, .list_length = 60, .type = LV_FONT_FMT_TXT_CMAP_SPARSE_TINY
    }
};



/*--------------------
 *  ALL CUSTOM DATA
 *--------------------*/

#if LVGL_VERSION_MAJOR == 8
/*Store all the custom data of the font*/
static  lv_font_fmt_txt_glyph_cache_t cache;
#endif

#if LVGL_VERSION_MAJOR >= 8
static const lv_font_fmt_txt_dsc_t font_dsc = {
#else
static lv_font_fmt_txt_dsc_t font_dsc = {
#endif
    .glyph_bitmap = glyph_bitmap,
    .glyph_dsc = glyph_dsc,
    .cmaps = cmaps,
    .kern_dsc = NULL,
    .kern_scale = 0,
    .cmap_num = 2,
    .bpp = 4,
    .kern_classes = 0,
    .bitmap_format = 0,
#if LVGL_VERSION_MAJOR == 8
    .cache = &cache
#endif
};



/*-----------------
 *  PUBLIC FONT
 *----------------*/

/*Initialize a public general font descriptor*/
#if LVGL_VERSION_MAJOR >= 8
const lv_font_t lv_font_NotoSans_Bold_26 = {
#else
lv_font_t lv_font_NotoSans_Bold_26 = {
#endif
    .get_glyph_dsc = lv_font_get_glyph_dsc_fmt_txt,    /*Function pointer to get glyph's data*/
    .get_glyph_bitmap = lv_font_get_bitmap_fmt_txt,    /*Function pointer to get glyph's bitmap*/
    .line_height = 26,          /*The maximum line height required by the font*/
    .base_line = 3,             /*Baseline measured from the bottom of the line*/
#if !(LVGL_VERSION_MAJOR == 6 && LVGL_VERSION_MINOR == 0)
    .subpx = LV_FONT_SUBPX_NONE,
#endif
#if LV_VERSION_CHECK(7, 4, 0) || LVGL_VERSION_MAJOR >= 8
    .underline_position = -2,
    .underline_thickness = 1,
#endif
    .dsc = &font_dsc,          /*The custom font data. Will be accessed by `get_glyph_bitmap/dsc` */
#if LV_VERSION_CHECK(8, 2, 0) || LVGL_VERSION_MAJOR >= 9
    .fallback = NULL,
#endif
    .user_data = NULL,
};



#endif /*#if LV_FONT_NOTOSANS_BOLD_26*/

