/*******************************************************************************
 * Size: 20 px
 * Bpp: 4
 * Opts: undefined
 ******************************************************************************/

#ifdef LV_LVGL_H_INCLUDE_SIMPLE
#include "lvgl.h"
#else
#include "lvgl.h"
#endif

#ifndef LV_FONT_NOTOSANS_REGULAR_20
#define LV_FONT_NOTOSANS_REGULAR_20 1
#endif

#if LV_FONT_NOTOSANS_REGULAR_20

/*-----------------
 *    BITMAPS
 *----------------*/

/*Store the image of the glyphs*/
static LV_ATTRIBUTE_LARGE_CONST const uint8_t glyph_bitmap[] = {
    /* U+0020 " " */

    /* U+0021 "!" */
    0x5f, 0xb4, 0xfb, 0x4f, 0xa3, 0xf9, 0x2f, 0x81,
    0xf7, 0x1f, 0x70, 0xf6, 0xf, 0x50, 0xe4, 0x4,
    0x12, 0xa5, 0x8f, 0xe4, 0xf9,

    /* U+0022 "\"" */
    0xaf, 0x20, 0xfd, 0x9f, 0x10, 0xeb, 0x8f, 0x0,
    0xda, 0x6e, 0x0, 0xc9, 0x5d, 0x0, 0xb8, 0x2,
    0x0, 0x11,

    /* U+0023 "#" */
    0x0, 0x0, 0x2f, 0x40, 0xd, 0x90, 0x0, 0x0,
    0x5, 0xf1, 0x0, 0xf5, 0x0, 0x0, 0x0, 0x8e,
    0x0, 0x3f, 0x20, 0x0, 0x1, 0x1c, 0xb1, 0x17,
    0xf1, 0x10, 0xc, 0xff, 0xff, 0xff, 0xff, 0xff,
    0x60, 0x34, 0x5f, 0x74, 0x4e, 0xa4, 0x41, 0x0,
    0x4, 0xf1, 0x0, 0xf6, 0x0, 0x0, 0x0, 0x7f,
    0x0, 0x3f, 0x30, 0x0, 0x1, 0x1a, 0xc1, 0x16,
    0xf2, 0x10, 0x8, 0xff, 0xff, 0xff, 0xff, 0xff,
    0xb0, 0x24, 0x4f, 0x84, 0x4d, 0xb4, 0x43, 0x0,
    0x3, 0xf2, 0x0, 0xf7, 0x0, 0x0, 0x0, 0x7f,
    0x0, 0x2f, 0x30, 0x0, 0x0, 0xa, 0xc0, 0x6,
    0xf0, 0x0, 0x0,

    /* U+0024 "$" */
    0x0, 0x0, 0xf5, 0x0, 0x0, 0x0, 0x1, 0xf7,
    0x10, 0x0, 0x4, 0xdf, 0xff, 0xfe, 0x70, 0x2f,
    0xe6, 0xf8, 0x5a, 0x60, 0x8f, 0x40, 0xf5, 0x0,
    0x0, 0x8f, 0x50, 0xf5, 0x0, 0x0, 0x3f, 0xe5,
    0xf5, 0x0, 0x0, 0x6, 0xff, 0xfb, 0x30, 0x0,
    0x0, 0x17, 0xff, 0xfb, 0x10, 0x0, 0x0, 0xf7,
    0x9f, 0xc0, 0x0, 0x0, 0xf5, 0xc, 0xf1, 0x0,
    0x0, 0xf5, 0xb, 0xf0, 0xa8, 0x53, 0xf8, 0x9f,
    0xa0, 0x9f, 0xff, 0xff, 0xf8, 0x0, 0x0, 0x34,
    0xf7, 0x0, 0x0, 0x0, 0x0, 0xf5, 0x0, 0x0,
    0x0, 0x0, 0x72, 0x0, 0x0,

    /* U+0025 "%" */
    0x0, 0xaf, 0xe7, 0x0, 0x0, 0xc, 0xb0, 0x0,
    0x8, 0xf6, 0x7f, 0x40, 0x0, 0x5f, 0x30, 0x0,
    0xd, 0xa0, 0xc, 0xb0, 0x0, 0xe9, 0x0, 0x0,
    0xf, 0x70, 0x9, 0xd0, 0x7, 0xf1, 0x0, 0x0,
    0xf, 0x70, 0x9, 0xd0, 0x1f, 0x70, 0x0, 0x0,
    0xd, 0x90, 0xb, 0xc0, 0x9e, 0x2c, 0xfe, 0x40,
    0x8, 0xe2, 0x4f, 0x73, 0xf5, 0xcd, 0x5a, 0xf0,
    0x1, 0xcf, 0xfb, 0xb, 0xc1, 0xf6, 0x1, 0xf6,
    0x0, 0x2, 0x20, 0x4f, 0x33, 0xf3, 0x0, 0xe8,
    0x0, 0x0, 0x0, 0xda, 0x4, 0xf3, 0x0, 0xd9,
    0x0, 0x0, 0x7, 0xf2, 0x2, 0xf4, 0x0, 0xe9,
    0x0, 0x0, 0x1e, 0x80, 0x0, 0xf6, 0x1, 0xf6,
    0x0, 0x0, 0x9e, 0x0, 0x0, 0xae, 0x5b, 0xf1,
    0x0, 0x2, 0xf6, 0x0, 0x0, 0x1b, 0xfd, 0x40,

    /* U+0026 "&" */
    0x0, 0x3b, 0xef, 0xc4, 0x0, 0x0, 0x0, 0x2,
    0xfe, 0x88, 0xef, 0x20, 0x0, 0x0, 0x8, 0xf4,
    0x0, 0x5f, 0x70, 0x0, 0x0, 0x7, 0xf3, 0x0,
    0x5f, 0x60, 0x0, 0x0, 0x2, 0xfc, 0x2, 0xee,
    0x10, 0x0, 0x0, 0x0, 0x6f, 0xdf, 0xc2, 0x0,
    0x0, 0x0, 0x0, 0x7f, 0xfe, 0x10, 0x0, 0x3,
    0x20, 0xb, 0xf9, 0x7f, 0xd1, 0x0, 0x3f, 0x80,
    0x8f, 0x80, 0x6, 0xfd, 0x10, 0x9f, 0x30, 0xdf,
    0x0, 0x0, 0x6f, 0xd4, 0xfc, 0x0, 0xef, 0x0,
    0x0, 0x5, 0xff, 0xf3, 0x0, 0xbf, 0x50, 0x0,
    0x2, 0xef, 0xe2, 0x0, 0x3f, 0xf9, 0x67, 0xbf,
    0xe8, 0xfe, 0x20, 0x2, 0xad, 0xfe, 0xc7, 0x0,
    0x5f, 0xe2,

    /* U+0027 "'" */
    0xaf, 0x29, 0xf1, 0x8f, 0x6, 0xe0, 0x5d, 0x0,
    0x20,

    /* U+0028 "(" */
    0x0, 0x9, 0xf2, 0x0, 0x4f, 0x70, 0x0, 0xce,
    0x0, 0x3, 0xf8, 0x0, 0x9, 0xf3, 0x0, 0xd,
    0xf0, 0x0, 0xf, 0xc0, 0x0, 0x1f, 0xa0, 0x0,
    0x2f, 0x90, 0x0, 0x2f, 0xa0, 0x0, 0x1f, 0xb0,
    0x0, 0xf, 0xd0, 0x0, 0xb, 0xf1, 0x0, 0x7,
    0xf5, 0x0, 0x1, 0xfb, 0x0, 0x0, 0x9f, 0x20,
    0x0, 0x1e, 0xc0, 0x0, 0x3, 0x81,

    /* U+0029 ")" */
    0x2f, 0x90, 0x0, 0x7, 0xf4, 0x0, 0x0, 0xec,
    0x0, 0x0, 0x9f, 0x30, 0x0, 0x3f, 0x80, 0x0,
    0xf, 0xc0, 0x0, 0xc, 0xf0, 0x0, 0xa, 0xf1,
    0x0, 0x9, 0xf2, 0x0, 0xa, 0xf2, 0x0, 0xb,
    0xf1, 0x0, 0xd, 0xf0, 0x0, 0x1f, 0xb0, 0x0,
    0x5f, 0x70, 0x0, 0xcf, 0x10, 0x3, 0xf9, 0x0,
    0xc, 0xe1, 0x0, 0x18, 0x30, 0x0,

    /* U+002A "*" */
    0x0, 0x0, 0x7f, 0x60, 0x0, 0x0, 0x0, 0x5,
    0xf4, 0x0, 0x0, 0x1, 0x0, 0x3f, 0x20, 0x1,
    0x0, 0xfd, 0x86, 0xf5, 0x8d, 0xf0, 0x1a, 0xcd,
    0xff, 0xfd, 0xca, 0x10, 0x0, 0x1e, 0xed, 0x0,
    0x0, 0x0, 0xb, 0xf2, 0xfa, 0x0, 0x0, 0x6,
    0xf9, 0x9, 0xf6, 0x0, 0x0, 0x4d, 0x20, 0x2d,
    0x40, 0x0, 0x0, 0x0, 0x0, 0x0, 0x0,

    /* U+002B "+" */
    0x0, 0x0, 0xc5, 0x0, 0x0, 0x0, 0x0, 0xf6,
    0x0, 0x0, 0x0, 0x0, 0xf6, 0x0, 0x0, 0x0,
    0x0, 0xf6, 0x0, 0x0, 0x11, 0x11, 0xf7, 0x11,
    0x10, 0xff, 0xff, 0xff, 0xff, 0xf6, 0x44, 0x44,
    0xf9, 0x44, 0x41, 0x0, 0x0, 0xf6, 0x0, 0x0,
    0x0, 0x0, 0xf6, 0x0, 0x0, 0x0, 0x0, 0xf6,
    0x0, 0x0,

    /* U+002C "," */
    0x4, 0xfb, 0x7, 0xf7, 0x9, 0xf2, 0xd, 0xb0,
    0x1f, 0x50,

    /* U+002D "-" */
    0x19, 0x99, 0x95, 0x3f, 0xff, 0xfa,

    /* U+002E "." */
    0x2a, 0x58, 0xfe, 0x4f, 0x90,

    /* U+002F "/" */
    0x0, 0x0, 0xa, 0xf1, 0x0, 0x0, 0x1f, 0xa0,
    0x0, 0x0, 0x6f, 0x40, 0x0, 0x0, 0xde, 0x0,
    0x0, 0x3, 0xf8, 0x0, 0x0, 0x9, 0xf2, 0x0,
    0x0, 0xe, 0xc0, 0x0, 0x0, 0x5f, 0x60, 0x0,
    0x0, 0xbf, 0x0, 0x0, 0x1, 0xfa, 0x0, 0x0,
    0x7, 0xf3, 0x0, 0x0, 0xd, 0xd0, 0x0, 0x0,
    0x3f, 0x70, 0x0, 0x0, 0x9f, 0x10, 0x0, 0x0,

    /* U+0030 "0" */
    0x0, 0x7, 0xdf, 0xea, 0x10, 0x0, 0xa, 0xfc,
    0x8a, 0xfe, 0x10, 0x4, 0xfa, 0x0, 0x4, 0xf9,
    0x0, 0x9f, 0x20, 0x0, 0xc, 0xf0, 0xd, 0xe0,
    0x0, 0x0, 0x8f, 0x30, 0xfd, 0x0, 0x0, 0x6,
    0xf5, 0xf, 0xc0, 0x0, 0x0, 0x5f, 0x60, 0xfc,
    0x0, 0x0, 0x5, 0xf6, 0xf, 0xd0, 0x0, 0x0,
    0x6f, 0x60, 0xce, 0x0, 0x0, 0x8, 0xf3, 0x9,
    0xf2, 0x0, 0x0, 0xcf, 0x0, 0x3f, 0xa0, 0x0,
    0x4f, 0xa0, 0x0, 0x9f, 0xc8, 0xaf, 0xe2, 0x0,
    0x0, 0x6d, 0xfe, 0xa2, 0x0,

    /* U+0031 "1" */
    0x0, 0x2, 0xdf, 0x10, 0x5, 0xff, 0xf1, 0x9,
    0xfa, 0x9f, 0x10, 0xb7, 0x9, 0xf1, 0x0, 0x0,
    0x9f, 0x10, 0x0, 0xa, 0xf1, 0x0, 0x0, 0xaf,
    0x10, 0x0, 0xa, 0xf1, 0x0, 0x0, 0xaf, 0x10,
    0x0, 0xa, 0xf1, 0x0, 0x0, 0xaf, 0x10, 0x0,
    0xa, 0xf1, 0x0, 0x0, 0xaf, 0x10, 0x0, 0xa,
    0xf1,

    /* U+0032 "2" */
    0x0, 0x3a, 0xef, 0xd9, 0x20, 0x0, 0x8f, 0xea,
    0x8b, 0xff, 0x20, 0x3, 0x80, 0x0, 0x6, 0xfa,
    0x0, 0x0, 0x0, 0x0, 0xf, 0xc0, 0x0, 0x0,
    0x0, 0x1, 0xfb, 0x0, 0x0, 0x0, 0x0, 0x6f,
    0x60, 0x0, 0x0, 0x0, 0x1e, 0xd0, 0x0, 0x0,
    0x0, 0x1d, 0xf2, 0x0, 0x0, 0x0, 0x1c, 0xf3,
    0x0, 0x0, 0x0, 0x1d, 0xe3, 0x0, 0x0, 0x0,
    0x1d, 0xe3, 0x0, 0x0, 0x0, 0x1d, 0xe2, 0x0,
    0x0, 0x0, 0xe, 0xfc, 0xaa, 0xaa, 0xaa, 0x40,
    0xff, 0xff, 0xff, 0xff, 0xf6,

    /* U+0033 "3" */
    0x0, 0x5b, 0xef, 0xea, 0x30, 0x0, 0xbf, 0xc9,
    0x8a, 0xff, 0x50, 0x2, 0x20, 0x0, 0x3, 0xfc,
    0x0, 0x0, 0x0, 0x0, 0xf, 0xc0, 0x0, 0x0,
    0x0, 0x7, 0xf7, 0x0, 0x0, 0x78, 0x9d, 0xe7,
    0x0, 0x0, 0xe, 0xff, 0xfa, 0x50, 0x0, 0x0,
    0x0, 0x14, 0xbf, 0x80, 0x0, 0x0, 0x0, 0x0,
    0xdf, 0x10, 0x0, 0x0, 0x0, 0x9, 0xf4, 0x0,
    0x0, 0x0, 0x0, 0xbf, 0x30, 0x30, 0x0, 0x0,
    0x4f, 0xe0, 0x1f, 0xda, 0x88, 0xbf, 0xf4, 0x0,
    0x7c, 0xef, 0xfd, 0x92, 0x0,

    /* U+0034 "4" */
    0x0, 0x0, 0x0, 0x3f, 0xf0, 0x0, 0x0, 0x0,
    0x1, 0xef, 0xf0, 0x0, 0x0, 0x0, 0xb, 0xdb,
    0xf0, 0x0, 0x0, 0x0, 0x7f, 0x3b, 0xf0, 0x0,
    0x0, 0x3, 0xf7, 0xb, 0xf0, 0x0, 0x0, 0xd,
    0xb0, 0xc, 0xf0, 0x0, 0x0, 0xae, 0x10, 0xc,
    0xf0, 0x0, 0x6, 0xf4, 0x0, 0xc, 0xf0, 0x0,
    0x2f, 0x80, 0x0, 0xc, 0xf0, 0x0, 0x9f, 0xff,
    0xff, 0xff, 0xff, 0xf0, 0x59, 0x99, 0x99, 0x9e,
    0xf9, 0x90, 0x0, 0x0, 0x0, 0xc, 0xf0, 0x0,
    0x0, 0x0, 0x0, 0xc, 0xf0, 0x0, 0x0, 0x0,
    0x0, 0xc, 0xf0, 0x0,

    /* U+0035 "5" */
    0xe, 0xff, 0xff, 0xff, 0x40, 0xf, 0xd9, 0x99,
    0x99, 0x20, 0x1f, 0x80, 0x0, 0x0, 0x0, 0x2f,
    0x70, 0x0, 0x0, 0x0, 0x3f, 0x50, 0x0, 0x0,
    0x0, 0x5f, 0xde, 0xfe, 0xb3, 0x0, 0x2b, 0x98,
    0x9b, 0xff, 0x50, 0x0, 0x0, 0x0, 0x3f, 0xe0,
    0x0, 0x0, 0x0, 0xa, 0xf3, 0x0, 0x0, 0x0,
    0x8, 0xf4, 0x0, 0x0, 0x0, 0xb, 0xf2, 0x30,
    0x0, 0x0, 0x5f, 0xc0, 0xbe, 0xb9, 0x9c, 0xfe,
    0x20, 0x4b, 0xef, 0xfd, 0x81, 0x0,

    /* U+0036 "6" */
    0x0, 0x5, 0xbe, 0xff, 0x50, 0x0, 0xbf, 0xd9,
    0x79, 0x40, 0x9, 0xf7, 0x0, 0x0, 0x0, 0x1f,
    0xa0, 0x0, 0x0, 0x0, 0x7f, 0x30, 0x1, 0x0,
    0x0, 0xaf, 0x2b, 0xff, 0xf9, 0x0, 0xce, 0xda,
    0x55, 0xbf, 0xb0, 0xdf, 0x60, 0x0, 0xb, 0xf3,
    0xdf, 0x0, 0x0, 0x5, 0xf6, 0xcf, 0x0, 0x0,
    0x4, 0xf7, 0x8f, 0x30, 0x0, 0x6, 0xf5, 0x2f,
    0xc0, 0x0, 0x1d, 0xf1, 0x7, 0xfd, 0x89, 0xef,
    0x60, 0x0, 0x4c, 0xff, 0xc5, 0x0,

    /* U+0037 "7" */
    0x2f, 0xff, 0xff, 0xff, 0xff, 0x71, 0x99, 0x99,
    0x99, 0x9c, 0xf5, 0x0, 0x0, 0x0, 0x0, 0xde,
    0x0, 0x0, 0x0, 0x0, 0x5f, 0x70, 0x0, 0x0,
    0x0, 0xc, 0xf1, 0x0, 0x0, 0x0, 0x4, 0xf8,
    0x0, 0x0, 0x0, 0x0, 0xbf, 0x10, 0x0, 0x0,
    0x0, 0x3f, 0xa0, 0x0, 0x0, 0x0, 0xa, 0xf2,
    0x0, 0x0, 0x0, 0x2, 0xfb, 0x0, 0x0, 0x0,
    0x0, 0xaf, 0x40, 0x0, 0x0, 0x0, 0x1f, 0xc0,
    0x0, 0x0, 0x0, 0x9, 0xf5, 0x0, 0x0, 0x0,
    0x1, 0xfd, 0x0, 0x0, 0x0,

    /* U+0038 "8" */
    0x0, 0x18, 0xdf, 0xeb, 0x40, 0x0, 0x1e, 0xfa,
    0x78, 0xef, 0x60, 0x7, 0xf7, 0x0, 0x1, 0xfd,
    0x0, 0x8f, 0x30, 0x0, 0xc, 0xe0, 0x4, 0xf9,
    0x0, 0x2, 0xfa, 0x0, 0xa, 0xfa, 0x26, 0xed,
    0x10, 0x0, 0x8, 0xff, 0xfb, 0x0, 0x0, 0x6,
    0xfd, 0x7d, 0xfb, 0x10, 0x6, 0xf9, 0x0, 0x5,
    0xfc, 0x0, 0xdd, 0x0, 0x0, 0x8, 0xf4, 0xf,
    0xc0, 0x0, 0x0, 0x5f, 0x60, 0xdf, 0x20, 0x0,
    0xb, 0xf3, 0x4, 0xff, 0x97, 0x7c, 0xf9, 0x0,
    0x3, 0xae, 0xff, 0xc6, 0x0,

    /* U+0039 "9" */
    0x1, 0x9e, 0xfe, 0x81, 0x0, 0x1e, 0xfb, 0x8a,
    0xfd, 0x10, 0xaf, 0x50, 0x0, 0x4f, 0xa0, 0xee,
    0x0, 0x0, 0x9, 0xf0, 0xfc, 0x0, 0x0, 0x6,
    0xf4, 0xdf, 0x10, 0x0, 0xa, 0xf5, 0x7f, 0xc4,
    0x23, 0xae, 0xf6, 0x8, 0xff, 0xff, 0x97, 0xf5,
    0x0, 0x14, 0x41, 0x9, 0xf2, 0x0, 0x0, 0x0,
    0xd, 0xf0, 0x0, 0x0, 0x0, 0x4f, 0x90, 0x0,
    0x0, 0x3, 0xef, 0x20, 0x9, 0x78, 0xbf, 0xf4,
    0x0, 0xd, 0xff, 0xd8, 0x10, 0x0,

    /* U+003A ":" */
    0x4f, 0x98, 0xfe, 0x2a, 0x50, 0x0, 0x0, 0x0,
    0x0, 0x0, 0x0, 0x0, 0x2a, 0x58, 0xfe, 0x4f,
    0x90,

    /* U+003B ";" */
    0x5, 0xf9, 0x9, 0xfd, 0x2, 0xa5, 0x0, 0x0,
    0x0, 0x0, 0x0, 0x0, 0x0, 0x0, 0x0, 0x0,
    0x0, 0x0, 0x7, 0xf8, 0xa, 0xf4, 0xd, 0xe0,
    0xf, 0x80, 0x4e, 0x10,

    /* U+003C "<" */
    0x0, 0x0, 0x0, 0x0, 0x0, 0x0, 0x0, 0x0,
    0x4, 0xc6, 0x0, 0x0, 0x4, 0xcf, 0xc2, 0x0,
    0x4, 0xcf, 0xb3, 0x0, 0x4, 0xcf, 0xa3, 0x0,
    0x0, 0xcf, 0x92, 0x0, 0x0, 0x0, 0xbf, 0xd6,
    0x0, 0x0, 0x0, 0x2, 0x9f, 0xf8, 0x20, 0x0,
    0x0, 0x1, 0x7e, 0xfb, 0x40, 0x0, 0x0, 0x0,
    0x5c, 0xf6, 0x0, 0x0, 0x0, 0x0, 0x43,

    /* U+003D "=" */
    0x12, 0x22, 0x22, 0x22, 0x20, 0xef, 0xff, 0xff,
    0xff, 0xf4, 0x45, 0x55, 0x55, 0x55, 0x51, 0x0,
    0x0, 0x0, 0x0, 0x0, 0x12, 0x22, 0x22, 0x22,
    0x20, 0xef, 0xff, 0xff, 0xff, 0xf4, 0x45, 0x55,
    0x55, 0x55, 0x51,

    /* U+003E ">" */
    0x0, 0x0, 0x0, 0x0, 0x0, 0xe7, 0x0, 0x0,
    0x0, 0x0, 0x9f, 0xe7, 0x0, 0x0, 0x0, 0x1,
    0x8f, 0xe7, 0x0, 0x0, 0x0, 0x0, 0x7e, 0xe7,
    0x0, 0x0, 0x0, 0x0, 0x6e, 0xe4, 0x0, 0x0,
    0x3, 0xaf, 0xe3, 0x0, 0x6, 0xcf, 0xc5, 0x0,
    0x28, 0xef, 0xa3, 0x0, 0x0, 0xff, 0x81, 0x0,
    0x0, 0x0, 0x60, 0x0, 0x0, 0x0, 0x0,

    /* U+003F "?" */
    0x17, 0xce, 0xfd, 0x60, 0x8, 0xfc, 0xa9, 0xdf,
    0xa0, 0x11, 0x0, 0x0, 0xcf, 0x10, 0x0, 0x0,
    0x8, 0xf1, 0x0, 0x0, 0x0, 0xce, 0x0, 0x0,
    0x0, 0xaf, 0x50, 0x0, 0x1, 0xcf, 0x40, 0x0,
    0x0, 0xbe, 0x20, 0x0, 0x0, 0x1f, 0x60, 0x0,
    0x0, 0x2, 0xd2, 0x0, 0x0, 0x0, 0x0, 0x0,
    0x0, 0x0, 0x3, 0xa4, 0x0, 0x0, 0x0, 0x9f,
    0xc0, 0x0, 0x0, 0x5, 0xf7, 0x0, 0x0,

    /* U+0040 "@" */
    0x0, 0x0, 0x18, 0xce, 0xfe, 0xc7, 0x10, 0x0,
    0x0, 0x7, 0xfe, 0x97, 0x56, 0x9e, 0xf6, 0x0,
    0x0, 0xaf, 0x70, 0x0, 0x0, 0x0, 0x8f, 0x60,
    0x7, 0xf4, 0x0, 0x9e, 0xfe, 0xb4, 0x8, 0xf1,
    0x1f, 0x80, 0xd, 0xf7, 0x47, 0xf6, 0x0, 0xf7,
    0x7f, 0x10, 0x7f, 0x40, 0x2, 0xf5, 0x0, 0xba,
    0xac, 0x0, 0xbd, 0x0, 0x3, 0xf4, 0x0, 0x9c,
    0xca, 0x0, 0xdb, 0x0, 0x4, 0xf4, 0x0, 0xab,
    0xd9, 0x0, 0xbd, 0x0, 0x8, 0xf4, 0x0, 0xe8,
    0xbb, 0x0, 0x6f, 0x71, 0x4e, 0xd9, 0x18, 0xf1,
    0x8e, 0x0, 0x9, 0xff, 0xf5, 0x3f, 0xfe, 0x40,
    0x2f, 0x60, 0x0, 0x12, 0x0, 0x0, 0x20, 0x0,
    0x9, 0xf4, 0x0, 0x0, 0x0, 0x0, 0x0, 0x0,
    0x0, 0xaf, 0xa5, 0x21, 0x24, 0x8c, 0x0, 0x0,
    0x0, 0x5, 0xcf, 0xff, 0xff, 0xd8, 0x0, 0x0,
    0x0, 0x0, 0x0, 0x23, 0x21, 0x0, 0x0, 0x0,

    /* U+0041 "A" */
    0x0, 0x0, 0xa, 0xf6, 0x0, 0x0, 0x0, 0x0,
    0x0, 0xff, 0xc0, 0x0, 0x0, 0x0, 0x0, 0x6f,
    0x8f, 0x30, 0x0, 0x0, 0x0, 0xd, 0xd1, 0xf9,
    0x0, 0x0, 0x0, 0x3, 0xf7, 0xb, 0xf0, 0x0,
    0x0, 0x0, 0x9f, 0x10, 0x5f, 0x60, 0x0, 0x0,
    0xf, 0xb0, 0x0, 0xec, 0x0, 0x0, 0x6, 0xf5,
    0x0, 0x8, 0xf2, 0x0, 0x0, 0xcf, 0xff, 0xff,
    0xff, 0x90, 0x0, 0x3f, 0xc9, 0x99, 0x99, 0xef,
    0x0, 0x9, 0xf2, 0x0, 0x0, 0x7, 0xf5, 0x0,
    0xfc, 0x0, 0x0, 0x0, 0x1f, 0xc0, 0x6f, 0x60,
    0x0, 0x0, 0x0, 0xaf, 0x2c, 0xf0, 0x0, 0x0,
    0x0, 0x4, 0xf9,

    /* U+0042 "B" */
    0x1f, 0xff, 0xff, 0xec, 0x81, 0x1, 0xfe, 0x88,
    0x9a, 0xef, 0xd0, 0x1f, 0xb0, 0x0, 0x0, 0xcf,
    0x51, 0xfb, 0x0, 0x0, 0x7, 0xf6, 0x1f, 0xb0,
    0x0, 0x0, 0xcf, 0x21, 0xfd, 0x88, 0x89, 0xdd,
    0x40, 0x1f, 0xff, 0xff, 0xff, 0x82, 0x1, 0xfb,
    0x0, 0x1, 0x6e, 0xf3, 0x1f, 0xb0, 0x0, 0x0,
    0x4f, 0xb1, 0xfb, 0x0, 0x0, 0x0, 0xfe, 0x1f,
    0xb0, 0x0, 0x0, 0x2f, 0xd1, 0xfb, 0x0, 0x0,
    0xa, 0xf9, 0x1f, 0xe8, 0x88, 0xae, 0xfd, 0x11,
    0xff, 0xff, 0xff, 0xd8, 0x10,

    /* U+0043 "C" */
    0x0, 0x2, 0x8d, 0xef, 0xda, 0x50, 0x0, 0x7f,
    0xfd, 0xaa, 0xcf, 0xb0, 0x6, 0xfe, 0x30, 0x0,
    0x1, 0x10, 0x1f, 0xf2, 0x0, 0x0, 0x0, 0x0,
    0x6f, 0x80, 0x0, 0x0, 0x0, 0x0, 0xaf, 0x40,
    0x0, 0x0, 0x0, 0x0, 0xbf, 0x20, 0x0, 0x0,
    0x0, 0x0, 0xcf, 0x20, 0x0, 0x0, 0x0, 0x0,
    0xaf, 0x40, 0x0, 0x0, 0x0, 0x0, 0x7f, 0x80,
    0x0, 0x0, 0x0, 0x0, 0x2f, 0xe1, 0x0, 0x0,
    0x0, 0x0, 0x9, 0xfd, 0x20, 0x0, 0x0, 0x0,
    0x0, 0xaf, 0xfc, 0xaa, 0xbe, 0x70, 0x0, 0x4,
    0xae, 0xff, 0xea, 0x30,

    /* U+0044 "D" */
    0x1f, 0xff, 0xff, 0xeb, 0x70, 0x0, 0x1, 0xfe,
    0x88, 0x9a, 0xef, 0xe3, 0x0, 0x1f, 0xb0, 0x0,
    0x0, 0x6f, 0xe2, 0x1, 0xfb, 0x0, 0x0, 0x0,
    0x6f, 0xa0, 0x1f, 0xb0, 0x0, 0x0, 0x0, 0xef,
    0x1, 0xfb, 0x0, 0x0, 0x0, 0xa, 0xf4, 0x1f,
    0xb0, 0x0, 0x0, 0x0, 0x8f, 0x51, 0xfb, 0x0,
    0x0, 0x0, 0x8, 0xf5, 0x1f, 0xb0, 0x0, 0x0,
    0x0, 0xaf, 0x31, 0xfb, 0x0, 0x0, 0x0, 0xe,
    0xf0, 0x1f, 0xb0, 0x0, 0x0, 0x8, 0xf9, 0x1,
    0xfb, 0x0, 0x0, 0x8, 0xfe, 0x10, 0x1f, 0xe8,
    0x89, 0xbf, 0xfd, 0x20, 0x1, 0xff, 0xff, 0xfe,
    0xa5, 0x0, 0x0,

    /* U+0045 "E" */
    0x1f, 0xff, 0xff, 0xff, 0xe1, 0xfe, 0x99, 0x99,
    0x98, 0x1f, 0xb0, 0x0, 0x0, 0x1, 0xfb, 0x0,
    0x0, 0x0, 0x1f, 0xb0, 0x0, 0x0, 0x1, 0xfe,
    0x99, 0x99, 0x95, 0x1f, 0xff, 0xff, 0xff, 0x91,
    0xfb, 0x0, 0x0, 0x0, 0x1f, 0xb0, 0x0, 0x0,
    0x1, 0xfb, 0x0, 0x0, 0x0, 0x1f, 0xb0, 0x0,
    0x0, 0x1, 0xfb, 0x0, 0x0, 0x0, 0x1f, 0xe9,
    0x99, 0x99, 0x81, 0xff, 0xff, 0xff, 0xfe,

    /* U+0046 "F" */
    0x1f, 0xff, 0xff, 0xff, 0xe1, 0xfe, 0x99, 0x99,
    0x98, 0x1f, 0xb0, 0x0, 0x0, 0x1, 0xfb, 0x0,
    0x0, 0x0, 0x1f, 0xb0, 0x0, 0x0, 0x1, 0xfb,
    0x0, 0x0, 0x0, 0x1f, 0xe9, 0x99, 0x99, 0x51,
    0xff, 0xff, 0xff, 0xf8, 0x1f, 0xb0, 0x0, 0x0,
    0x1, 0xfb, 0x0, 0x0, 0x0, 0x1f, 0xb0, 0x0,
    0x0, 0x1, 0xfb, 0x0, 0x0, 0x0, 0x1f, 0xb0,
    0x0, 0x0, 0x1, 0xfb, 0x0, 0x0, 0x0,

    /* U+0047 "G" */
    0x0, 0x1, 0x7c, 0xef, 0xed, 0x93, 0x0, 0x5,
    0xef, 0xea, 0x9b, 0xdf, 0x90, 0x4, 0xfe, 0x50,
    0x0, 0x0, 0x11, 0x0, 0xef, 0x30, 0x0, 0x0,
    0x0, 0x0, 0x5f, 0x90, 0x0, 0x0, 0x0, 0x0,
    0x9, 0xf4, 0x0, 0x0, 0x0, 0x0, 0x0, 0xbf,
    0x20, 0x0, 0x8, 0x99, 0x99, 0xc, 0xf2, 0x0,
    0x0, 0xdf, 0xff, 0xf1, 0xaf, 0x30, 0x0, 0x0,
    0x0, 0xbf, 0x17, 0xf8, 0x0, 0x0, 0x0, 0xb,
    0xf1, 0x1f, 0xe1, 0x0, 0x0, 0x0, 0xbf, 0x10,
    0x8f, 0xd3, 0x0, 0x0, 0xb, 0xf1, 0x0, 0x9f,
    0xfd, 0xa9, 0x9c, 0xff, 0x10, 0x0, 0x39, 0xdf,
    0xff, 0xda, 0x60,

    /* U+0048 "H" */
    0x1f, 0xb0, 0x0, 0x0, 0x0, 0xfd, 0x1f, 0xb0,
    0x0, 0x0, 0x0, 0xfd, 0x1f, 0xb0, 0x0, 0x0,
    0x0, 0xfd, 0x1f, 0xb0, 0x0, 0x0, 0x0, 0xfd,
    0x1f, 0xb0, 0x0, 0x0, 0x0, 0xfd, 0x1f, 0xb0,
    0x0, 0x0, 0x0, 0xfd, 0x1f, 0xff, 0xff, 0xff,
    0xff, 0xfd, 0x1f, 0xe9, 0x99, 0x99, 0x99, 0xfd,
    0x1f, 0xb0, 0x0, 0x0, 0x0, 0xfd, 0x1f, 0xb0,
    0x0, 0x0, 0x0, 0xfd, 0x1f, 0xb0, 0x0, 0x0,
    0x0, 0xfd, 0x1f, 0xb0, 0x0, 0x0, 0x0, 0xfd,
    0x1f, 0xb0, 0x0, 0x0, 0x0, 0xfd, 0x1f, 0xb0,
    0x0, 0x0, 0x0, 0xfd,

    /* U+0049 "I" */
    0x3f, 0xff, 0xff, 0x2, 0xaf, 0x81, 0x0, 0x8f,
    0x40, 0x0, 0x8f, 0x40, 0x0, 0x8f, 0x40, 0x0,
    0x8f, 0x40, 0x0, 0x8f, 0x40, 0x0, 0x8f, 0x40,
    0x0, 0x8f, 0x40, 0x0, 0x8f, 0x40, 0x0, 0x8f,
    0x40, 0x0, 0x8f, 0x40, 0x2, 0xaf, 0x81, 0x3f,
    0xff, 0xff,

    /* U+004A "J" */
    0x0, 0x2, 0xfa, 0x0, 0x2, 0xfa, 0x0, 0x2,
    0xfa, 0x0, 0x2, 0xfa, 0x0, 0x2, 0xfa, 0x0,
    0x2, 0xfa, 0x0, 0x2, 0xfa, 0x0, 0x2, 0xfa,
    0x0, 0x2, 0xfa, 0x0, 0x2, 0xfa, 0x0, 0x2,
    0xfa, 0x0, 0x2, 0xfa, 0x0, 0x2, 0xfa, 0x0,
    0x2, 0xfa, 0x0, 0x3, 0xf9, 0x0, 0x8, 0xf6,
    0x6a, 0xbf, 0xe0, 0x7f, 0xfb, 0x20,

    /* U+004B "K" */
    0x1f, 0xb0, 0x0, 0x0, 0x6f, 0xa0, 0x1f, 0xb0,
    0x0, 0x5, 0xfb, 0x0, 0x1f, 0xb0, 0x0, 0x4f,
    0xc0, 0x0, 0x1f, 0xb0, 0x3, 0xfd, 0x10, 0x0,
    0x1f, 0xb0, 0x2e, 0xd1, 0x0, 0x0, 0x1f, 0xb1,
    0xde, 0x20, 0x0, 0x0, 0x1f, 0xcd, 0xfc, 0x0,
    0x0, 0x0, 0x1f, 0xfd, 0xbf, 0x80, 0x0, 0x0,
    0x1f, 0xd1, 0xd, 0xf4, 0x0, 0x0, 0x1f, 0xb0,
    0x2, 0xfe, 0x10, 0x0, 0x1f, 0xb0, 0x0, 0x6f,
    0xc0, 0x0, 0x1f, 0xb0, 0x0, 0xa, 0xf8, 0x0,
    0x1f, 0xb0, 0x0, 0x0, 0xdf, 0x40, 0x1f, 0xb0,
    0x0, 0x0, 0x2f, 0xe1,

    /* U+004C "L" */
    0x1f, 0xb0, 0x0, 0x0, 0x1, 0xfb, 0x0, 0x0,
    0x0, 0x1f, 0xb0, 0x0, 0x0, 0x1, 0xfb, 0x0,
    0x0, 0x0, 0x1f, 0xb0, 0x0, 0x0, 0x1, 0xfb,
    0x0, 0x0, 0x0, 0x1f, 0xb0, 0x0, 0x0, 0x1,
    0xfb, 0x0, 0x0, 0x0, 0x1f, 0xb0, 0x0, 0x0,
    0x1, 0xfb, 0x0, 0x0, 0x0, 0x1f, 0xb0, 0x0,
    0x0, 0x1, 0xfb, 0x0, 0x0, 0x0, 0x1f, 0xe9,
    0x99, 0x99, 0x91, 0xff, 0xff, 0xff, 0xff,

    /* U+004D "M" */
    0x1f, 0xfc, 0x0, 0x0, 0x0, 0x0, 0xaf, 0xf3,
    0x1f, 0xff, 0x20, 0x0, 0x0, 0x0, 0xff, 0xf3,
    0x1f, 0xaf, 0x80, 0x0, 0x0, 0x6, 0xfa, 0xf3,
    0x1f, 0x9c, 0xe0, 0x0, 0x0, 0xc, 0xc8, 0xf3,
    0x1f, 0x96, 0xf5, 0x0, 0x0, 0x3f, 0x68, 0xf3,
    0x1f, 0x90, 0xfb, 0x0, 0x0, 0x9f, 0x9, 0xf3,
    0x1f, 0x90, 0xaf, 0x10, 0x0, 0xfa, 0x9, 0xf3,
    0x1f, 0x90, 0x4f, 0x70, 0x5, 0xf3, 0x9, 0xf3,
    0x1f, 0x90, 0xd, 0xd0, 0xc, 0xd0, 0x9, 0xf3,
    0x1f, 0x90, 0x7, 0xf3, 0x2f, 0x70, 0x9, 0xf3,
    0x1f, 0x90, 0x1, 0xfa, 0x8f, 0x10, 0x9, 0xf3,
    0x1f, 0x90, 0x0, 0xbf, 0xeb, 0x0, 0x9, 0xf3,
    0x1f, 0x90, 0x0, 0x5f, 0xf4, 0x0, 0x9, 0xf3,
    0x1f, 0x90, 0x0, 0xe, 0xe0, 0x0, 0x9, 0xf3,

    /* U+004E "N" */
    0x1f, 0xf5, 0x0, 0x0, 0x0, 0x6f, 0x41, 0xff,
    0xe1, 0x0, 0x0, 0x6, 0xf4, 0x1f, 0xdf, 0xa0,
    0x0, 0x0, 0x6f, 0x41, 0xf8, 0xbf, 0x40, 0x0,
    0x6, 0xf4, 0x1f, 0x82, 0xfd, 0x0, 0x0, 0x6f,
    0x41, 0xf9, 0x6, 0xf8, 0x0, 0x6, 0xf4, 0x1f,
    0x90, 0xc, 0xf3, 0x0, 0x6f, 0x41, 0xf9, 0x0,
    0x2f, 0xd0, 0x6, 0xf4, 0x1f, 0x90, 0x0, 0x7f,
    0x70, 0x6f, 0x41, 0xf9, 0x0, 0x0, 0xcf, 0x26,
    0xf4, 0x1f, 0x90, 0x0, 0x2, 0xfc, 0x5f, 0x41,
    0xf9, 0x0, 0x0, 0x7, 0xfb, 0xf4, 0x1f, 0x90,
    0x0, 0x0, 0xc, 0xff, 0x41, 0xf9, 0x0, 0x0,
    0x0, 0x3f, 0xf4,

    /* U+004F "O" */
    0x0, 0x4, 0xae, 0xff, 0xd8, 0x10, 0x0, 0x0,
    0xaf, 0xfc, 0x9a, 0xdf, 0xf4, 0x0, 0x8, 0xfc,
    0x20, 0x0, 0x4, 0xff, 0x20, 0x2f, 0xe1, 0x0,
    0x0, 0x0, 0x5f, 0xb0, 0x7f, 0x70, 0x0, 0x0,
    0x0, 0xd, 0xf1, 0xaf, 0x30, 0x0, 0x0, 0x0,
    0xa, 0xf4, 0xcf, 0x20, 0x0, 0x0, 0x0, 0x8,
    0xf5, 0xbf, 0x20, 0x0, 0x0, 0x0, 0x8, 0xf5,
    0xaf, 0x30, 0x0, 0x0, 0x0, 0xa, 0xf4, 0x7f,
    0x70, 0x0, 0x0, 0x0, 0xd, 0xf1, 0x1f, 0xe0,
    0x0, 0x0, 0x0, 0x5f, 0xb0, 0x8, 0xfc, 0x10,
    0x0, 0x4, 0xef, 0x20, 0x0, 0xaf, 0xfb, 0x99,
    0xdf, 0xf4, 0x0, 0x0, 0x4, 0xae, 0xff, 0xd8,
    0x10, 0x0,

    /* U+0050 "P" */
    0x1f, 0xff, 0xff, 0xd9, 0x20, 0x1, 0xfe, 0x88,
    0xad, 0xff, 0x30, 0x1f, 0xb0, 0x0, 0x7, 0xfc,
    0x1, 0xfb, 0x0, 0x0, 0xe, 0xf0, 0x1f, 0xb0,
    0x0, 0x0, 0xdf, 0x1, 0xfb, 0x0, 0x0, 0x2f,
    0xd0, 0x1f, 0xb0, 0x1, 0x5d, 0xf6, 0x1, 0xff,
    0xff, 0xff, 0xf7, 0x0, 0x1f, 0xe9, 0x87, 0x50,
    0x0, 0x1, 0xfb, 0x0, 0x0, 0x0, 0x0, 0x1f,
    0xb0, 0x0, 0x0, 0x0, 0x1, 0xfb, 0x0, 0x0,
    0x0, 0x0, 0x1f, 0xb0, 0x0, 0x0, 0x0, 0x1,
    0xfb, 0x0, 0x0, 0x0, 0x0,

    /* U+0051 "Q" */
    0x0, 0x4, 0xae, 0xff, 0xd8, 0x10, 0x0, 0x0,
    0xaf, 0xfc, 0x9a, 0xdf, 0xf4, 0x0, 0x8, 0xfc,
    0x20, 0x0, 0x4, 0xff, 0x20, 0x2f, 0xe1, 0x0,
    0x0, 0x0, 0x5f, 0xb0, 0x7f, 0x70, 0x0, 0x0,
    0x0, 0xd, 0xf1, 0xaf, 0x30, 0x0, 0x0, 0x0,
    0xa, 0xf4, 0xcf, 0x20, 0x0, 0x0, 0x0, 0x8,
    0xf5, 0xbf, 0x20, 0x0, 0x0, 0x0, 0x8, 0xf6,
    0xaf, 0x30, 0x0, 0x0, 0x0, 0xa, 0xf4, 0x7f,
    0x70, 0x0, 0x0, 0x0, 0xd, 0xf1, 0x1f, 0xe0,
    0x0, 0x0, 0x0, 0x4f, 0xb0, 0x8, 0xfb, 0x10,
    0x0, 0x4, 0xef, 0x20, 0x0, 0xaf, 0xfb, 0x99,
    0xcf, 0xf4, 0x0, 0x0, 0x4, 0xae, 0xff, 0xfa,
    0x10, 0x0, 0x0, 0x0, 0x0, 0x3, 0xfe, 0x20,
    0x0, 0x0, 0x0, 0x0, 0x0, 0x4f, 0xe3, 0x0,
    0x0, 0x0, 0x0, 0x0, 0x6, 0xfe, 0x30,

    /* U+0052 "R" */
    0x1f, 0xff, 0xff, 0xda, 0x30, 0x0, 0x1f, 0xe9,
    0x9a, 0xcf, 0xf4, 0x0, 0x1f, 0xb0, 0x0, 0x5,
    0xfd, 0x0, 0x1f, 0xb0, 0x0, 0x0, 0xdf, 0x0,
    0x1f, 0xb0, 0x0, 0x0, 0xef, 0x0, 0x1f, 0xb0,
    0x0, 0x5, 0xfa, 0x0, 0x1f, 0xe8, 0x89, 0xcf,
    0xd1, 0x0, 0x1f, 0xff, 0xff, 0xf8, 0x0, 0x0,
    0x1f, 0xb0, 0x2, 0xfc, 0x0, 0x0, 0x1f, 0xb0,
    0x0, 0x8f, 0x60, 0x0, 0x1f, 0xb0, 0x0, 0xe,
    0xf1, 0x0, 0x1f, 0xb0, 0x0, 0x6, 0xfa, 0x0,
    0x1f, 0xb0, 0x0, 0x0, 0xcf, 0x30, 0x1f, 0xb0,
    0x0, 0x0, 0x3f, 0xd0,

    /* U+0053 "S" */
    0x1, 0x9d, 0xfe, 0xd9, 0x30, 0x2e, 0xfc, 0xaa,
    0xdf, 0x70, 0xaf, 0x70, 0x0, 0x1, 0x0, 0xcf,
    0x0, 0x0, 0x0, 0x0, 0x9f, 0x30, 0x0, 0x0,
    0x0, 0x2f, 0xe5, 0x0, 0x0, 0x0, 0x4, 0xdf,
    0xe8, 0x20, 0x0, 0x0, 0x4, 0xaf, 0xf9, 0x0,
    0x0, 0x0, 0x1, 0xbf, 0x90, 0x0, 0x0, 0x0,
    0xe, 0xf0, 0x0, 0x0, 0x0, 0xd, 0xf0, 0x30,
    0x0, 0x0, 0x4f, 0xc0, 0xfe, 0xb9, 0x9c, 0xff,
    0x30, 0x8c, 0xef, 0xfd, 0x92, 0x0,

    /* U+0054 "T" */
    0xcf, 0xff, 0xff, 0xff, 0xff, 0xe7, 0x99, 0x9b,
    0xfc, 0x99, 0x98, 0x0, 0x0, 0x5f, 0x70, 0x0,
    0x0, 0x0, 0x5, 0xf7, 0x0, 0x0, 0x0, 0x0,
    0x5f, 0x70, 0x0, 0x0, 0x0, 0x5, 0xf7, 0x0,
    0x0, 0x0, 0x0, 0x5f, 0x70, 0x0, 0x0, 0x0,
    0x5, 0xf7, 0x0, 0x0, 0x0, 0x0, 0x5f, 0x70,
    0x0, 0x0, 0x0, 0x5, 0xf7, 0x0, 0x0, 0x0,
    0x0, 0x5f, 0x70, 0x0, 0x0, 0x0, 0x5, 0xf7,
    0x0, 0x0, 0x0, 0x0, 0x5f, 0x70, 0x0, 0x0,
    0x0, 0x5, 0xf7, 0x0, 0x0,

    /* U+0055 "U" */
    0x3f, 0x90, 0x0, 0x0, 0x0, 0xfc, 0x3f, 0x90,
    0x0, 0x0, 0x0, 0xfc, 0x3f, 0x90, 0x0, 0x0,
    0x0, 0xfc, 0x3f, 0x90, 0x0, 0x0, 0x0, 0xfc,
    0x3f, 0x90, 0x0, 0x0, 0x0, 0xfc, 0x3f, 0x90,
    0x0, 0x0, 0x0, 0xfc, 0x3f, 0x90, 0x0, 0x0,
    0x0, 0xfc, 0x3f, 0x90, 0x0, 0x0, 0x0, 0xfc,
    0x3f, 0x90, 0x0, 0x0, 0x0, 0xfc, 0x2f, 0xb0,
    0x0, 0x0, 0x1, 0xfb, 0xf, 0xe0, 0x0, 0x0,
    0x5, 0xf9, 0x9, 0xf9, 0x0, 0x0, 0x2e, 0xf3,
    0x0, 0xcf, 0xea, 0x9b, 0xff, 0x70, 0x0, 0x7,
    0xcf, 0xfe, 0xa3, 0x0,

    /* U+0056 "V" */
    0xdf, 0x10, 0x0, 0x0, 0x1, 0xfd, 0x7f, 0x60,
    0x0, 0x0, 0x7, 0xf7, 0x1f, 0xc0, 0x0, 0x0,
    0xc, 0xf1, 0xb, 0xf2, 0x0, 0x0, 0x2f, 0xb0,
    0x5, 0xf7, 0x0, 0x0, 0x8f, 0x50, 0x0, 0xfd,
    0x0, 0x0, 0xdf, 0x0, 0x0, 0xaf, 0x30, 0x3,
    0xfa, 0x0, 0x0, 0x4f, 0x90, 0x9, 0xf4, 0x0,
    0x0, 0xe, 0xe0, 0xe, 0xe0, 0x0, 0x0, 0x8,
    0xf4, 0x4f, 0x80, 0x0, 0x0, 0x2, 0xf9, 0x9f,
    0x20, 0x0, 0x0, 0x0, 0xdd, 0xdd, 0x0, 0x0,
    0x0, 0x0, 0x7f, 0xf7, 0x0, 0x0, 0x0, 0x0,
    0x1f, 0xf1, 0x0, 0x0,

    /* U+0057 "W" */
    0x9f, 0x40, 0x0, 0x0, 0xdf, 0x40, 0x0, 0x0,
    0xaf, 0x35, 0xf8, 0x0, 0x0, 0x2f, 0xf9, 0x0,
    0x0, 0xe, 0xe0, 0x1f, 0xc0, 0x0, 0x7, 0xfd,
    0xe0, 0x0, 0x2, 0xfa, 0x0, 0xcf, 0x0, 0x0,
    0xbe, 0x7f, 0x30, 0x0, 0x6f, 0x60, 0x8, 0xf4,
    0x0, 0xf, 0xa2, 0xf8, 0x0, 0xb, 0xf1, 0x0,
    0x4f, 0x80, 0x5, 0xf5, 0xd, 0xd0, 0x0, 0xed,
    0x0, 0x0, 0xfc, 0x0, 0xaf, 0x10, 0x8f, 0x20,
    0x3f, 0x90, 0x0, 0xb, 0xf1, 0xe, 0xc0, 0x4,
    0xf7, 0x7, 0xf4, 0x0, 0x0, 0x7f, 0x53, 0xf7,
    0x0, 0xe, 0xc0, 0xbf, 0x0, 0x0, 0x2, 0xf8,
    0x7f, 0x20, 0x0, 0xaf, 0xf, 0xc0, 0x0, 0x0,
    0xe, 0xbb, 0xd0, 0x0, 0x5, 0xf6, 0xf7, 0x0,
    0x0, 0x0, 0xae, 0xe9, 0x0, 0x0, 0xf, 0xdf,
    0x30, 0x0, 0x0, 0x6, 0xff, 0x40, 0x0, 0x0,
    0xbf, 0xf0, 0x0, 0x0, 0x0, 0x1f, 0xf0, 0x0,
    0x0, 0x6, 0xfa, 0x0, 0x0,

    /* U+0058 "X" */
    0x4f, 0xb0, 0x0, 0x0, 0xd, 0xe1, 0xa, 0xf5,
    0x0, 0x0, 0x8f, 0x40, 0x1, 0xee, 0x10, 0x3,
    0xfa, 0x0, 0x0, 0x4f, 0x90, 0xd, 0xe1, 0x0,
    0x0, 0xa, 0xf4, 0x7f, 0x50, 0x0, 0x0, 0x1,
    0xee, 0xfa, 0x0, 0x0, 0x0, 0x0, 0x5f, 0xf1,
    0x0, 0x0, 0x0, 0x0, 0xbf, 0xf6, 0x0, 0x0,
    0x0, 0x5, 0xf7, 0xcf, 0x10, 0x0, 0x0, 0x1e,
    0xd0, 0x3f, 0xb0, 0x0, 0x0, 0xaf, 0x30, 0x9,
    0xf5, 0x0, 0x4, 0xf9, 0x0, 0x0, 0xee, 0x10,
    0xe, 0xe0, 0x0, 0x0, 0x5f, 0xa0, 0x9f, 0x40,
    0x0, 0x0, 0xb, 0xf5,

    /* U+0059 "Y" */
    0xbf, 0x30, 0x0, 0x0, 0xd, 0xf1, 0x2f, 0xc0,
    0x0, 0x0, 0x6f, 0x70, 0xa, 0xf4, 0x0, 0x0,
    0xee, 0x0, 0x1, 0xfc, 0x0, 0x7, 0xf5, 0x0,
    0x0, 0x8f, 0x50, 0xe, 0xd0, 0x0, 0x0, 0xe,
    0xd0, 0x8f, 0x40, 0x0, 0x0, 0x6, 0xf7, 0xfb,
    0x0, 0x0, 0x0, 0x0, 0xdf, 0xf2, 0x0, 0x0,
    0x0, 0x0, 0x5f, 0xa0, 0x0, 0x0, 0x0, 0x0,
    0x4f, 0x90, 0x0, 0x0, 0x0, 0x0, 0x4f, 0x90,
    0x0, 0x0, 0x0, 0x0, 0x4f, 0x90, 0x0, 0x0,
    0x0, 0x0, 0x4f, 0x90, 0x0, 0x0, 0x0, 0x0,
    0x4f, 0x90, 0x0, 0x0,

    /* U+005A "Z" */
    0xf, 0xff, 0xff, 0xff, 0xff, 0x70, 0x99, 0x99,
    0x99, 0x9f, 0xf5, 0x0, 0x0, 0x0, 0x5, 0xfa,
    0x0, 0x0, 0x0, 0x1, 0xee, 0x10, 0x0, 0x0,
    0x0, 0xaf, 0x50, 0x0, 0x0, 0x0, 0x5f, 0xa0,
    0x0, 0x0, 0x0, 0x1f, 0xe0, 0x0, 0x0, 0x0,
    0xb, 0xf4, 0x0, 0x0, 0x0, 0x6, 0xf9, 0x0,
    0x0, 0x0, 0x2, 0xfd, 0x0, 0x0, 0x0, 0x0,
    0xcf, 0x30, 0x0, 0x0, 0x0, 0x7f, 0x80, 0x0,
    0x0, 0x0, 0x1f, 0xfa, 0x99, 0x99, 0x99, 0x63,
    0xff, 0xff, 0xff, 0xff, 0xfa,

    /* U+005B "[" */
    0x6f, 0xff, 0xf1, 0x6f, 0x97, 0x70, 0x6f, 0x50,
    0x0, 0x6f, 0x50, 0x0, 0x6f, 0x50, 0x0, 0x6f,
    0x50, 0x0, 0x6f, 0x50, 0x0, 0x6f, 0x50, 0x0,
    0x6f, 0x50, 0x0, 0x6f, 0x50, 0x0, 0x6f, 0x50,
    0x0, 0x6f, 0x50, 0x0, 0x6f, 0x50, 0x0, 0x6f,
    0x50, 0x0, 0x6f, 0x50, 0x0, 0x6f, 0x62, 0x20,
    0x6f, 0xff, 0xf1, 0x15, 0x55, 0x50,

    /* U+005C "\\" */
    0x9f, 0x10, 0x0, 0x0, 0x3f, 0x70, 0x0, 0x0,
    0xd, 0xd0, 0x0, 0x0, 0x7, 0xf4, 0x0, 0x0,
    0x1, 0xfa, 0x0, 0x0, 0x0, 0xbf, 0x0, 0x0,
    0x0, 0x5f, 0x60, 0x0, 0x0, 0xe, 0xc0, 0x0,
    0x0, 0x9, 0xf2, 0x0, 0x0, 0x3, 0xf8, 0x0,
    0x0, 0x0, 0xde, 0x0, 0x0, 0x0, 0x6f, 0x40,
    0x0, 0x0, 0x1f, 0xa0, 0x0, 0x0, 0xa, 0xf1,

    /* U+005D "]" */
    0x8f, 0xff, 0xf3, 0x77, 0xdf, 0x0, 0xb, 0xf0,
    0x0, 0xbf, 0x0, 0xb, 0xf0, 0x0, 0xbf, 0x0,
    0xb, 0xf0, 0x0, 0xbf, 0x0, 0xb, 0xf0, 0x0,
    0xbf, 0x0, 0xb, 0xf0, 0x0, 0xbf, 0x0, 0xb,
    0xf0, 0x0, 0xbf, 0x0, 0xb, 0xf1, 0x22, 0xcf,
    0x8f, 0xff, 0xf2, 0x55, 0x54,

    /* U+005E "^" */
    0x0, 0x0, 0x3f, 0x40, 0x0, 0x0, 0x0, 0xb,
    0xfc, 0x0, 0x0, 0x0, 0x2, 0xf6, 0xf4, 0x0,
    0x0, 0x0, 0xac, 0xa, 0xd0, 0x0, 0x0, 0x2f,
    0x50, 0x2f, 0x50, 0x0, 0x9, 0xe0, 0x0, 0xad,
    0x0, 0x1, 0xf7, 0x0, 0x2, 0xf6, 0x0, 0x8f,
    0x0, 0x0, 0xa, 0xe0, 0xf, 0x80, 0x0, 0x0,
    0x2f, 0x60,

    /* U+005F "_" */
    0x0, 0x0, 0x0, 0x0, 0x0, 0xf, 0xff, 0xff,
    0xff, 0xfe, 0x3, 0x33, 0x33, 0x33, 0x33,

    /* U+0060 "`" */
    0x1e, 0xf2, 0x0, 0x2e, 0xc0, 0x0, 0x2d, 0x80,

    /* U+0061 "a" */
    0x0, 0x39, 0xdf, 0xeb, 0x30, 0x0, 0xad, 0x97,
    0x8f, 0xf2, 0x0, 0x0, 0x0, 0x5, 0xf7, 0x0,
    0x0, 0x0, 0x2, 0xf9, 0x0, 0x4a, 0xdf, 0xff,
    0xf9, 0x6, 0xfd, 0x63, 0x24, 0xf9, 0xe, 0xf1,
    0x0, 0x2, 0xf9, 0xf, 0xc0, 0x0, 0x5, 0xf9,
    0xe, 0xe0, 0x0, 0x1d, 0xf9, 0x8, 0xfc, 0x79,
    0xea, 0xf9, 0x0, 0x8e, 0xfd, 0x70, 0xc9,

    /* U+0062 "b" */
    0x4f, 0x70, 0x0, 0x0, 0x0, 0x4, 0xf7, 0x0,
    0x0, 0x0, 0x0, 0x4f, 0x70, 0x0, 0x0, 0x0,
    0x4, 0xf7, 0x0, 0x0, 0x0, 0x0, 0x4f, 0x66,
    0xdf, 0xea, 0x20, 0x4, 0xfc, 0xf9, 0x7a, 0xfe,
    0x10, 0x4f, 0xf2, 0x0, 0x5, 0xfa, 0x4, 0xfa,
    0x0, 0x0, 0xd, 0xf0, 0x4f, 0x80, 0x0, 0x0,
    0xaf, 0x24, 0xf7, 0x0, 0x0, 0xa, 0xf3, 0x4f,
    0x80, 0x0, 0x0, 0xbf, 0x24, 0xfa, 0x0, 0x0,
    0xe, 0xf0, 0x4f, 0xf3, 0x0, 0x6, 0xfa, 0x4,
    0xfb, 0xfa, 0x8a, 0xfe, 0x10, 0x4f, 0x16, 0xdf,
    0xea, 0x20, 0x0,

    /* U+0063 "c" */
    0x0, 0x5c, 0xff, 0xd8, 0x9, 0xfe, 0x99, 0xc9,
    0x4f, 0xc0, 0x0, 0x0, 0xaf, 0x40, 0x0, 0x0,
    0xdf, 0x0, 0x0, 0x0, 0xef, 0x0, 0x0, 0x0,
    0xdf, 0x0, 0x0, 0x0, 0xaf, 0x40, 0x0, 0x0,
    0x4f, 0xc0, 0x0, 0x0, 0xa, 0xfd, 0x99, 0xbb,
    0x0, 0x6c, 0xff, 0xd6,

    /* U+0064 "d" */
    0x0, 0x0, 0x0, 0x2, 0xf9, 0x0, 0x0, 0x0,
    0x2, 0xf9, 0x0, 0x0, 0x0, 0x2, 0xf9, 0x0,
    0x0, 0x0, 0x2, 0xf9, 0x0, 0x8d, 0xfe, 0x82,
    0xf9, 0xb, 0xfc, 0x89, 0xec, 0xf9, 0x5f, 0xb0,
    0x0, 0x1d, 0xf9, 0xaf, 0x30, 0x0, 0x6, 0xf9,
    0xdf, 0x0, 0x0, 0x3, 0xf9, 0xef, 0x0, 0x0,
    0x2, 0xf9, 0xdf, 0x0, 0x0, 0x2, 0xf9, 0xaf,
    0x30, 0x0, 0x5, 0xf9, 0x5f, 0xb0, 0x0, 0xc,
    0xf9, 0xb, 0xfc, 0x89, 0xdb, 0xf9, 0x0, 0x8e,
    0xfe, 0x80, 0xe9,

    /* U+0065 "e" */
    0x0, 0x6c, 0xff, 0xb4, 0x0, 0x9, 0xfb, 0x88,
    0xef, 0x50, 0x3f, 0x80, 0x0, 0x1e, 0xe0, 0x9f,
    0x21, 0x11, 0x1b, 0xf2, 0xcf, 0xff, 0xff, 0xff,
    0xf4, 0xdf, 0x44, 0x44, 0x44, 0x41, 0xdf, 0x10,
    0x0, 0x0, 0x0, 0xaf, 0x60, 0x0, 0x0, 0x0,
    0x3f, 0xe1, 0x0, 0x0, 0x20, 0x8, 0xff, 0x98,
    0xad, 0xc0, 0x0, 0x5b, 0xff, 0xeb, 0x50,

    /* U+0066 "f" */
    0x0, 0x6, 0xdf, 0xe7, 0x0, 0x5f, 0xd7, 0x94,
    0x0, 0xbf, 0x10, 0x0, 0x0, 0xdf, 0x0, 0x0,
    0x6d, 0xff, 0xff, 0xa0, 0x46, 0xef, 0x66, 0x30,
    0x0, 0xdf, 0x0, 0x0, 0x0, 0xdf, 0x0, 0x0,
    0x0, 0xdf, 0x0, 0x0, 0x0, 0xdf, 0x0, 0x0,
    0x0, 0xdf, 0x0, 0x0, 0x0, 0xdf, 0x0, 0x0,
    0x0, 0xdf, 0x0, 0x0, 0x0, 0xdf, 0x0, 0x0,
    0x0, 0xdf, 0x0, 0x0,

    /* U+0067 "g" */
    0x0, 0x8d, 0xfd, 0x80, 0xd9, 0xa, 0xfc, 0x89,
    0xeb, 0xf9, 0x4f, 0xb0, 0x0, 0x1d, 0xf9, 0xaf,
    0x30, 0x0, 0x6, 0xf9, 0xdf, 0x0, 0x0, 0x3,
    0xf9, 0xef, 0x0, 0x0, 0x2, 0xf9, 0xdf, 0x0,
    0x0, 0x2, 0xf9, 0xaf, 0x30, 0x0, 0x5, 0xf9,
    0x5f, 0xa0, 0x0, 0xb, 0xf9, 0xb, 0xfc, 0x78,
    0xdc, 0xf9, 0x0, 0x8e, 0xfe, 0x82, 0xf9, 0x0,
    0x0, 0x0, 0x2, 0xf9, 0x0, 0x0, 0x0, 0x5,
    0xf7, 0x3, 0x0, 0x0, 0x1d, 0xf3, 0x1f, 0xda,
    0x89, 0xef, 0xa0, 0x7, 0xce, 0xff, 0xc7, 0x0,

    /* U+0068 "h" */
    0x4f, 0x70, 0x0, 0x0, 0x0, 0x4f, 0x70, 0x0,
    0x0, 0x0, 0x4f, 0x70, 0x0, 0x0, 0x0, 0x4f,
    0x70, 0x0, 0x0, 0x0, 0x4f, 0x65, 0xcf, 0xeb,
    0x30, 0x4f, 0xcf, 0xa7, 0x9f, 0xf2, 0x4f, 0xf3,
    0x0, 0x6, 0xf9, 0x4f, 0xa0, 0x0, 0x1, 0xfb,
    0x4f, 0x80, 0x0, 0x0, 0xfc, 0x4f, 0x70, 0x0,
    0x0, 0xfc, 0x4f, 0x70, 0x0, 0x0, 0xfc, 0x4f,
    0x70, 0x0, 0x0, 0xfc, 0x4f, 0x70, 0x0, 0x0,
    0xfc, 0x4f, 0x70, 0x0, 0x0, 0xfc, 0x4f, 0x70,
    0x0, 0x0, 0xfc,

    /* U+0069 "i" */
    0x3f, 0x65, 0xf8, 0x3, 0x0, 0x0, 0x4f, 0x74,
    0xf7, 0x4f, 0x74, 0xf7, 0x4f, 0x74, 0xf7, 0x4f,
    0x74, 0xf7, 0x4f, 0x74, 0xf7, 0x4f, 0x70,

    /* U+006A "j" */
    0x0, 0x3, 0xf6, 0x0, 0x5, 0xf8, 0x0, 0x0,
    0x30, 0x0, 0x0, 0x0, 0x0, 0x4, 0xf7, 0x0,
    0x4, 0xf7, 0x0, 0x4, 0xf7, 0x0, 0x4, 0xf7,
    0x0, 0x4, 0xf7, 0x0, 0x4, 0xf7, 0x0, 0x4,
    0xf7, 0x0, 0x4, 0xf7, 0x0, 0x4, 0xf7, 0x0,
    0x4, 0xf7, 0x0, 0x4, 0xf7, 0x0, 0x4, 0xf7,
    0x0, 0x4, 0xf7, 0x0, 0x6, 0xf5, 0x19, 0x8e,
    0xf1, 0x1e, 0xfd, 0x40,

    /* U+006B "k" */
    0x4f, 0x70, 0x0, 0x0, 0x0, 0x4f, 0x70, 0x0,
    0x0, 0x0, 0x4f, 0x70, 0x0, 0x0, 0x0, 0x4f,
    0x70, 0x0, 0x0, 0x0, 0x4f, 0x70, 0x0, 0x5f,
    0xb0, 0x4f, 0x70, 0x4, 0xfc, 0x0, 0x4f, 0x70,
    0x3f, 0xd1, 0x0, 0x4f, 0x62, 0xed, 0x10, 0x0,
    0x4f, 0x7d, 0xf2, 0x0, 0x0, 0x4f, 0xef, 0xf7,
    0x0, 0x0, 0x4f, 0xd2, 0xdf, 0x30, 0x0, 0x4f,
    0x70, 0x3f, 0xd0, 0x0, 0x4f, 0x70, 0x7, 0xfa,
    0x0, 0x4f, 0x70, 0x0, 0xbf, 0x60, 0x4f, 0x70,
    0x0, 0x1e, 0xf2,

    /* U+006C "l" */
    0x4f, 0x74, 0xf7, 0x4f, 0x74, 0xf7, 0x4f, 0x74,
    0xf7, 0x4f, 0x74, 0xf7, 0x4f, 0x74, 0xf7, 0x4f,
    0x74, 0xf7, 0x4f, 0x74, 0xf7, 0x4f, 0x70,

    /* U+006D "m" */
    0x4f, 0x36, 0xdf, 0xea, 0x11, 0x9e, 0xfd, 0x70,
    0x4, 0xfd, 0xd6, 0x59, 0xfd, 0xdc, 0x65, 0xbf,
    0x80, 0x4f, 0xe1, 0x0, 0xc, 0xfd, 0x0, 0x0,
    0xee, 0x4, 0xfa, 0x0, 0x0, 0x8f, 0x60, 0x0,
    0xb, 0xf0, 0x4f, 0x70, 0x0, 0x7, 0xf4, 0x0,
    0x0, 0xaf, 0x14, 0xf7, 0x0, 0x0, 0x7f, 0x40,
    0x0, 0xa, 0xf1, 0x4f, 0x70, 0x0, 0x7, 0xf4,
    0x0, 0x0, 0xaf, 0x14, 0xf7, 0x0, 0x0, 0x7f,
    0x40, 0x0, 0xa, 0xf1, 0x4f, 0x70, 0x0, 0x7,
    0xf4, 0x0, 0x0, 0xaf, 0x14, 0xf7, 0x0, 0x0,
    0x7f, 0x40, 0x0, 0xa, 0xf1, 0x4f, 0x70, 0x0,
    0x7, 0xf4, 0x0, 0x0, 0xaf, 0x10,

    /* U+006E "n" */
    0x4f, 0x36, 0xcf, 0xfc, 0x40, 0x4f, 0xde, 0x75,
    0x7e, 0xf2, 0x4f, 0xf1, 0x0, 0x4, 0xf9, 0x4f,
    0xa0, 0x0, 0x0, 0xfb, 0x4f, 0x70, 0x0, 0x0,
    0xfc, 0x4f, 0x70, 0x0, 0x0, 0xfc, 0x4f, 0x70,
    0x0, 0x0, 0xfc, 0x4f, 0x70, 0x0, 0x0, 0xfc,
    0x4f, 0x70, 0x0, 0x0, 0xfc, 0x4f, 0x70, 0x0,
    0x0, 0xfc, 0x4f, 0x70, 0x0, 0x0, 0xfc,

    /* U+006F "o" */
    0x0, 0x6c, 0xff, 0xc6, 0x0, 0x0, 0x9f, 0xd9,
    0x8d, 0xfa, 0x0, 0x4f, 0xb0, 0x0, 0xa, 0xf5,
    0xa, 0xf3, 0x0, 0x0, 0x2f, 0xb0, 0xdf, 0x0,
    0x0, 0x0, 0xef, 0xd, 0xf0, 0x0, 0x0, 0xd,
    0xf0, 0xcf, 0x0, 0x0, 0x0, 0xee, 0x9, 0xf4,
    0x0, 0x0, 0x2f, 0xb0, 0x3f, 0xc0, 0x0, 0xa,
    0xf5, 0x0, 0x8f, 0xd8, 0x8c, 0xfa, 0x0, 0x0,
    0x5c, 0xff, 0xc6, 0x0, 0x0,

    /* U+0070 "p" */
    0x4f, 0x36, 0xdf, 0xea, 0x20, 0x4, 0xfd, 0xe7,
    0x57, 0xfe, 0x20, 0x4f, 0xe1, 0x0, 0x5, 0xfa,
    0x4, 0xfa, 0x0, 0x0, 0xd, 0xf0, 0x4f, 0x70,
    0x0, 0x0, 0xbf, 0x24, 0xf7, 0x0, 0x0, 0xa,
    0xf2, 0x4f, 0x80, 0x0, 0x0, 0xbf, 0x24, 0xfb,
    0x0, 0x0, 0xe, 0xf0, 0x4f, 0xf3, 0x0, 0x7,
    0xf9, 0x4, 0xfc, 0xfa, 0x8a, 0xfe, 0x10, 0x4f,
    0x65, 0xcf, 0xea, 0x20, 0x4, 0xf7, 0x0, 0x0,
    0x0, 0x0, 0x4f, 0x70, 0x0, 0x0, 0x0, 0x4,
    0xf7, 0x0, 0x0, 0x0, 0x0, 0x4f, 0x70, 0x0,
    0x0, 0x0, 0x4, 0xf7, 0x0, 0x0, 0x0, 0x0,

    /* U+0071 "q" */
    0x0, 0x8d, 0xfd, 0x80, 0xe9, 0xb, 0xfc, 0x89,
    0xeb, 0xf9, 0x5f, 0xb0, 0x0, 0x1d, 0xf9, 0xaf,
    0x40, 0x0, 0x6, 0xf9, 0xdf, 0x0, 0x0, 0x3,
    0xf9, 0xef, 0x0, 0x0, 0x2, 0xf9, 0xdf, 0x0,
    0x0, 0x3, 0xf9, 0xaf, 0x30, 0x0, 0x5, 0xf9,
    0x5f, 0xa0, 0x0, 0xc, 0xf9, 0xb, 0xfc, 0x89,
    0xdc, 0xf9, 0x0, 0x8e, 0xfd, 0x82, 0xf9, 0x0,
    0x0, 0x0, 0x2, 0xf9, 0x0, 0x0, 0x0, 0x2,
    0xf9, 0x0, 0x0, 0x0, 0x2, 0xf9, 0x0, 0x0,
    0x0, 0x2, 0xf9, 0x0, 0x0, 0x0, 0x2, 0xf9,

    /* U+0072 "r" */
    0x4f, 0x22, 0xbf, 0xd4, 0xf6, 0xfd, 0xa9, 0x4f,
    0xf8, 0x0, 0x4, 0xfd, 0x0, 0x0, 0x4f, 0x80,
    0x0, 0x4, 0xf7, 0x0, 0x0, 0x4f, 0x70, 0x0,
    0x4, 0xf7, 0x0, 0x0, 0x4f, 0x70, 0x0, 0x4,
    0xf7, 0x0, 0x0, 0x4f, 0x70, 0x0, 0x0,

    /* U+0073 "s" */
    0x6, 0xcf, 0xfd, 0x92, 0x9f, 0xb7, 0x8b, 0xf2,
    0xfc, 0x0, 0x0, 0x0, 0xee, 0x20, 0x0, 0x0,
    0x5f, 0xfa, 0x30, 0x0, 0x2, 0x9f, 0xfd, 0x40,
    0x0, 0x1, 0x7e, 0xf4, 0x0, 0x0, 0x3, 0xfa,
    0x10, 0x0, 0x2, 0xf9, 0xfc, 0x87, 0x8e, 0xf3,
    0x7c, 0xef, 0xea, 0x30,

    /* U+0074 "t" */
    0x0, 0x44, 0x0, 0x0, 0xb, 0x90, 0x0, 0x1,
    0xf9, 0x0, 0x6, 0xff, 0xff, 0xfb, 0x47, 0xfc,
    0x66, 0x40, 0x2f, 0x90, 0x0, 0x2, 0xf9, 0x0,
    0x0, 0x2f, 0x90, 0x0, 0x2, 0xf9, 0x0, 0x0,
    0x2f, 0x90, 0x0, 0x2, 0xf9, 0x0, 0x0, 0xf,
    0xc0, 0x0, 0x0, 0xbf, 0xa7, 0x70, 0x1, 0xae,
    0xfa,

    /* U+0075 "u" */
    0x6f, 0x50, 0x0, 0x1, 0xfa, 0x6f, 0x50, 0x0,
    0x1, 0xfa, 0x6f, 0x50, 0x0, 0x1, 0xfa, 0x6f,
    0x50, 0x0, 0x1, 0xfa, 0x6f, 0x50, 0x0, 0x1,
    0xfa, 0x6f, 0x50, 0x0, 0x1, 0xfa, 0x6f, 0x50,
    0x0, 0x2, 0xfa, 0x6f, 0x60, 0x0, 0x4, 0xfa,
    0x4f, 0xa0, 0x0, 0xb, 0xfa, 0xd, 0xf9, 0x46,
    0xbd, 0xfa, 0x1, 0x9d, 0xfe, 0x91, 0xda,

    /* U+0076 "v" */
    0xdf, 0x10, 0x0, 0x0, 0xef, 0x7, 0xf6, 0x0,
    0x0, 0x4f, 0x90, 0x1f, 0xc0, 0x0, 0x9, 0xf3,
    0x0, 0xbf, 0x10, 0x0, 0xed, 0x0, 0x5, 0xf7,
    0x0, 0x4f, 0x70, 0x0, 0xe, 0xc0, 0xa, 0xf1,
    0x0, 0x0, 0x9f, 0x20, 0xfb, 0x0, 0x0, 0x3,
    0xf7, 0x5f, 0x50, 0x0, 0x0, 0xd, 0xca, 0xf0,
    0x0, 0x0, 0x0, 0x7f, 0xfa, 0x0, 0x0, 0x0,
    0x2, 0xff, 0x40, 0x0, 0x0,

    /* U+0077 "w" */
    0xaf, 0x20, 0x0, 0x3f, 0xf0, 0x0, 0x6, 0xf5,
    0x6f, 0x60, 0x0, 0x8f, 0xf4, 0x0, 0xa, 0xf1,
    0x1f, 0xa0, 0x0, 0xda, 0xf9, 0x0, 0xe, 0xd0,
    0xd, 0xe0, 0x2, 0xf6, 0xbe, 0x0, 0x3f, 0x80,
    0x9, 0xf2, 0x7, 0xf2, 0x7f, 0x20, 0x7f, 0x40,
    0x4, 0xf6, 0xc, 0xd0, 0x2f, 0x70, 0xbf, 0x0,
    0x0, 0xfa, 0x1f, 0x80, 0xe, 0xc0, 0xfb, 0x0,
    0x0, 0xce, 0x5f, 0x30, 0x9, 0xf3, 0xf7, 0x0,
    0x0, 0x8f, 0xae, 0x0, 0x4, 0xfa, 0xf3, 0x0,
    0x0, 0x3f, 0xf9, 0x0, 0x0, 0xff, 0xe0, 0x0,
    0x0, 0xf, 0xf4, 0x0, 0x0, 0xbf, 0xa0, 0x0,

    /* U+0078 "x" */
    0x2f, 0xd0, 0x0, 0x4, 0xfa, 0x0, 0x7f, 0x80,
    0x1, 0xee, 0x10, 0x0, 0xbf, 0x30, 0x9f, 0x40,
    0x0, 0x1, 0xfd, 0x5f, 0x90, 0x0, 0x0, 0x5,
    0xff, 0xd0, 0x0, 0x0, 0x0, 0xe, 0xf7, 0x0,
    0x0, 0x0, 0x8, 0xfe, 0xf2, 0x0, 0x0, 0x3,
    0xfb, 0x2f, 0xc0, 0x0, 0x0, 0xde, 0x10, 0x7f,
    0x70, 0x0, 0x9f, 0x50, 0x0, 0xcf, 0x30, 0x4f,
    0xa0, 0x0, 0x2, 0xfd, 0x0,

    /* U+0079 "y" */
    0xcf, 0x10, 0x0, 0x0, 0xdf, 0x6, 0xf7, 0x0,
    0x0, 0x3f, 0xa0, 0xf, 0xd0, 0x0, 0x9, 0xf4,
    0x0, 0x9f, 0x30, 0x0, 0xee, 0x0, 0x3, 0xf8,
    0x0, 0x4f, 0x80, 0x0, 0xd, 0xe0, 0x9, 0xf2,
    0x0, 0x0, 0x7f, 0x40, 0xed, 0x0, 0x0, 0x1,
    0xf9, 0x4f, 0x70, 0x0, 0x0, 0xa, 0xe9, 0xf1,
    0x0, 0x0, 0x0, 0x4f, 0xfb, 0x0, 0x0, 0x0,
    0x0, 0xef, 0x50, 0x0, 0x0, 0x0, 0xc, 0xf0,
    0x0, 0x0, 0x0, 0x3, 0xf9, 0x0, 0x0, 0x0,
    0x0, 0xbf, 0x20, 0x0, 0x0, 0x67, 0xcf, 0x90,
    0x0, 0x0, 0xa, 0xfd, 0x70, 0x0, 0x0, 0x0,

    /* U+007A "z" */
    0xe, 0xff, 0xff, 0xff, 0x70, 0x56, 0x66, 0x6c,
    0xf5, 0x0, 0x0, 0x3, 0xfa, 0x0, 0x0, 0x0,
    0xde, 0x10, 0x0, 0x0, 0x9f, 0x50, 0x0, 0x0,
    0x4f, 0xa0, 0x0, 0x0, 0xe, 0xe0, 0x0, 0x0,
    0xa, 0xf4, 0x0, 0x0, 0x4, 0xf9, 0x0, 0x0,
    0x1, 0xef, 0x65, 0x55, 0x53, 0x3f, 0xff, 0xff,
    0xff, 0xa0,

    /* U+007B "{" */
    0x0, 0x0, 0x6c, 0xe0, 0x0, 0x8f, 0xd8, 0x0,
    0xe, 0xe0, 0x0, 0x0, 0xfb, 0x0, 0x0, 0xf,
    0xb0, 0x0, 0x0, 0xfb, 0x0, 0x0, 0x1f, 0xa0,
    0x1, 0x4b, 0xf5, 0x0, 0x7f, 0xe4, 0x0, 0x2,
    0x7d, 0xe3, 0x0, 0x0, 0x2f, 0xa0, 0x0, 0x0,
    0xfb, 0x0, 0x0, 0xf, 0xb0, 0x0, 0x0, 0xfb,
    0x0, 0x0, 0xe, 0xd0, 0x0, 0x0, 0xaf, 0x82,
    0x0, 0x1, 0xbf, 0xf0, 0x0, 0x0, 0x23,

    /* U+007C "|" */
    0x3f, 0x33, 0xf3, 0x3f, 0x33, 0xf3, 0x3f, 0x33,
    0xf3, 0x3f, 0x33, 0xf3, 0x3f, 0x33, 0xf3, 0x3f,
    0x33, 0xf3, 0x3f, 0x33, 0xf3, 0x3f, 0x33, 0xf3,
    0x3f, 0x33, 0xf3, 0x3f, 0x33, 0xf3,

    /* U+007D "}" */
    0x5e, 0xb3, 0x0, 0x0, 0x29, 0xff, 0x20, 0x0,
    0x0, 0x5f, 0x80, 0x0, 0x0, 0x2f, 0x90, 0x0,
    0x0, 0x2f, 0x90, 0x0, 0x0, 0x2f, 0x90, 0x0,
    0x0, 0x1f, 0xb0, 0x0, 0x0, 0xb, 0xf7, 0x30,
    0x0, 0x0, 0x8f, 0xf0, 0x0, 0x8, 0xfa, 0x60,
    0x0, 0xf, 0xb0, 0x0, 0x0, 0x2f, 0x90, 0x0,
    0x0, 0x2f, 0x90, 0x0, 0x0, 0x2f, 0x90, 0x0,
    0x0, 0x3f, 0x80, 0x0, 0x4, 0xcf, 0x40, 0x0,
    0x5f, 0xf7, 0x0, 0x0, 0x13, 0x0, 0x0, 0x0,

    /* U+007E "~" */
    0x0, 0x10, 0x0, 0x0, 0x0, 0x8f, 0xff, 0xb6,
    0x33, 0x86, 0xe7, 0x58, 0xcf, 0xff, 0xe3, 0x10,
    0x0, 0x1, 0x43, 0x0,

    /* U+F001 "" */
    0x0, 0x0, 0x0, 0x0, 0x0, 0x0, 0x0, 0x0,
    0x0, 0x31, 0x0, 0x0, 0x0, 0x0, 0x0, 0x0,
    0x0, 0x15, 0xae, 0xfd, 0x0, 0x0, 0x0, 0x0,
    0x0, 0x2, 0x7c, 0xff, 0xff, 0xff, 0x0, 0x0,
    0x0, 0x0, 0x49, 0xef, 0xff, 0xff, 0xff, 0xff,
    0x0, 0x0, 0x4, 0xbf, 0xff, 0xff, 0xff, 0xff,
    0xff, 0xff, 0x0, 0x0, 0xf, 0xff, 0xff, 0xff,
    0xff, 0xff, 0xff, 0xff, 0x0, 0x0, 0xf, 0xff,
    0xff, 0xff, 0xff, 0xfb, 0x69, 0xff, 0x0, 0x0,
    0xf, 0xff, 0xff, 0xfe, 0x95, 0x0, 0x8, 0xff,
    0x0, 0x0, 0xf, 0xff, 0xc7, 0x30, 0x0, 0x0,
    0x8, 0xff, 0x0, 0x0, 0xf, 0xf8, 0x0, 0x0,
    0x0, 0x0, 0x8, 0xff, 0x0, 0x0, 0xf, 0xf8,
    0x0, 0x0, 0x0, 0x0, 0x8, 0xff, 0x0, 0x0,
    0xf, 0xf8, 0x0, 0x0, 0x0, 0x0, 0x8, 0xff,
    0x0, 0x0, 0xf, 0xf8, 0x0, 0x0, 0x0, 0x0,
    0x8, 0xff, 0x0, 0x0, 0xf, 0xf8, 0x0, 0x0,
    0x1, 0x7b, 0xbd, 0xff, 0x0, 0x0, 0xf, 0xf8,
    0x0, 0x0, 0x1e, 0xff, 0xff, 0xff, 0x0, 0x13,
    0x2f, 0xf8, 0x0, 0x0, 0x7f, 0xff, 0xff, 0xff,
    0x2b, 0xff, 0xff, 0xf8, 0x0, 0x0, 0x4f, 0xff,
    0xff, 0xfc, 0xdf, 0xff, 0xff, 0xf8, 0x0, 0x0,
    0x6, 0xef, 0xff, 0xa1, 0xff, 0xff, 0xff, 0xf7,
    0x0, 0x0, 0x0, 0x2, 0x20, 0x0, 0x7f, 0xff,
    0xff, 0xd1, 0x0, 0x0, 0x0, 0x0, 0x0, 0x0,
    0x2, 0x8a, 0xa6, 0x0, 0x0, 0x0, 0x0, 0x0,
    0x0, 0x0,

    /* U+F008 "" */
    0xc4, 0x3, 0xff, 0xff, 0xff, 0xff, 0xff, 0xff,
    0x40, 0x4c, 0xfd, 0xcd, 0xff, 0xee, 0xee, 0xee,
    0xee, 0xff, 0xdc, 0xdf, 0xfa, 0x8a, 0xfa, 0x0,
    0x0, 0x0, 0x0, 0xaf, 0xb8, 0xaf, 0xf4, 0x3,
    0xfa, 0x0, 0x0, 0x0, 0x0, 0x9f, 0x40, 0x4f,
    0xf4, 0x4, 0xfa, 0x0, 0x0, 0x0, 0x0, 0x9f,
    0x50, 0x4f, 0xff, 0xff, 0xfa, 0x0, 0x0, 0x0,
    0x0, 0x9f, 0xff, 0xff, 0xf7, 0x47, 0xfd, 0x77,
    0x77, 0x77, 0x77, 0xdf, 0x84, 0x7f, 0xf4, 0x3,
    0xff, 0xff, 0xff, 0xff, 0xff, 0xff, 0x40, 0x4f,
    0xf7, 0x47, 0xfd, 0x77, 0x77, 0x77, 0x77, 0xdf,
    0x84, 0x7f, 0xff, 0xff, 0xfa, 0x0, 0x0, 0x0,
    0x0, 0x9f, 0xff, 0xff, 0xf4, 0x4, 0xfa, 0x0,
    0x0, 0x0, 0x0, 0x9f, 0x50, 0x4f, 0xf4, 0x3,
    0xfa, 0x0, 0x0, 0x0, 0x0, 0x9f, 0x40, 0x4f,
    0xfa, 0x8a, 0xfa, 0x0, 0x0, 0x0, 0x0, 0xaf,
    0xb8, 0xaf, 0xfd, 0xcd, 0xff, 0xee, 0xee, 0xee,
    0xee, 0xff, 0xdc, 0xdf, 0xc4, 0x3, 0xff, 0xff,
    0xff, 0xff, 0xff, 0xff, 0x40, 0x4c,

    /* U+F00B "" */
    0x0, 0x0, 0x0, 0x0, 0x0, 0x0, 0x0, 0x0,
    0x0, 0x0, 0xdf, 0xff, 0xfa, 0xc, 0xff, 0xff,
    0xff, 0xff, 0xff, 0xfd, 0xff, 0xff, 0xfd, 0xe,
    0xff, 0xff, 0xff, 0xff, 0xff, 0xff, 0xff, 0xff,
    0xfd, 0xe, 0xff, 0xff, 0xff, 0xff, 0xff, 0xff,
    0xff, 0xff, 0xfd, 0xe, 0xff, 0xff, 0xff, 0xff,
    0xff, 0xff, 0xcf, 0xff, 0xf9, 0xa, 0xff, 0xff,
    0xff, 0xff, 0xff, 0xfc, 0x0, 0x0, 0x0, 0x0,
    0x0, 0x0, 0x0, 0x0, 0x0, 0x0, 0xcf, 0xff,
    0xf9, 0xb, 0xff, 0xff, 0xff, 0xff, 0xff, 0xfc,
    0xff, 0xff, 0xfd, 0xe, 0xff, 0xff, 0xff, 0xff,
    0xff, 0xff, 0xff, 0xff, 0xfd, 0xe, 0xff, 0xff,
    0xff, 0xff, 0xff, 0xff, 0xff, 0xff, 0xfd, 0xe,
    0xff, 0xff, 0xff, 0xff, 0xff, 0xff, 0xcf, 0xff,
    0xfa, 0xb, 0xff, 0xff, 0xff, 0xff, 0xff, 0xfc,
    0x0, 0x0, 0x0, 0x0, 0x0, 0x0, 0x0, 0x0,
    0x0, 0x0, 0xcf, 0xff, 0xf9, 0xa, 0xff, 0xff,
    0xff, 0xff, 0xff, 0xfb, 0xff, 0xff, 0xfd, 0xe,
    0xff, 0xff, 0xff, 0xff, 0xff, 0xff, 0xff, 0xff,
    0xfd, 0xe, 0xff, 0xff, 0xff, 0xff, 0xff, 0xff,
    0xff, 0xff, 0xfd, 0xe, 0xff, 0xff, 0xff, 0xff,
    0xff, 0xff, 0xdf, 0xff, 0xfa, 0xc, 0xff, 0xff,
    0xff, 0xff, 0xff, 0xfd, 0x0, 0x0, 0x0, 0x0,
    0x0, 0x0, 0x0, 0x0, 0x0, 0x0,

    /* U+F00C "" */
    0x0, 0x0, 0x0, 0x0, 0x0, 0x0, 0x0, 0x0,
    0x4e, 0x60, 0x0, 0x0, 0x0, 0x0, 0x0, 0x0,
    0x0, 0x4, 0xff, 0xf7, 0x0, 0x0, 0x0, 0x0,
    0x0, 0x0, 0x0, 0x4f, 0xff, 0xff, 0x0, 0x0,
    0x0, 0x0, 0x0, 0x0, 0x4, 0xff, 0xff, 0xf6,
    0x0, 0x0, 0x0, 0x0, 0x0, 0x0, 0x4f, 0xff,
    0xff, 0x60, 0x6, 0xe4, 0x0, 0x0, 0x0, 0x4,
    0xff, 0xff, 0xf6, 0x0, 0x7f, 0xff, 0x40, 0x0,
    0x0, 0x4f, 0xff, 0xff, 0x60, 0x0, 0xff, 0xff,
    0xf4, 0x0, 0x4, 0xff, 0xff, 0xf6, 0x0, 0x0,
    0x6f, 0xff, 0xff, 0x40, 0x4f, 0xff, 0xff, 0x60,
    0x0, 0x0, 0x6, 0xff, 0xff, 0xf8, 0xff, 0xff,
    0xf5, 0x0, 0x0, 0x0, 0x0, 0x5f, 0xff, 0xff,
    0xff, 0xff, 0x50, 0x0, 0x0, 0x0, 0x0, 0x5,
    0xff, 0xff, 0xff, 0xf5, 0x0, 0x0, 0x0, 0x0,
    0x0, 0x0, 0x5f, 0xff, 0xff, 0x50, 0x0, 0x0,
    0x0, 0x0, 0x0, 0x0, 0x5, 0xff, 0xf5, 0x0,
    0x0, 0x0, 0x0, 0x0, 0x0, 0x0, 0x0, 0x5e,
    0x50, 0x0, 0x0, 0x0, 0x0, 0x0,

    /* U+F00D "" */
    0x6, 0x70, 0x0, 0x0, 0x0, 0x18, 0x40, 0x8f,
    0xfb, 0x0, 0x0, 0x1, 0xdf, 0xf4, 0xff, 0xff,
    0xb0, 0x0, 0x1d, 0xff, 0xfb, 0x7f, 0xff, 0xfb,
    0x1, 0xdf, 0xff, 0xf4, 0x8, 0xff, 0xff, 0xbd,
    0xff, 0xff, 0x40, 0x0, 0x8f, 0xff, 0xff, 0xff,
    0xf4, 0x0, 0x0, 0x8, 0xff, 0xff, 0xff, 0x40,
    0x0, 0x0, 0x1, 0xef, 0xff, 0xfc, 0x0, 0x0,
    0x0, 0x1d, 0xff, 0xff, 0xff, 0xb0, 0x0, 0x1,
    0xdf, 0xff, 0xff, 0xff, 0xfb, 0x0, 0x1d, 0xff,
    0xff, 0x48, 0xff, 0xff, 0xb0, 0xcf, 0xff, 0xf4,
    0x0, 0x8f, 0xff, 0xf9, 0xdf, 0xff, 0x40, 0x0,
    0x8, 0xff, 0xf9, 0x2e, 0xf4, 0x0, 0x0, 0x0,
    0x8f, 0xc0, 0x0, 0x10, 0x0, 0x0, 0x0, 0x1,
    0x0,

    /* U+F011 "" */
    0x0, 0x0, 0x0, 0x0, 0x26, 0x50, 0x0, 0x0,
    0x0, 0x0, 0x0, 0x0, 0x0, 0x0, 0xdf, 0xf3,
    0x0, 0x0, 0x0, 0x0, 0x0, 0x0, 0x64, 0x0,
    0xdf, 0xf4, 0x0, 0x72, 0x0, 0x0, 0x0, 0xb,
    0xfe, 0x10, 0xdf, 0xf4, 0x9, 0xfe, 0x30, 0x0,
    0x0, 0xaf, 0xff, 0x50, 0xdf, 0xf4, 0xe, 0xff,
    0xe1, 0x0, 0x5, 0xff, 0xfb, 0x0, 0xdf, 0xf4,
    0x5, 0xff, 0xfb, 0x0, 0xd, 0xff, 0xb0, 0x0,
    0xdf, 0xf4, 0x0, 0x5f, 0xff, 0x40, 0x4f, 0xff,
    0x20, 0x0, 0xdf, 0xf4, 0x0, 0xb, 0xff, 0xa0,
    0x8f, 0xfb, 0x0, 0x0, 0xdf, 0xf4, 0x0, 0x4,
    0xff, 0xf0, 0xbf, 0xf7, 0x0, 0x0, 0xdf, 0xf4,
    0x0, 0x1, 0xff, 0xf1, 0xbf, 0xf6, 0x0, 0x0,
    0xdf, 0xf4, 0x0, 0x0, 0xff, 0xf2, 0xbf, 0xf7,
    0x0, 0x0, 0x8d, 0xc1, 0x0, 0x0, 0xff, 0xf1,
    0x8f, 0xfa, 0x0, 0x0, 0x0, 0x0, 0x0, 0x4,
    0xff, 0xf0, 0x4f, 0xff, 0x10, 0x0, 0x0, 0x0,
    0x0, 0xa, 0xff, 0xb0, 0xe, 0xff, 0xb0, 0x0,
    0x0, 0x0, 0x0, 0x4f, 0xff, 0x50, 0x6, 0xff,
    0xf9, 0x0, 0x0, 0x0, 0x4, 0xff, 0xfc, 0x0,
    0x0, 0xaf, 0xff, 0xd5, 0x10, 0x3, 0x9f, 0xff,
    0xf2, 0x0, 0x0, 0xb, 0xff, 0xff, 0xff, 0xff,
    0xff, 0xff, 0x40, 0x0, 0x0, 0x0, 0x8f, 0xff,
    0xff, 0xff, 0xff, 0xd2, 0x0, 0x0, 0x0, 0x0,
    0x2, 0x9e, 0xff, 0xff, 0xb6, 0x0, 0x0, 0x0,
    0x0, 0x0, 0x0, 0x0, 0x12, 0x10, 0x0, 0x0,
    0x0, 0x0,

    /* U+F013 "" */
    0x0, 0x0, 0x0, 0x0, 0x2, 0x20, 0x0, 0x0,
    0x0, 0x0, 0x0, 0x0, 0x0, 0x6, 0xff, 0xff,
    0x60, 0x0, 0x0, 0x0, 0x0, 0x0, 0x0, 0x8,
    0xff, 0xff, 0x80, 0x0, 0x0, 0x0, 0x0, 0x1,
    0x0, 0x2b, 0xff, 0xff, 0xb2, 0x0, 0x10, 0x0,
    0x0, 0x8f, 0x87, 0xff, 0xff, 0xff, 0xff, 0x79,
    0xf8, 0x0, 0x4, 0xff, 0xff, 0xff, 0xff, 0xff,
    0xff, 0xff, 0xff, 0x40, 0xc, 0xff, 0xff, 0xff,
    0xff, 0xff, 0xff, 0xff, 0xff, 0xc0, 0x2f, 0xff,
    0xff, 0xff, 0xc7, 0x7c, 0xff, 0xff, 0xff, 0xf2,
    0x7, 0xff, 0xff, 0xfa, 0x0, 0x0, 0xaf, 0xff,
    0xff, 0x70, 0x0, 0x6f, 0xff, 0xf1, 0x0, 0x0,
    0x1f, 0xff, 0xf6, 0x0, 0x0, 0x7f, 0xff, 0xe0,
    0x0, 0x0, 0xe, 0xff, 0xf7, 0x0, 0x0, 0x6f,
    0xff, 0xf1, 0x0, 0x0, 0x1f, 0xff, 0xf6, 0x0,
    0x7, 0xff, 0xff, 0xfa, 0x0, 0x0, 0xaf, 0xff,
    0xff, 0x70, 0x2f, 0xff, 0xff, 0xff, 0xc7, 0x7c,
    0xff, 0xff, 0xff, 0xf2, 0xc, 0xff, 0xff, 0xff,
    0xff, 0xff, 0xff, 0xff, 0xff, 0xc0, 0x4, 0xff,
    0xff, 0xff, 0xff, 0xff, 0xff, 0xff, 0xff, 0x40,
    0x0, 0x8f, 0x97, 0xff, 0xff, 0xff, 0xff, 0x78,
    0xf8, 0x0, 0x0, 0x1, 0x0, 0x1b, 0xff, 0xff,
    0xb1, 0x0, 0x10, 0x0, 0x0, 0x0, 0x0, 0x8,
    0xff, 0xff, 0x80, 0x0, 0x0, 0x0, 0x0, 0x0,
    0x0, 0x6, 0xff, 0xff, 0x60, 0x0, 0x0, 0x0,
    0x0, 0x0, 0x0, 0x0, 0x2, 0x20, 0x0, 0x0,
    0x0, 0x0,

    /* U+F015 "" */
    0x0, 0x0, 0x0, 0x0, 0x0, 0x46, 0x10, 0x0,
    0x67, 0x60, 0x0, 0x0, 0x0, 0x0, 0x0, 0x0,
    0x9f, 0xfe, 0x20, 0xf, 0xff, 0x0, 0x0, 0x0,
    0x0, 0x0, 0x1, 0xbf, 0xff, 0xff, 0x51, 0xff,
    0xf1, 0x0, 0x0, 0x0, 0x0, 0x2, 0xdf, 0xfc,
    0x8f, 0xff, 0x8f, 0xff, 0x10, 0x0, 0x0, 0x0,
    0x4, 0xff, 0xfa, 0x0, 0x4e, 0xff, 0xff, 0xf1,
    0x0, 0x0, 0x0, 0x7, 0xff, 0xf7, 0x8, 0xd3,
    0x2d, 0xff, 0xff, 0x10, 0x0, 0x0, 0xa, 0xff,
    0xf5, 0x1b, 0xff, 0xf5, 0xb, 0xff, 0xf4, 0x0,
    0x0, 0x1c, 0xff, 0xe2, 0x2d, 0xff, 0xff, 0xf7,
    0x8, 0xff, 0xf6, 0x0, 0x3e, 0xff, 0xc1, 0x4e,
    0xff, 0xff, 0xff, 0xfa, 0x5, 0xff, 0xf9, 0xe,
    0xff, 0x90, 0x6f, 0xff, 0xff, 0xff, 0xff, 0xfc,
    0x13, 0xef, 0xf6, 0x4f, 0x70, 0x9f, 0xff, 0xff,
    0xff, 0xff, 0xff, 0xfe, 0x31, 0xcc, 0x0, 0x0,
    0x3f, 0xff, 0xff, 0xff, 0xff, 0xff, 0xff, 0xfb,
    0x0, 0x0, 0x0, 0x4, 0xff, 0xff, 0xff, 0xff,
    0xff, 0xff, 0xff, 0xc0, 0x0, 0x0, 0x0, 0x4f,
    0xff, 0xff, 0x80, 0x1, 0xef, 0xff, 0xfc, 0x0,
    0x0, 0x0, 0x4, 0xff, 0xff, 0xf6, 0x0, 0xe,
    0xff, 0xff, 0xc0, 0x0, 0x0, 0x0, 0x4f, 0xff,
    0xff, 0x60, 0x0, 0xef, 0xff, 0xfc, 0x0, 0x0,
    0x0, 0x4, 0xff, 0xff, 0xf6, 0x0, 0xe, 0xff,
    0xff, 0xc0, 0x0, 0x0, 0x0, 0x2f, 0xff, 0xff,
    0x40, 0x0, 0xcf, 0xff, 0xfa, 0x0, 0x0, 0x0,
    0x0, 0x0, 0x0, 0x0, 0x0, 0x0, 0x0, 0x0,
    0x0, 0x0, 0x0,

    /* U+F019 "" */
    0x0, 0x0, 0x0, 0x0, 0x56, 0x65, 0x0, 0x0,
    0x0, 0x0, 0x0, 0x0, 0x0, 0x7, 0xff, 0xff,
    0x70, 0x0, 0x0, 0x0, 0x0, 0x0, 0x0, 0x8,
    0xff, 0xff, 0x80, 0x0, 0x0, 0x0, 0x0, 0x0,
    0x0, 0x8, 0xff, 0xff, 0x80, 0x0, 0x0, 0x0,
    0x0, 0x0, 0x0, 0x8, 0xff, 0xff, 0x80, 0x0,
    0x0, 0x0, 0x0, 0x0, 0x0, 0x8, 0xff, 0xff,
    0x80, 0x0, 0x0, 0x0, 0x0, 0x0, 0x0, 0x8,
    0xff, 0xff, 0x80, 0x0, 0x0, 0x0, 0x0, 0x0,
    0x0, 0x8, 0xff, 0xff, 0x80, 0x0, 0x0, 0x0,
    0x0, 0x7, 0xee, 0xef, 0xff, 0xff, 0xfe, 0xee,
    0x70, 0x0, 0x0, 0x5, 0xff, 0xff, 0xff, 0xff,
    0xff, 0xff, 0x50, 0x0, 0x0, 0x0, 0x6f, 0xff,
    0xff, 0xff, 0xff, 0xf6, 0x0, 0x0, 0x0, 0x0,
    0x5, 0xff, 0xff, 0xff, 0xff, 0x50, 0x0, 0x0,
    0x0, 0x0, 0x0, 0x5f, 0xff, 0xff, 0xf5, 0x0,
    0x0, 0x0, 0x0, 0x0, 0x0, 0x5, 0xff, 0xff,
    0x50, 0x0, 0x0, 0x0, 0x7a, 0xaa, 0xaa, 0x91,
    0x4f, 0xf4, 0x19, 0xaa, 0xaa, 0xa7, 0xff, 0xff,
    0xff, 0xfd, 0x23, 0x32, 0xdf, 0xff, 0xff, 0xff,
    0xff, 0xff, 0xff, 0xff, 0xf9, 0x9f, 0xff, 0xff,
    0xff, 0xff, 0xff, 0xff, 0xff, 0xff, 0xff, 0xff,
    0xff, 0xff, 0xff, 0xff, 0xff, 0xff, 0xff, 0xff,
    0xff, 0xff, 0xfb, 0xf, 0x48, 0xff, 0xff, 0xff,
    0xff, 0xff, 0xff, 0xff, 0xff, 0xef, 0xef, 0xff,
    0x14, 0x44, 0x44, 0x44, 0x44, 0x44, 0x44, 0x44,
    0x44, 0x41,

    /* U+F01C "" */
    0x0, 0x0, 0x3d, 0xff, 0xff, 0xff, 0xff, 0xff,
    0xf9, 0x0, 0x0, 0x0, 0x0, 0x1e, 0xff, 0xff,
    0xff, 0xff, 0xff, 0xff, 0xf8, 0x0, 0x0, 0x0,
    0xa, 0xff, 0x98, 0x88, 0x88, 0x88, 0x88, 0xdf,
    0xf3, 0x0, 0x0, 0x5, 0xff, 0xa0, 0x0, 0x0,
    0x0, 0x0, 0x2, 0xff, 0xd0, 0x0, 0x1, 0xef,
    0xe1, 0x0, 0x0, 0x0, 0x0, 0x0, 0x8, 0xff,
    0x80, 0x0, 0xaf, 0xf5, 0x0, 0x0, 0x0, 0x0,
    0x0, 0x0, 0xd, 0xff, 0x30, 0x5f, 0xfa, 0x0,
    0x0, 0x0, 0x0, 0x0, 0x0, 0x0, 0x3f, 0xfd,
    0xd, 0xff, 0x98, 0x88, 0x70, 0x0, 0x0, 0x3,
    0x88, 0x88, 0xdf, 0xf5, 0xff, 0xff, 0xff, 0xff,
    0x40, 0x0, 0x0, 0xcf, 0xff, 0xff, 0xff, 0x7f,
    0xff, 0xff, 0xff, 0xfc, 0x0, 0x0, 0x5f, 0xff,
    0xff, 0xff, 0xf8, 0xff, 0xff, 0xff, 0xff, 0xff,
    0xff, 0xff, 0xff, 0xff, 0xff, 0xff, 0x8f, 0xff,
    0xff, 0xff, 0xff, 0xff, 0xff, 0xff, 0xff, 0xff,
    0xff, 0xf8, 0xff, 0xff, 0xff, 0xff, 0xff, 0xff,
    0xff, 0xff, 0xff, 0xff, 0xff, 0x8e, 0xff, 0xff,
    0xff, 0xff, 0xff, 0xff, 0xff, 0xff, 0xff, 0xff,
    0xf6, 0x5e, 0xff, 0xff, 0xff, 0xff, 0xff, 0xff,
    0xff, 0xff, 0xff, 0xfb, 0x0,

    /* U+F021 "" */
    0x0, 0x0, 0x0, 0x0, 0x1, 0x10, 0x0, 0x0,
    0x7, 0xba, 0x0, 0x0, 0x1, 0x7c, 0xff, 0xff,
    0xb5, 0x0, 0xb, 0xff, 0x0, 0x0, 0x7f, 0xff,
    0xff, 0xff, 0xff, 0xe5, 0xb, 0xff, 0x0, 0xa,
    0xff, 0xff, 0xdb, 0xbe, 0xff, 0xff, 0x9a, 0xff,
    0x0, 0x9f, 0xff, 0xa2, 0x0, 0x0, 0x3b, 0xff,
    0xff, 0xff, 0x5, 0xff, 0xf6, 0x0, 0x0, 0x0,
    0x0, 0x5f, 0xff, 0xff, 0xd, 0xff, 0x60, 0x0,
    0x0, 0x7, 0xba, 0x9c, 0xff, 0xff, 0x3f, 0xfc,
    0x0, 0x0, 0x0, 0xc, 0xff, 0xff, 0xff, 0xff,
    0x7f, 0xf6, 0x0, 0x0, 0x0, 0xb, 0xff, 0xff,
    0xff, 0xff, 0x0, 0x0, 0x0, 0x0, 0x0, 0x0,
    0x0, 0x0, 0x0, 0x0, 0x0, 0x0, 0x0, 0x0,
    0x0, 0x0, 0x0, 0x0, 0x0, 0x0, 0x0, 0x0,
    0x0, 0x0, 0x0, 0x0, 0x0, 0x0, 0x0, 0x0,
    0xff, 0xff, 0xff, 0xff, 0xb0, 0x0, 0x0, 0x0,
    0x6f, 0xf6, 0xff, 0xff, 0xff, 0xff, 0xc0, 0x0,
    0x0, 0x0, 0xcf, 0xf3, 0xff, 0xff, 0xc9, 0xaa,
    0x70, 0x0, 0x0, 0x7, 0xff, 0xd0, 0xff, 0xff,
    0xf5, 0x0, 0x0, 0x0, 0x0, 0x6f, 0xff, 0x50,
    0xff, 0xff, 0xff, 0xb3, 0x0, 0x0, 0x3b, 0xff,
    0xf9, 0x0, 0xff, 0xa9, 0xff, 0xff, 0xeb, 0xbd,
    0xff, 0xff, 0xa0, 0x0, 0xff, 0xb0, 0x5d, 0xff,
    0xff, 0xff, 0xff, 0xf7, 0x0, 0x0, 0xff, 0xb0,
    0x0, 0x5b, 0xff, 0xff, 0xc8, 0x10, 0x0, 0x0,
    0xab, 0x70, 0x0, 0x0, 0x1, 0x10, 0x0, 0x0,
    0x0, 0x0,

    /* U+F026 "" */
    0x0, 0x0, 0x0, 0x0, 0x1, 0x0, 0x0, 0x0,
    0x2, 0xee, 0x0, 0x0, 0x0, 0x2e, 0xff, 0x0,
    0x0, 0x2, 0xef, 0xff, 0x47, 0x77, 0x7e, 0xff,
    0xff, 0xff, 0xff, 0xff, 0xff, 0xff, 0xff, 0xff,
    0xff, 0xff, 0xff, 0xff, 0xff, 0xff, 0xff, 0xff,
    0xff, 0xff, 0xff, 0xff, 0xff, 0xff, 0xff, 0xff,
    0xff, 0xff, 0xff, 0xff, 0xff, 0xff, 0xff, 0xdf,
    0xff, 0xff, 0xff, 0xff, 0x0, 0x0, 0x9, 0xff,
    0xff, 0x0, 0x0, 0x0, 0x9f, 0xff, 0x0, 0x0,
    0x0, 0x9, 0xff, 0x0, 0x0, 0x0, 0x0, 0x89,

    /* U+F027 "" */
    0x0, 0x0, 0x0, 0x0, 0x89, 0x0, 0x0, 0x0,
    0x0, 0x0, 0x0, 0x9f, 0xf0, 0x0, 0x0, 0x0,
    0x0, 0x0, 0x9f, 0xff, 0x0, 0x0, 0x0, 0x0,
    0x0, 0x9f, 0xff, 0xf0, 0x0, 0x0, 0xdf, 0xff,
    0xff, 0xff, 0xff, 0x0, 0x73, 0xf, 0xff, 0xff,
    0xff, 0xff, 0xf0, 0x1f, 0xf4, 0xff, 0xff, 0xff,
    0xff, 0xff, 0x0, 0x5f, 0xcf, 0xff, 0xff, 0xff,
    0xff, 0xf0, 0x0, 0xff, 0xff, 0xff, 0xff, 0xff,
    0xff, 0x0, 0x4f, 0xdf, 0xff, 0xff, 0xff, 0xff,
    0xf0, 0x1f, 0xf5, 0xff, 0xff, 0xff, 0xff, 0xff,
    0x0, 0x85, 0x4, 0x77, 0x77, 0xef, 0xff, 0xf0,
    0x0, 0x0, 0x0, 0x0, 0x2, 0xef, 0xff, 0x0,
    0x0, 0x0, 0x0, 0x0, 0x2, 0xef, 0xf0, 0x0,
    0x0, 0x0, 0x0, 0x0, 0x2, 0xee, 0x0, 0x0,
    0x0, 0x0, 0x0, 0x0, 0x1, 0x10, 0x0, 0x0,

    /* U+F028 "" */
    0x0, 0x0, 0x0, 0x0, 0x0, 0x0, 0x0, 0x0,
    0x7b, 0x20, 0x0, 0x0, 0x0, 0x0, 0x0, 0x0,
    0x10, 0x0, 0x0, 0x9, 0xfe, 0x30, 0x0, 0x0,
    0x0, 0x0, 0x2, 0xee, 0x0, 0x0, 0x0, 0x9,
    0xff, 0x20, 0x0, 0x0, 0x0, 0x2, 0xef, 0xf0,
    0x0, 0x8, 0x70, 0x8, 0xfd, 0x0, 0x0, 0x0,
    0x2, 0xef, 0xff, 0x0, 0x0, 0xef, 0xb0, 0xc,
    0xf6, 0x4, 0x77, 0x77, 0xef, 0xff, 0xf0, 0x0,
    0x2, 0xdf, 0x80, 0x3f, 0xd0, 0xff, 0xff, 0xff,
    0xff, 0xff, 0x0, 0x74, 0x1, 0xff, 0x10, 0xcf,
    0x3f, 0xff, 0xff, 0xff, 0xff, 0xf0, 0x1f, 0xf4,
    0x8, 0xf7, 0x7, 0xf6, 0xff, 0xff, 0xff, 0xff,
    0xff, 0x0, 0x5f, 0xc0, 0x3f, 0xa0, 0x4f, 0x9f,
    0xff, 0xff, 0xff, 0xff, 0xf0, 0x0, 0xff, 0x2,
    0xfb, 0x4, 0xf9, 0xff, 0xff, 0xff, 0xff, 0xff,
    0x0, 0x5f, 0xc0, 0x3f, 0xa0, 0x5f, 0x9f, 0xff,
    0xff, 0xff, 0xff, 0xf0, 0x1f, 0xf4, 0x8, 0xf7,
    0x7, 0xf6, 0xdf, 0xff, 0xff, 0xff, 0xff, 0x0,
    0x74, 0x2, 0xff, 0x10, 0xcf, 0x30, 0x0, 0x0,
    0x9f, 0xff, 0xf0, 0x0, 0x2, 0xef, 0x80, 0x3f,
    0xd0, 0x0, 0x0, 0x0, 0x9f, 0xff, 0x0, 0x0,
    0xef, 0xb0, 0xc, 0xf6, 0x0, 0x0, 0x0, 0x0,
    0x9f, 0xf0, 0x0, 0x8, 0x70, 0x8, 0xfd, 0x0,
    0x0, 0x0, 0x0, 0x0, 0x89, 0x0, 0x0, 0x0,
    0x8, 0xff, 0x20, 0x0, 0x0, 0x0, 0x0, 0x0,
    0x0, 0x0, 0x0, 0x9, 0xff, 0x30, 0x0, 0x0,
    0x0, 0x0, 0x0, 0x0, 0x0, 0x0, 0x0, 0x7b,
    0x20, 0x0, 0x0,

    /* U+F03E "" */
    0x5e, 0xff, 0xff, 0xff, 0xff, 0xff, 0xff, 0xff,
    0xff, 0xe5, 0xef, 0xff, 0xff, 0xff, 0xff, 0xff,
    0xff, 0xff, 0xff, 0xfe, 0xff, 0xf6, 0x38, 0xff,
    0xff, 0xff, 0xff, 0xff, 0xff, 0xff, 0xff, 0x60,
    0x0, 0xaf, 0xff, 0xff, 0xff, 0xff, 0xff, 0xff,
    0xff, 0x30, 0x0, 0x7f, 0xff, 0xff, 0xfb, 0xef,
    0xff, 0xff, 0xff, 0x80, 0x0, 0xcf, 0xff, 0xff,
    0x90, 0x3e, 0xff, 0xff, 0xff, 0xfa, 0x7c, 0xff,
    0xff, 0xf9, 0x0, 0x3, 0xef, 0xff, 0xff, 0xff,
    0xfc, 0xff, 0xff, 0x90, 0x0, 0x0, 0x3e, 0xff,
    0xff, 0xff, 0x90, 0x6f, 0xf9, 0x0, 0x0, 0x0,
    0x8, 0xff, 0xff, 0xf9, 0x0, 0x6, 0x90, 0x0,
    0x0, 0x0, 0x8, 0xff, 0xff, 0xb0, 0x0, 0x0,
    0x0, 0x0, 0x0, 0x0, 0x8, 0xff, 0xff, 0x80,
    0x0, 0x0, 0x0, 0x0, 0x0, 0x0, 0x8, 0xff,
    0xff, 0xc8, 0x88, 0x88, 0x88, 0x88, 0x88, 0x88,
    0x8c, 0xff, 0xef, 0xff, 0xff, 0xff, 0xff, 0xff,
    0xff, 0xff, 0xff, 0xfe, 0x5e, 0xff, 0xff, 0xff,
    0xff, 0xff, 0xff, 0xff, 0xff, 0xe5,

    /* U+F043 "" */
    0x0, 0x0, 0x0, 0x42, 0x0, 0x0, 0x0, 0x0,
    0x0, 0x3, 0xff, 0x10, 0x0, 0x0, 0x0, 0x0,
    0xa, 0xff, 0x60, 0x0, 0x0, 0x0, 0x0, 0x1f,
    0xff, 0xc0, 0x0, 0x0, 0x0, 0x0, 0x8f, 0xff,
    0xf4, 0x0, 0x0, 0x0, 0x1, 0xff, 0xff, 0xfc,
    0x0, 0x0, 0x0, 0xa, 0xff, 0xff, 0xff, 0x60,
    0x0, 0x0, 0x4f, 0xff, 0xff, 0xff, 0xf2, 0x0,
    0x1, 0xef, 0xff, 0xff, 0xff, 0xfc, 0x0, 0xb,
    0xff, 0xff, 0xff, 0xff, 0xff, 0x70, 0x3f, 0xff,
    0xff, 0xff, 0xff, 0xff, 0xf1, 0xaf, 0xff, 0xff,
    0xff, 0xff, 0xff, 0xf6, 0xef, 0xff, 0xff, 0xff,
    0xff, 0xff, 0xfa, 0xff, 0xa6, 0xff, 0xff, 0xff,
    0xff, 0xfb, 0xef, 0x91, 0xff, 0xff, 0xff, 0xff,
    0xfa, 0xbf, 0xe0, 0x9f, 0xff, 0xff, 0xff, 0xf7,
    0x5f, 0xf9, 0x7, 0xcf, 0xff, 0xff, 0xf2, 0xc,
    0xff, 0xb3, 0x9, 0xff, 0xff, 0x80, 0x1, 0xdf,
    0xff, 0xff, 0xff, 0xfa, 0x0, 0x0, 0x9, 0xff,
    0xff, 0xff, 0x70, 0x0, 0x0, 0x0, 0x15, 0x77,
    0x40, 0x0, 0x0,

    /* U+F048 "" */
    0x47, 0x60, 0x0, 0x0, 0x0, 0x16, 0x1b, 0xff,
    0x10, 0x0, 0x0, 0x2d, 0xfb, 0xbf, 0xf1, 0x0,
    0x0, 0x2e, 0xff, 0xcb, 0xff, 0x10, 0x0, 0x3e,
    0xff, 0xfc, 0xbf, 0xf1, 0x0, 0x4f, 0xff, 0xff,
    0xcb, 0xff, 0x10, 0x5f, 0xff, 0xff, 0xfc, 0xbf,
    0xf1, 0x6f, 0xff, 0xff, 0xff, 0xcb, 0xff, 0x9f,
    0xff, 0xff, 0xff, 0xfc, 0xbf, 0xff, 0xff, 0xff,
    0xff, 0xff, 0xcb, 0xff, 0xff, 0xff, 0xff, 0xff,
    0xfc, 0xbf, 0xff, 0xff, 0xff, 0xff, 0xff, 0xcb,
    0xff, 0x4e, 0xff, 0xff, 0xff, 0xfc, 0xbf, 0xf1,
    0x2d, 0xff, 0xff, 0xff, 0xcb, 0xff, 0x10, 0x1c,
    0xff, 0xff, 0xfc, 0xbf, 0xf1, 0x0, 0xc, 0xff,
    0xff, 0xcb, 0xff, 0x10, 0x0, 0xb, 0xff, 0xfc,
    0xbf, 0xf1, 0x0, 0x0, 0xa, 0xff, 0xca, 0xff,
    0x10, 0x0, 0x0, 0x8, 0xf7, 0x0, 0x0, 0x0,
    0x0, 0x0, 0x0, 0x0,

    /* U+F04B "" */
    0x6, 0x50, 0x0, 0x0, 0x0, 0x0, 0x0, 0x0,
    0x0, 0xbf, 0xfd, 0x30, 0x0, 0x0, 0x0, 0x0,
    0x0, 0x0, 0xff, 0xff, 0xfa, 0x10, 0x0, 0x0,
    0x0, 0x0, 0x0, 0xff, 0xff, 0xff, 0xf7, 0x0,
    0x0, 0x0, 0x0, 0x0, 0xff, 0xff, 0xff, 0xff,
    0xd4, 0x0, 0x0, 0x0, 0x0, 0xff, 0xff, 0xff,
    0xff, 0xff, 0xb2, 0x0, 0x0, 0x0, 0xff, 0xff,
    0xff, 0xff, 0xff, 0xff, 0x80, 0x0, 0x0, 0xff,
    0xff, 0xff, 0xff, 0xff, 0xff, 0xfe, 0x50, 0x0,
    0xff, 0xff, 0xff, 0xff, 0xff, 0xff, 0xff, 0xfb,
    0x20, 0xff, 0xff, 0xff, 0xff, 0xff, 0xff, 0xff,
    0xff, 0xf2, 0xff, 0xff, 0xff, 0xff, 0xff, 0xff,
    0xff, 0xff, 0xf6, 0xff, 0xff, 0xff, 0xff, 0xff,
    0xff, 0xff, 0xff, 0xf2, 0xff, 0xff, 0xff, 0xff,
    0xff, 0xff, 0xff, 0xfb, 0x20, 0xff, 0xff, 0xff,
    0xff, 0xff, 0xff, 0xfd, 0x50, 0x0, 0xff, 0xff,
    0xff, 0xff, 0xff, 0xff, 0x80, 0x0, 0x0, 0xff,
    0xff, 0xff, 0xff, 0xff, 0xa2, 0x0, 0x0, 0x0,
    0xff, 0xff, 0xff, 0xff, 0xd4, 0x0, 0x0, 0x0,
    0x0, 0xff, 0xff, 0xff, 0xf7, 0x0, 0x0, 0x0,
    0x0, 0x0, 0xff, 0xff, 0xfa, 0x10, 0x0, 0x0,
    0x0, 0x0, 0x0, 0xbf, 0xfd, 0x30, 0x0, 0x0,
    0x0, 0x0, 0x0, 0x0, 0x6, 0x50, 0x0, 0x0,
    0x0, 0x0, 0x0, 0x0, 0x0,

    /* U+F04C "" */
    0x6, 0x77, 0x77, 0x30, 0x0, 0x6, 0x77, 0x77,
    0x30, 0xbf, 0xff, 0xff, 0xf3, 0x0, 0xbf, 0xff,
    0xff, 0xf3, 0xff, 0xff, 0xff, 0xf7, 0x0, 0xff,
    0xff, 0xff, 0xf7, 0xff, 0xff, 0xff, 0xf8, 0x0,
    0xff, 0xff, 0xff, 0xf8, 0xff, 0xff, 0xff, 0xf8,
    0x0, 0xff, 0xff, 0xff, 0xf8, 0xff, 0xff, 0xff,
    0xf8, 0x0, 0xff, 0xff, 0xff, 0xf8, 0xff, 0xff,
    0xff, 0xf8, 0x0, 0xff, 0xff, 0xff, 0xf8, 0xff,
    0xff, 0xff, 0xf8, 0x0, 0xff, 0xff, 0xff, 0xf8,
    0xff, 0xff, 0xff, 0xf8, 0x0, 0xff, 0xff, 0xff,
    0xf8, 0xff, 0xff, 0xff, 0xf8, 0x0, 0xff, 0xff,
    0xff, 0xf8, 0xff, 0xff, 0xff, 0xf8, 0x0, 0xff,
    0xff, 0xff, 0xf8, 0xff, 0xff, 0xff, 0xf8, 0x0,
    0xff, 0xff, 0xff, 0xf8, 0xff, 0xff, 0xff, 0xf8,
    0x0, 0xff, 0xff, 0xff, 0xf8, 0xff, 0xff, 0xff,
    0xf8, 0x0, 0xff, 0xff, 0xff, 0xf8, 0xff, 0xff,
    0xff, 0xf8, 0x0, 0xff, 0xff, 0xff, 0xf8, 0xff,
    0xff, 0xff, 0xf8, 0x0, 0xff, 0xff, 0xff, 0xf8,
    0xef, 0xff, 0xff, 0xf6, 0x0, 0xef, 0xff, 0xff,
    0xf6, 0x6f, 0xff, 0xff, 0xc1, 0x0, 0x6f, 0xff,
    0xff, 0xc1, 0x0, 0x0, 0x0, 0x0, 0x0, 0x0,
    0x0, 0x0, 0x0,

    /* U+F04D "" */
    0x5, 0x77, 0x77, 0x77, 0x77, 0x77, 0x77, 0x77,
    0x30, 0xbf, 0xff, 0xff, 0xff, 0xff, 0xff, 0xff,
    0xff, 0xf3, 0xff, 0xff, 0xff, 0xff, 0xff, 0xff,
    0xff, 0xff, 0xf7, 0xff, 0xff, 0xff, 0xff, 0xff,
    0xff, 0xff, 0xff, 0xf8, 0xff, 0xff, 0xff, 0xff,
    0xff, 0xff, 0xff, 0xff, 0xf8, 0xff, 0xff, 0xff,
    0xff, 0xff, 0xff, 0xff, 0xff, 0xf8, 0xff, 0xff,
    0xff, 0xff, 0xff, 0xff, 0xff, 0xff, 0xf8, 0xff,
    0xff, 0xff, 0xff, 0xff, 0xff, 0xff, 0xff, 0xf8,
    0xff, 0xff, 0xff, 0xff, 0xff, 0xff, 0xff, 0xff,
    0xf8, 0xff, 0xff, 0xff, 0xff, 0xff, 0xff, 0xff,
    0xff, 0xf8, 0xff, 0xff, 0xff, 0xff, 0xff, 0xff,
    0xff, 0xff, 0xf8, 0xff, 0xff, 0xff, 0xff, 0xff,
    0xff, 0xff, 0xff, 0xf8, 0xff, 0xff, 0xff, 0xff,
    0xff, 0xff, 0xff, 0xff, 0xf8, 0xff, 0xff, 0xff,
    0xff, 0xff, 0xff, 0xff, 0xff, 0xf8, 0xff, 0xff,
    0xff, 0xff, 0xff, 0xff, 0xff, 0xff, 0xf8, 0xff,
    0xff, 0xff, 0xff, 0xff, 0xff, 0xff, 0xff, 0xf8,
    0xef, 0xff, 0xff, 0xff, 0xff, 0xff, 0xff, 0xff,
    0xf6, 0x6f, 0xff, 0xff, 0xff, 0xff, 0xff, 0xff,
    0xff, 0xc1, 0x0, 0x0, 0x0, 0x0, 0x0, 0x0,
    0x0, 0x0, 0x0,

    /* U+F051 "" */
    0x5, 0x20, 0x0, 0x0, 0x0, 0x57, 0x66, 0xff,
    0x40, 0x0, 0x0, 0xc, 0xff, 0x8f, 0xff, 0x60,
    0x0, 0x0, 0xdf, 0xf8, 0xff, 0xff, 0x70, 0x0,
    0xd, 0xff, 0x8f, 0xff, 0xff, 0x80, 0x0, 0xdf,
    0xf8, 0xff, 0xff, 0xff, 0x90, 0xd, 0xff, 0x8f,
    0xff, 0xff, 0xff, 0xb0, 0xdf, 0xf8, 0xff, 0xff,
    0xff, 0xff, 0xcd, 0xff, 0x8f, 0xff, 0xff, 0xff,
    0xff, 0xff, 0xf8, 0xff, 0xff, 0xff, 0xff, 0xff,
    0xff, 0x8f, 0xff, 0xff, 0xff, 0xff, 0xff, 0xf8,
    0xff, 0xff, 0xff, 0xff, 0x5d, 0xff, 0x8f, 0xff,
    0xff, 0xff, 0x40, 0xdf, 0xf8, 0xff, 0xff, 0xfe,
    0x30, 0xd, 0xff, 0x8f, 0xff, 0xfe, 0x20, 0x0,
    0xdf, 0xf8, 0xff, 0xfd, 0x20, 0x0, 0xd, 0xff,
    0x7f, 0xfd, 0x10, 0x0, 0x0, 0xdf, 0xf3, 0xfb,
    0x10, 0x0, 0x0, 0xc, 0xff, 0x0, 0x0, 0x0,
    0x0, 0x0, 0x0, 0x0,

    /* U+F052 "" */
    0x0, 0x0, 0x0, 0x0, 0x2, 0x10, 0x0, 0x0,
    0x0, 0x0, 0x0, 0x0, 0x0, 0xa, 0xff, 0x40,
    0x0, 0x0, 0x0, 0x0, 0x0, 0x0, 0xa, 0xff,
    0xff, 0x30, 0x0, 0x0, 0x0, 0x0, 0x0, 0x8,
    0xff, 0xff, 0xfe, 0x20, 0x0, 0x0, 0x0, 0x0,
    0x7, 0xff, 0xff, 0xff, 0xfe, 0x10, 0x0, 0x0,
    0x0, 0x6, 0xff, 0xff, 0xff, 0xff, 0xfd, 0x10,
    0x0, 0x0, 0x5, 0xff, 0xff, 0xff, 0xff, 0xff,
    0xfc, 0x0, 0x0, 0x4, 0xff, 0xff, 0xff, 0xff,
    0xff, 0xff, 0xfb, 0x0, 0x3, 0xff, 0xff, 0xff,
    0xff, 0xff, 0xff, 0xff, 0xfa, 0x0, 0xdf, 0xff,
    0xff, 0xff, 0xff, 0xff, 0xff, 0xff, 0xf5, 0xe,
    0xff, 0xff, 0xff, 0xff, 0xff, 0xff, 0xff, 0xff,
    0x60, 0x5f, 0xff, 0xff, 0xff, 0xff, 0xff, 0xff,
    0xff, 0xc0, 0x0, 0x0, 0x0, 0x0, 0x0, 0x0,
    0x0, 0x0, 0x0, 0x0, 0x9f, 0xff, 0xff, 0xff,
    0xff, 0xff, 0xff, 0xff, 0xe2, 0xf, 0xff, 0xff,
    0xff, 0xff, 0xff, 0xff, 0xff, 0xff, 0x70, 0xff,
    0xff, 0xff, 0xff, 0xff, 0xff, 0xff, 0xff, 0xf8,
    0xf, 0xff, 0xff, 0xff, 0xff, 0xff, 0xff, 0xff,
    0xff, 0x70, 0xbf, 0xff, 0xff, 0xff, 0xff, 0xff,
    0xff, 0xff, 0xf3, 0x0, 0x0, 0x0, 0x0, 0x0,
    0x0, 0x0, 0x0, 0x0, 0x0,

    /* U+F053 "" */
    0x0, 0x0, 0x0, 0x0, 0x0, 0x0, 0x0, 0x0,
    0x0, 0x5f, 0x80, 0x0, 0x0, 0x0, 0x5f, 0xff,
    0x40, 0x0, 0x0, 0x5f, 0xff, 0xe2, 0x0, 0x0,
    0x5f, 0xff, 0xe2, 0x0, 0x0, 0x5f, 0xff, 0xe3,
    0x0, 0x0, 0x5f, 0xff, 0xe3, 0x0, 0x0, 0x5f,
    0xff, 0xe3, 0x0, 0x0, 0x5f, 0xff, 0xe3, 0x0,
    0x0, 0xd, 0xff, 0xf5, 0x0, 0x0, 0x0, 0x4f,
    0xff, 0xe3, 0x0, 0x0, 0x0, 0x4f, 0xff, 0xe3,
    0x0, 0x0, 0x0, 0x4f, 0xff, 0xe3, 0x0, 0x0,
    0x0, 0x4f, 0xff, 0xe3, 0x0, 0x0, 0x0, 0x5f,
    0xff, 0xe3, 0x0, 0x0, 0x0, 0x5f, 0xff, 0xe2,
    0x0, 0x0, 0x0, 0x5f, 0xff, 0x40, 0x0, 0x0,
    0x0, 0x5f, 0x80, 0x0, 0x0, 0x0, 0x0, 0x0,
    0x0,

    /* U+F054 "" */
    0x0, 0x0, 0x0, 0x0, 0x0, 0x2, 0xdb, 0x0,
    0x0, 0x0, 0x0, 0xcf, 0xfc, 0x0, 0x0, 0x0,
    0x9, 0xff, 0xfc, 0x0, 0x0, 0x0, 0x9, 0xff,
    0xfc, 0x0, 0x0, 0x0, 0x9, 0xff, 0xfc, 0x0,
    0x0, 0x0, 0x9, 0xff, 0xfc, 0x0, 0x0, 0x0,
    0x9, 0xff, 0xfc, 0x0, 0x0, 0x0, 0x9, 0xff,
    0xfc, 0x0, 0x0, 0x0, 0xd, 0xff, 0xf6, 0x0,
    0x0, 0x9, 0xff, 0xfc, 0x0, 0x0, 0x9, 0xff,
    0xfc, 0x0, 0x0, 0x9, 0xff, 0xfc, 0x0, 0x0,
    0x9, 0xff, 0xfc, 0x0, 0x0, 0x9, 0xff, 0xfc,
    0x0, 0x0, 0x9, 0xff, 0xfc, 0x0, 0x0, 0x0,
    0xcf, 0xfc, 0x0, 0x0, 0x0, 0x2, 0xdb, 0x0,
    0x0, 0x0, 0x0, 0x0, 0x0, 0x0, 0x0, 0x0,
    0x0,

    /* U+F067 "" */
    0x0, 0x0, 0x0, 0x2, 0x55, 0x0, 0x0, 0x0,
    0x0, 0x0, 0x0, 0x0, 0xf, 0xff, 0x80, 0x0,
    0x0, 0x0, 0x0, 0x0, 0x0, 0x2f, 0xff, 0xa0,
    0x0, 0x0, 0x0, 0x0, 0x0, 0x0, 0x2f, 0xff,
    0xa0, 0x0, 0x0, 0x0, 0x0, 0x0, 0x0, 0x2f,
    0xff, 0xa0, 0x0, 0x0, 0x0, 0x0, 0x0, 0x0,
    0x2f, 0xff, 0xa0, 0x0, 0x0, 0x0, 0x0, 0x0,
    0x0, 0x2f, 0xff, 0xa0, 0x0, 0x0, 0x0, 0x37,
    0x77, 0x77, 0x8f, 0xff, 0xc7, 0x77, 0x77, 0x60,
    0xef, 0xff, 0xff, 0xff, 0xff, 0xff, 0xff, 0xff,
    0xf6, 0xff, 0xff, 0xff, 0xff, 0xff, 0xff, 0xff,
    0xff, 0xf8, 0xdf, 0xff, 0xff, 0xff, 0xff, 0xff,
    0xff, 0xff, 0xf5, 0x14, 0x44, 0x44, 0x5f, 0xff,
    0xb4, 0x44, 0x44, 0x30, 0x0, 0x0, 0x0, 0x2f,
    0xff, 0xa0, 0x0, 0x0, 0x0, 0x0, 0x0, 0x0,
    0x2f, 0xff, 0xa0, 0x0, 0x0, 0x0, 0x0, 0x0,
    0x0, 0x2f, 0xff, 0xa0, 0x0, 0x0, 0x0, 0x0,
    0x0, 0x0, 0x2f, 0xff, 0xa0, 0x0, 0x0, 0x0,
    0x0, 0x0, 0x0, 0x1f, 0xff, 0x90, 0x0, 0x0,
    0x0, 0x0, 0x0, 0x0, 0xd, 0xff, 0x60, 0x0,
    0x0, 0x0, 0x0, 0x0, 0x0, 0x0, 0x21, 0x0,
    0x0, 0x0, 0x0,

    /* U+F068 "" */
    0x49, 0x99, 0x99, 0x99, 0x99, 0x99, 0x99, 0x99,
    0x80, 0xff, 0xff, 0xff, 0xff, 0xff, 0xff, 0xff,
    0xff, 0xf7, 0xff, 0xff, 0xff, 0xff, 0xff, 0xff,
    0xff, 0xff, 0xf7, 0xcf, 0xff, 0xff, 0xff, 0xff,
    0xff, 0xff, 0xff, 0xf4, 0x2, 0x22, 0x22, 0x22,
    0x22, 0x22, 0x22, 0x22, 0x10,

    /* U+F06E "" */
    0x0, 0x0, 0x0, 0x6, 0xad, 0xff, 0xec, 0x83,
    0x0, 0x0, 0x0, 0x0, 0x0, 0x0, 0x8f, 0xff,
    0xff, 0xef, 0xff, 0xfc, 0x40, 0x0, 0x0, 0x0,
    0x3, 0xdf, 0xff, 0x92, 0x0, 0x5, 0xdf, 0xff,
    0x90, 0x0, 0x0, 0x4, 0xff, 0xff, 0x50, 0x2,
    0x52, 0x1, 0xcf, 0xff, 0xb0, 0x0, 0x3, 0xff,
    0xff, 0x80, 0x0, 0x7f, 0xf9, 0x1, 0xef, 0xff,
    0xb0, 0x1, 0xef, 0xff, 0xf0, 0x0, 0x8, 0xff,
    0xf7, 0x8, 0xff, 0xff, 0x80, 0xaf, 0xff, 0xfb,
    0x2, 0x25, 0xff, 0xff, 0xe0, 0x3f, 0xff, 0xff,
    0x2f, 0xff, 0xff, 0xa0, 0x7f, 0xff, 0xff, 0xff,
    0x2, 0xff, 0xff, 0xf7, 0x9f, 0xff, 0xfb, 0x5,
    0xff, 0xff, 0xff, 0xc0, 0x3f, 0xff, 0xff, 0x21,
    0xef, 0xff, 0xf0, 0xc, 0xff, 0xff, 0xf5, 0x7,
    0xff, 0xff, 0x80, 0x3, 0xff, 0xff, 0x80, 0x1a,
    0xff, 0xe5, 0x1, 0xef, 0xff, 0xb0, 0x0, 0x4,
    0xff, 0xff, 0x50, 0x0, 0x10, 0x1, 0xcf, 0xff,
    0xb0, 0x0, 0x0, 0x3, 0xdf, 0xff, 0x92, 0x0,
    0x5, 0xdf, 0xff, 0x90, 0x0, 0x0, 0x0, 0x0,
    0x7f, 0xff, 0xff, 0xef, 0xff, 0xfc, 0x40, 0x0,
    0x0, 0x0, 0x0, 0x0, 0x5, 0xad, 0xef, 0xec,
    0x83, 0x0, 0x0, 0x0, 0x0,

    /* U+F070 "" */
    0x0, 0x60, 0x0, 0x0, 0x0, 0x0, 0x0, 0x0,
    0x0, 0x0, 0x0, 0x0, 0x0, 0xb, 0xfc, 0x10,
    0x0, 0x0, 0x0, 0x0, 0x0, 0x0, 0x0, 0x0,
    0x0, 0x0, 0xc, 0xff, 0xe4, 0x0, 0x0, 0x0,
    0x0, 0x0, 0x0, 0x0, 0x0, 0x0, 0x0, 0x0,
    0x9f, 0xff, 0x70, 0x4, 0x8c, 0xef, 0xed, 0x94,
    0x0, 0x0, 0x0, 0x0, 0x0, 0x5, 0xff, 0xfb,
    0xef, 0xff, 0xfe, 0xff, 0xff, 0xe6, 0x0, 0x0,
    0x0, 0x0, 0x0, 0x2d, 0xff, 0xff, 0xc4, 0x0,
    0x4, 0xcf, 0xff, 0xb1, 0x0, 0x0, 0x0, 0x0,
    0x0, 0xbf, 0xff, 0x60, 0x3, 0x10, 0x9, 0xff,
    0xfe, 0x20, 0x0, 0x0, 0x0, 0x0, 0x7, 0xff,
    0xf9, 0x4f, 0xfa, 0x0, 0xcf, 0xff, 0xe1, 0x0,
    0x0, 0xb, 0xb0, 0x0, 0x3e, 0xff, 0xef, 0xff,
    0xa0, 0x4f, 0xff, 0xfb, 0x0, 0x0, 0x6f, 0xfd,
    0x30, 0x1, 0xcf, 0xff, 0xff, 0xf1, 0xf, 0xff,
    0xff, 0x50, 0x0, 0xbf, 0xff, 0xf6, 0x0, 0x8,
    0xff, 0xff, 0xf3, 0xe, 0xff, 0xff, 0xa0, 0x0,
    0x6f, 0xff, 0xff, 0x0, 0x0, 0x5f, 0xff, 0xf2,
    0xf, 0xff, 0xff, 0x50, 0x0, 0xc, 0xff, 0xff,
    0x40, 0x0, 0x2, 0xdf, 0xfe, 0x8f, 0xff, 0xfa,
    0x0, 0x0, 0x1, 0xef, 0xff, 0xc0, 0x0, 0x0,
    0xa, 0xff, 0xff, 0xff, 0xd1, 0x0, 0x0, 0x0,
    0x2e, 0xff, 0xf9, 0x0, 0x0, 0x0, 0x6f, 0xff,
    0xfd, 0x10, 0x0, 0x0, 0x0, 0x1, 0xcf, 0xff,
    0xc4, 0x0, 0x0, 0x3, 0xef, 0xfd, 0x20, 0x0,
    0x0, 0x0, 0x0, 0x6, 0xef, 0xff, 0xfe, 0xe3,
    0x0, 0x1b, 0xff, 0xf5, 0x0, 0x0, 0x0, 0x0,
    0x0, 0x5, 0x9d, 0xef, 0xec, 0x20, 0x0, 0x8f,
    0xff, 0x90, 0x0, 0x0, 0x0, 0x0, 0x0, 0x0,
    0x0, 0x0, 0x0, 0x0, 0x4, 0xef, 0xfb, 0x0,
    0x0, 0x0, 0x0, 0x0, 0x0, 0x0, 0x0, 0x0,
    0x0, 0x0, 0x1c, 0xfa, 0x0, 0x0, 0x0, 0x0,
    0x0, 0x0, 0x0, 0x0, 0x0, 0x0, 0x0, 0x0,
    0x60,

    /* U+F071 "" */
    0x0, 0x0, 0x0, 0x0, 0x0, 0x7, 0xa3, 0x0,
    0x0, 0x0, 0x0, 0x0, 0x0, 0x0, 0x0, 0x0,
    0x0, 0x8f, 0xfe, 0x10, 0x0, 0x0, 0x0, 0x0,
    0x0, 0x0, 0x0, 0x0, 0x2, 0xff, 0xff, 0x90,
    0x0, 0x0, 0x0, 0x0, 0x0, 0x0, 0x0, 0x0,
    0xa, 0xff, 0xff, 0xf3, 0x0, 0x0, 0x0, 0x0,
    0x0, 0x0, 0x0, 0x0, 0x4f, 0xff, 0xff, 0xfb,
    0x0, 0x0, 0x0, 0x0, 0x0, 0x0, 0x0, 0x0,
    0xcf, 0xff, 0xff, 0xff, 0x50, 0x0, 0x0, 0x0,
    0x0, 0x0, 0x0, 0x6, 0xff, 0xff, 0xff, 0xff,
    0xd0, 0x0, 0x0, 0x0, 0x0, 0x0, 0x0, 0xe,
    0xff, 0xa2, 0x24, 0xff, 0xf7, 0x0, 0x0, 0x0,
    0x0, 0x0, 0x0, 0x8f, 0xff, 0x90, 0x1, 0xff,
    0xff, 0x10, 0x0, 0x0, 0x0, 0x0, 0x2, 0xff,
    0xff, 0xa0, 0x2, 0xff, 0xff, 0x90, 0x0, 0x0,
    0x0, 0x0, 0xa, 0xff, 0xff, 0xb0, 0x3, 0xff,
    0xff, 0xf2, 0x0, 0x0, 0x0, 0x0, 0x3f, 0xff,
    0xff, 0xc0, 0x4, 0xff, 0xff, 0xfb, 0x0, 0x0,
    0x0, 0x0, 0xcf, 0xff, 0xff, 0xd0, 0x5, 0xff,
    0xff, 0xff, 0x40, 0x0, 0x0, 0x6, 0xff, 0xff,
    0xff, 0xf9, 0x9c, 0xff, 0xff, 0xff, 0xd0, 0x0,
    0x0, 0xe, 0xff, 0xff, 0xff, 0xf5, 0x2b, 0xff,
    0xff, 0xff, 0xf7, 0x0, 0x0, 0x8f, 0xff, 0xff,
    0xff, 0x90, 0x1, 0xff, 0xff, 0xff, 0xfe, 0x10,
    0x1, 0xff, 0xff, 0xff, 0xff, 0x80, 0x0, 0xff,
    0xff, 0xff, 0xff, 0x90, 0xa, 0xff, 0xff, 0xff,
    0xff, 0xf4, 0x1a, 0xff, 0xff, 0xff, 0xff, 0xf2,
    0xf, 0xff, 0xff, 0xff, 0xff, 0xff, 0xff, 0xff,
    0xff, 0xff, 0xff, 0xf7, 0xb, 0xff, 0xff, 0xff,
    0xff, 0xff, 0xff, 0xff, 0xff, 0xff, 0xff, 0xf4,
    0x1, 0x68, 0x88, 0x88, 0x88, 0x88, 0x88, 0x88,
    0x88, 0x88, 0x88, 0x40,

    /* U+F074 "" */
    0x0, 0x0, 0x0, 0x0, 0x0, 0x0, 0x0, 0x4,
    0x30, 0x0, 0x0, 0x0, 0x0, 0x0, 0x0, 0x0,
    0x0, 0xf, 0xf5, 0x0, 0x0, 0x0, 0x0, 0x0,
    0x0, 0x0, 0x0, 0xf, 0xff, 0x50, 0xef, 0xff,
    0xf6, 0x0, 0x0, 0x1, 0xcf, 0xff, 0xff, 0xf5,
    0xff, 0xff, 0xff, 0x50, 0x0, 0xc, 0xff, 0xff,
    0xff, 0xff, 0xff, 0xff, 0xff, 0xf5, 0x0, 0xbf,
    0xff, 0xff, 0xff, 0xf7, 0x22, 0x23, 0xdf, 0xf8,
    0x9, 0xff, 0xf7, 0x2f, 0xff, 0x70, 0x0, 0x0,
    0x2e, 0xb0, 0x7f, 0xff, 0x90, 0xf, 0xf7, 0x0,
    0x0, 0x0, 0x3, 0x6, 0xff, 0xfa, 0x0, 0x7,
    0x60, 0x0, 0x0, 0x0, 0x0, 0x4f, 0xff, 0xb0,
    0x0, 0x0, 0x0, 0x0, 0x0, 0x0, 0x3, 0xff,
    0xfd, 0x3, 0x0, 0x7, 0x60, 0x0, 0x0, 0x0,
    0x2e, 0xff, 0xe1, 0x3f, 0x90, 0xf, 0xf8, 0x0,
    0x22, 0x23, 0xdf, 0xfe, 0x22, 0xef, 0xf7, 0x2f,
    0xff, 0x80, 0xff, 0xff, 0xff, 0xf3, 0x0, 0xcf,
    0xff, 0xff, 0xff, 0xf7, 0xff, 0xff, 0xff, 0x50,
    0x0, 0xc, 0xff, 0xff, 0xff, 0xfe, 0xef, 0xff,
    0xf6, 0x0, 0x0, 0x1, 0xcf, 0xff, 0xff, 0xf4,
    0x0, 0x0, 0x0, 0x0, 0x0, 0x0, 0x0, 0xf,
    0xff, 0x40, 0x0, 0x0, 0x0, 0x0, 0x0, 0x0,
    0x0, 0xf, 0xf5, 0x0, 0x0, 0x0, 0x0, 0x0,
    0x0, 0x0, 0x0, 0x4, 0x30, 0x0,

    /* U+F077 "" */
    0x0, 0x0, 0x0, 0x0, 0x94, 0x0, 0x0, 0x0,
    0x0, 0x0, 0x0, 0x0, 0xc, 0xff, 0x50, 0x0,
    0x0, 0x0, 0x0, 0x0, 0x0, 0xcf, 0xff, 0xf5,
    0x0, 0x0, 0x0, 0x0, 0x0, 0xc, 0xff, 0xff,
    0xff, 0x50, 0x0, 0x0, 0x0, 0x0, 0xcf, 0xff,
    0xae, 0xff, 0xf5, 0x0, 0x0, 0x0, 0xc, 0xff,
    0xf9, 0x3, 0xef, 0xff, 0x50, 0x0, 0x0, 0xcf,
    0xff, 0x90, 0x0, 0x3e, 0xff, 0xf5, 0x0, 0xc,
    0xff, 0xf9, 0x0, 0x0, 0x3, 0xef, 0xff, 0x50,
    0xaf, 0xff, 0x90, 0x0, 0x0, 0x0, 0x3e, 0xff,
    0xf2, 0x7f, 0xf9, 0x0, 0x0, 0x0, 0x0, 0x3,
    0xef, 0xe1, 0x6, 0x70, 0x0, 0x0, 0x0, 0x0,
    0x0, 0x29, 0x20,

    /* U+F078 "" */
    0x6, 0x70, 0x0, 0x0, 0x0, 0x0, 0x0, 0x29,
    0x20, 0x7f, 0xf9, 0x0, 0x0, 0x0, 0x0, 0x2,
    0xef, 0xe1, 0x9f, 0xff, 0x90, 0x0, 0x0, 0x0,
    0x3e, 0xff, 0xf2, 0xb, 0xff, 0xf9, 0x0, 0x0,
    0x3, 0xef, 0xff, 0x50, 0x0, 0xbf, 0xff, 0x90,
    0x0, 0x3e, 0xff, 0xf5, 0x0, 0x0, 0xb, 0xff,
    0xf9, 0x3, 0xef, 0xff, 0x50, 0x0, 0x0, 0x0,
    0xbf, 0xff, 0xae, 0xff, 0xf5, 0x0, 0x0, 0x0,
    0x0, 0xb, 0xff, 0xff, 0xff, 0x50, 0x0, 0x0,
    0x0, 0x0, 0x0, 0xbf, 0xff, 0xf5, 0x0, 0x0,
    0x0, 0x0, 0x0, 0x0, 0xb, 0xff, 0x50, 0x0,
    0x0, 0x0, 0x0, 0x0, 0x0, 0x0, 0x94, 0x0,
    0x0, 0x0, 0x0,

    /* U+F079 "" */
    0x0, 0x0, 0x9c, 0x10, 0x0, 0x0, 0x0, 0x0,
    0x0, 0x0, 0x0, 0x0, 0x0, 0x0, 0xa, 0xff,
    0xd1, 0x0, 0x58, 0x88, 0x88, 0x88, 0x88, 0x81,
    0x0, 0x0, 0x0, 0xaf, 0xff, 0xfd, 0x20, 0xef,
    0xff, 0xff, 0xff, 0xff, 0xf6, 0x0, 0x0, 0xa,
    0xff, 0xff, 0xff, 0xe2, 0x4e, 0xff, 0xff, 0xff,
    0xff, 0xf6, 0x0, 0x0, 0x8f, 0xfc, 0xff, 0xcf,
    0xfd, 0x0, 0x0, 0x0, 0x0, 0x1f, 0xf6, 0x0,
    0x0, 0x7f, 0xc2, 0xff, 0x67, 0xfc, 0x0, 0x0,
    0x0, 0x0, 0x1f, 0xf6, 0x0, 0x0, 0x3, 0x1,
    0xff, 0x60, 0x30, 0x0, 0x0, 0x0, 0x0, 0x1f,
    0xf6, 0x0, 0x0, 0x0, 0x1, 0xff, 0x60, 0x0,
    0x0, 0x0, 0x0, 0x0, 0x1f, 0xf6, 0x0, 0x0,
    0x0, 0x1, 0xff, 0x60, 0x0, 0x0, 0x0, 0x0,
    0x0, 0x1f, 0xf6, 0x0, 0x0, 0x0, 0x1, 0xff,
    0x60, 0x0, 0x0, 0x0, 0x3, 0xd7, 0x1f, 0xf6,
    0x3d, 0x70, 0x0, 0x1, 0xff, 0x60, 0x0, 0x0,
    0x0, 0xa, 0xff, 0x7f, 0xf9, 0xef, 0xf0, 0x0,
    0x1, 0xff, 0xb8, 0x88, 0x88, 0x88, 0x32, 0xef,
    0xff, 0xff, 0xff, 0x60, 0x0, 0x1, 0xff, 0xff,
    0xff, 0xff, 0xff, 0xf2, 0x2e, 0xff, 0xff, 0xf6,
    0x0, 0x0, 0x0, 0xdf, 0xff, 0xff, 0xff, 0xff,
    0xe2, 0x2, 0xef, 0xff, 0x60, 0x0, 0x0, 0x0,
    0x0, 0x0, 0x0, 0x0, 0x0, 0x0, 0x0, 0x2e,
    0xf6, 0x0, 0x0, 0x0, 0x0, 0x0, 0x0, 0x0,
    0x0, 0x0, 0x0, 0x0, 0x1, 0x30, 0x0, 0x0,

    /* U+F07B "" */
    0x5e, 0xff, 0xff, 0xff, 0x90, 0x0, 0x0, 0x0,
    0x0, 0x0, 0xef, 0xff, 0xff, 0xff, 0xf9, 0x0,
    0x0, 0x0, 0x0, 0x0, 0xff, 0xff, 0xff, 0xff,
    0xff, 0xa8, 0x88, 0x88, 0x88, 0x60, 0xff, 0xff,
    0xff, 0xff, 0xff, 0xff, 0xff, 0xff, 0xff, 0xfb,
    0xff, 0xff, 0xff, 0xff, 0xff, 0xff, 0xff, 0xff,
    0xff, 0xff, 0xff, 0xff, 0xff, 0xff, 0xff, 0xff,
    0xff, 0xff, 0xff, 0xff, 0xff, 0xff, 0xff, 0xff,
    0xff, 0xff, 0xff, 0xff, 0xff, 0xff, 0xff, 0xff,
    0xff, 0xff, 0xff, 0xff, 0xff, 0xff, 0xff, 0xff,
    0xff, 0xff, 0xff, 0xff, 0xff, 0xff, 0xff, 0xff,
    0xff, 0xff, 0xff, 0xff, 0xff, 0xff, 0xff, 0xff,
    0xff, 0xff, 0xff, 0xff, 0xff, 0xff, 0xff, 0xff,
    0xff, 0xff, 0xff, 0xff, 0xff, 0xff, 0xff, 0xff,
    0xff, 0xff, 0xff, 0xff, 0xff, 0xff, 0xff, 0xff,
    0xff, 0xff, 0xff, 0xff, 0xff, 0xff, 0xff, 0xff,
    0xff, 0xff, 0xef, 0xff, 0xff, 0xff, 0xff, 0xff,
    0xff, 0xff, 0xff, 0xfe, 0x5e, 0xff, 0xff, 0xff,
    0xff, 0xff, 0xff, 0xff, 0xff, 0xe5,

    /* U+F093 "" */
    0x0, 0x0, 0x0, 0x0, 0x3, 0x10, 0x0, 0x0,
    0x0, 0x0, 0x0, 0x0, 0x0, 0x0, 0x6f, 0xd1,
    0x0, 0x0, 0x0, 0x0, 0x0, 0x0, 0x0, 0x6,
    0xff, 0xfd, 0x10, 0x0, 0x0, 0x0, 0x0, 0x0,
    0x0, 0x6f, 0xff, 0xff, 0xd1, 0x0, 0x0, 0x0,
    0x0, 0x0, 0x6, 0xff, 0xff, 0xff, 0xfd, 0x10,
    0x0, 0x0, 0x0, 0x0, 0x6f, 0xff, 0xff, 0xff,
    0xff, 0xd1, 0x0, 0x0, 0x0, 0x6, 0xff, 0xff,
    0xff, 0xff, 0xff, 0xfd, 0x10, 0x0, 0x0, 0xd,
    0xff, 0xff, 0xff, 0xff, 0xff, 0xff, 0x60, 0x0,
    0x0, 0x0, 0x11, 0x1b, 0xff, 0xff, 0x51, 0x11,
    0x0, 0x0, 0x0, 0x0, 0x0, 0xb, 0xff, 0xff,
    0x40, 0x0, 0x0, 0x0, 0x0, 0x0, 0x0, 0xb,
    0xff, 0xff, 0x40, 0x0, 0x0, 0x0, 0x0, 0x0,
    0x0, 0xb, 0xff, 0xff, 0x40, 0x0, 0x0, 0x0,
    0x0, 0x0, 0x0, 0xb, 0xff, 0xff, 0x40, 0x0,
    0x0, 0x0, 0x0, 0x0, 0x0, 0xb, 0xff, 0xff,
    0x40, 0x0, 0x0, 0x0, 0x7a, 0xaa, 0xaa, 0x2b,
    0xff, 0xff, 0x42, 0xaa, 0xaa, 0xa7, 0xff, 0xff,
    0xff, 0x82, 0x67, 0x76, 0x8, 0xff, 0xff, 0xff,
    0xff, 0xff, 0xff, 0xfb, 0x77, 0x77, 0xbf, 0xff,
    0xff, 0xff, 0xff, 0xff, 0xff, 0xff, 0xff, 0xff,
    0xff, 0xff, 0xff, 0xff, 0xff, 0xff, 0xff, 0xff,
    0xff, 0xff, 0xfb, 0xf, 0x48, 0xff, 0xff, 0xff,
    0xff, 0xff, 0xff, 0xff, 0xff, 0xef, 0xef, 0xff,
    0x14, 0x44, 0x44, 0x44, 0x44, 0x44, 0x44, 0x44,
    0x44, 0x41,

    /* U+F095 "" */
    0x0, 0x0, 0x0, 0x0, 0x0, 0x0, 0x0, 0x4,
    0x62, 0x0, 0x0, 0x0, 0x0, 0x0, 0x0, 0x0,
    0x0, 0x1, 0xff, 0xfe, 0xb5, 0x0, 0x0, 0x0,
    0x0, 0x0, 0x0, 0x0, 0x7f, 0xff, 0xff, 0xf0,
    0x0, 0x0, 0x0, 0x0, 0x0, 0x0, 0xe, 0xff,
    0xff, 0xff, 0x0, 0x0, 0x0, 0x0, 0x0, 0x0,
    0x5, 0xff, 0xff, 0xff, 0xd0, 0x0, 0x0, 0x0,
    0x0, 0x0, 0x0, 0xbf, 0xff, 0xff, 0xfb, 0x0,
    0x0, 0x0, 0x0, 0x0, 0x0, 0x6, 0xff, 0xff,
    0xff, 0x80, 0x0, 0x0, 0x0, 0x0, 0x0, 0x0,
    0x5, 0xff, 0xff, 0xf4, 0x0, 0x0, 0x0, 0x0,
    0x0, 0x0, 0x0, 0x5, 0xff, 0xfe, 0x0, 0x0,
    0x0, 0x0, 0x0, 0x0, 0x0, 0x0, 0xbf, 0xff,
    0x90, 0x0, 0x0, 0x0, 0x0, 0x0, 0x0, 0x0,
    0x4f, 0xff, 0xf2, 0x0, 0x0, 0x0, 0x0, 0x0,
    0x0, 0x0, 0x2e, 0xff, 0xf8, 0x0, 0x0, 0x0,
    0x1, 0x30, 0x0, 0x0, 0x1d, 0xff, 0xfd, 0x0,
    0x0, 0x0, 0x29, 0xff, 0x70, 0x0, 0x3e, 0xff,
    0xff, 0x30, 0x0, 0x4, 0xbf, 0xff, 0xff, 0x40,
    0x7f, 0xff, 0xff, 0x50, 0x0, 0x0, 0xef, 0xff,
    0xff, 0xfe, 0xef, 0xff, 0xff, 0x50, 0x0, 0x0,
    0xc, 0xff, 0xff, 0xff, 0xff, 0xff, 0xfe, 0x40,
    0x0, 0x0, 0x0, 0x8f, 0xff, 0xff, 0xff, 0xff,
    0xfb, 0x10, 0x0, 0x0, 0x0, 0x4, 0xff, 0xff,
    0xff, 0xff, 0xd5, 0x0, 0x0, 0x0, 0x0, 0x0,
    0x1f, 0xff, 0xff, 0xea, 0x40, 0x0, 0x0, 0x0,
    0x0, 0x0, 0x0, 0x57, 0x64, 0x20, 0x0, 0x0,
    0x0, 0x0, 0x0, 0x0, 0x0,

    /* U+F0C4 "" */
    0x0, 0x25, 0x40, 0x0, 0x0, 0x0, 0x0, 0x0,
    0x0, 0x9, 0xff, 0xfe, 0x30, 0x0, 0x0, 0x4,
    0xaa, 0x50, 0x7f, 0xff, 0xff, 0xe0, 0x0, 0x0,
    0x8f, 0xff, 0xf5, 0xef, 0xd3, 0x7f, 0xf6, 0x0,
    0x8, 0xff, 0xff, 0xb0, 0xff, 0x80, 0xf, 0xf7,
    0x0, 0x8f, 0xff, 0xfb, 0x0, 0xdf, 0xe7, 0xaf,
    0xf5, 0x8, 0xff, 0xff, 0xb0, 0x0, 0x5f, 0xff,
    0xff, 0xfd, 0x9f, 0xff, 0xfb, 0x0, 0x0, 0x5,
    0xef, 0xff, 0xff, 0xff, 0xff, 0xb0, 0x0, 0x0,
    0x0, 0x1, 0x5f, 0xff, 0xff, 0xfb, 0x0, 0x0,
    0x0, 0x0, 0x0, 0xb, 0xff, 0xff, 0xf2, 0x0,
    0x0, 0x0, 0x0, 0x25, 0x9f, 0xff, 0xff, 0xfd,
    0x10, 0x0, 0x0, 0x9, 0xff, 0xff, 0xff, 0xff,
    0xff, 0xd1, 0x0, 0x0, 0x7f, 0xff, 0xff, 0xfb,
    0x6f, 0xff, 0xfd, 0x10, 0x0, 0xef, 0xd3, 0x7f,
    0xf5, 0x5, 0xff, 0xff, 0xd1, 0x0, 0xff, 0x80,
    0xf, 0xf7, 0x0, 0x5f, 0xff, 0xfd, 0x10, 0xdf,
    0xe7, 0xaf, 0xf5, 0x0, 0x5, 0xff, 0xff, 0xd1,
    0x5f, 0xff, 0xff, 0xc0, 0x0, 0x0, 0x4f, 0xff,
    0xf4, 0x5, 0xef, 0xfb, 0x10, 0x0, 0x0, 0x1,
    0x66, 0x20, 0x0, 0x1, 0x0, 0x0, 0x0, 0x0,
    0x0, 0x0, 0x0,

    /* U+F0C5 "" */
    0x0, 0x0, 0x8, 0xbb, 0xbb, 0xbb, 0x50, 0x90,
    0x0, 0x0, 0x0, 0xf, 0xff, 0xff, 0xff, 0x81,
    0xfb, 0x0, 0x0, 0x0, 0xf, 0xff, 0xff, 0xff,
    0x81, 0xff, 0xb0, 0x0, 0x0, 0xf, 0xff, 0xff,
    0xff, 0x81, 0xff, 0xf8, 0x8c, 0xc9, 0xf, 0xff,
    0xff, 0xff, 0x80, 0x0, 0x0, 0xff, 0xfc, 0xf,
    0xff, 0xff, 0xff, 0xd5, 0x44, 0x43, 0xff, 0xfc,
    0xf, 0xff, 0xff, 0xff, 0xff, 0xff, 0xfa, 0xff,
    0xfc, 0xf, 0xff, 0xff, 0xff, 0xff, 0xff, 0xfa,
    0xff, 0xfc, 0xf, 0xff, 0xff, 0xff, 0xff, 0xff,
    0xfa, 0xff, 0xfc, 0xf, 0xff, 0xff, 0xff, 0xff,
    0xff, 0xfa, 0xff, 0xfc, 0xf, 0xff, 0xff, 0xff,
    0xff, 0xff, 0xfa, 0xff, 0xfc, 0xf, 0xff, 0xff,
    0xff, 0xff, 0xff, 0xfa, 0xff, 0xfc, 0xf, 0xff,
    0xff, 0xff, 0xff, 0xff, 0xfa, 0xff, 0xfc, 0xf,
    0xff, 0xff, 0xff, 0xff, 0xff, 0xfa, 0xff, 0xfc,
    0xf, 0xff, 0xff, 0xff, 0xff, 0xff, 0xfa, 0xff,
    0xfc, 0xf, 0xff, 0xff, 0xff, 0xff, 0xff, 0xfa,
    0xff, 0xfe, 0xb, 0xff, 0xff, 0xff, 0xff, 0xff,
    0xf7, 0xff, 0xff, 0x91, 0x0, 0x0, 0x0, 0x0,
    0x0, 0x0, 0xff, 0xff, 0xff, 0xff, 0xff, 0xff,
    0x80, 0x0, 0x0, 0xff, 0xff, 0xff, 0xff, 0xff,
    0xff, 0x70, 0x0, 0x0, 0x58, 0x88, 0x88, 0x88,
    0x88, 0x87, 0x10, 0x0, 0x0,

    /* U+F0C7 "" */
    0x6, 0x77, 0x77, 0x77, 0x77, 0x77, 0x60, 0x0,
    0x0, 0xbf, 0xff, 0xff, 0xff, 0xff, 0xff, 0xfd,
    0x10, 0x0, 0xff, 0xff, 0xff, 0xff, 0xff, 0xff,
    0xff, 0xc1, 0x0, 0xff, 0x90, 0x0, 0x0, 0x0,
    0x1, 0xdf, 0xfc, 0x10, 0xff, 0x80, 0x0, 0x0,
    0x0, 0x0, 0xbf, 0xff, 0xc0, 0xff, 0x80, 0x0,
    0x0, 0x0, 0x0, 0xbf, 0xff, 0xf3, 0xff, 0x80,
    0x0, 0x0, 0x0, 0x0, 0xbf, 0xff, 0xf4, 0xff,
    0x80, 0x0, 0x0, 0x0, 0x0, 0xbf, 0xff, 0xf4,
    0xff, 0xd8, 0x88, 0x88, 0x88, 0x88, 0xef, 0xff,
    0xf4, 0xff, 0xff, 0xff, 0xff, 0xff, 0xff, 0xff,
    0xff, 0xf4, 0xff, 0xff, 0xff, 0xff, 0xff, 0xff,
    0xff, 0xff, 0xf4, 0xff, 0xff, 0xff, 0xe4, 0x2,
    0xcf, 0xff, 0xff, 0xf4, 0xff, 0xff, 0xff, 0x60,
    0x0, 0x2f, 0xff, 0xff, 0xf4, 0xff, 0xff, 0xff,
    0x40, 0x0, 0xf, 0xff, 0xff, 0xf4, 0xff, 0xff,
    0xff, 0xa0, 0x0, 0x6f, 0xff, 0xff, 0xf4, 0xff,
    0xff, 0xff, 0xfc, 0x8a, 0xff, 0xff, 0xff, 0xf4,
    0xef, 0xff, 0xff, 0xff, 0xff, 0xff, 0xff, 0xff,
    0xf3, 0x6f, 0xff, 0xff, 0xff, 0xff, 0xff, 0xff,
    0xff, 0xa0, 0x0, 0x0, 0x0, 0x0, 0x0, 0x0,
    0x0, 0x0, 0x0,

    /* U+F0C9 "" */
    0x0, 0x0, 0x0, 0x0, 0x0, 0x0, 0x0, 0x0,
    0x0, 0xef, 0xff, 0xff, 0xff, 0xff, 0xff, 0xff,
    0xff, 0xf6, 0xff, 0xff, 0xff, 0xff, 0xff, 0xff,
    0xff, 0xff, 0xf8, 0xac, 0xcc, 0xcc, 0xcc, 0xcc,
    0xcc, 0xcc, 0xcc, 0xc4, 0x0, 0x0, 0x0, 0x0,
    0x0, 0x0, 0x0, 0x0, 0x0, 0x0, 0x0, 0x0,
    0x0, 0x0, 0x0, 0x0, 0x0, 0x0, 0x0, 0x0,
    0x0, 0x0, 0x0, 0x0, 0x0, 0x0, 0x0, 0xcd,
    0xdd, 0xdd, 0xdd, 0xdd, 0xdd, 0xdd, 0xdd, 0xd5,
    0xff, 0xff, 0xff, 0xff, 0xff, 0xff, 0xff, 0xff,
    0xf8, 0xdf, 0xff, 0xff, 0xff, 0xff, 0xff, 0xff,
    0xff, 0xf5, 0x0, 0x0, 0x0, 0x0, 0x0, 0x0,
    0x0, 0x0, 0x0, 0x0, 0x0, 0x0, 0x0, 0x0,
    0x0, 0x0, 0x0, 0x0, 0x0, 0x0, 0x0, 0x0,
    0x0, 0x0, 0x0, 0x0, 0x0, 0xac, 0xcc, 0xcc,
    0xcc, 0xcc, 0xcc, 0xcc, 0xcc, 0xc4, 0xff, 0xff,
    0xff, 0xff, 0xff, 0xff, 0xff, 0xff, 0xf8, 0xef,
    0xff, 0xff, 0xff, 0xff, 0xff, 0xff, 0xff, 0xf6,
    0x0, 0x0, 0x0, 0x0, 0x0, 0x0, 0x0, 0x0,
    0x0,

    /* U+F0E0 "" */
    0x5e, 0xff, 0xff, 0xff, 0xff, 0xff, 0xff, 0xff,
    0xff, 0xe5, 0xef, 0xff, 0xff, 0xff, 0xff, 0xff,
    0xff, 0xff, 0xff, 0xfe, 0xff, 0xff, 0xff, 0xff,
    0xff, 0xff, 0xff, 0xff, 0xff, 0xff, 0x7f, 0xff,
    0xff, 0xff, 0xff, 0xff, 0xff, 0xff, 0xff, 0xf7,
    0x3, 0xef, 0xff, 0xff, 0xff, 0xff, 0xff, 0xff,
    0xfe, 0x30, 0xe3, 0x1b, 0xff, 0xff, 0xff, 0xff,
    0xff, 0xff, 0xb1, 0x3e, 0xff, 0x70, 0x7f, 0xff,
    0xff, 0xff, 0xff, 0xf7, 0x7, 0xff, 0xff, 0xfb,
    0x13, 0xdf, 0xff, 0xff, 0xfd, 0x31, 0xbf, 0xff,
    0xff, 0xff, 0xe4, 0xa, 0xff, 0xff, 0xa0, 0x4e,
    0xff, 0xff, 0xff, 0xff, 0xff, 0x80, 0x5d, 0xd5,
    0x8, 0xff, 0xff, 0xff, 0xff, 0xff, 0xff, 0xfc,
    0x20, 0x2, 0xcf, 0xff, 0xff, 0xff, 0xff, 0xff,
    0xff, 0xff, 0xfd, 0xdf, 0xff, 0xff, 0xff, 0xff,
    0xff, 0xff, 0xff, 0xff, 0xff, 0xff, 0xff, 0xff,
    0xff, 0xff, 0xef, 0xff, 0xff, 0xff, 0xff, 0xff,
    0xff, 0xff, 0xff, 0xfe, 0x5e, 0xff, 0xff, 0xff,
    0xff, 0xff, 0xff, 0xff, 0xff, 0xe5,

    /* U+F0E7 "" */
    0x0, 0x14, 0x44, 0x44, 0x41, 0x0, 0x0, 0x0,
    0xbf, 0xff, 0xff, 0xfa, 0x0, 0x0, 0x0, 0xef,
    0xff, 0xff, 0xf8, 0x0, 0x0, 0x0, 0xff, 0xff,
    0xff, 0xf3, 0x0, 0x0, 0x2, 0xff, 0xff, 0xff,
    0xd0, 0x0, 0x0, 0x4, 0xff, 0xff, 0xff, 0x80,
    0x0, 0x0, 0x6, 0xff, 0xff, 0xff, 0x40, 0x0,
    0x0, 0x8, 0xff, 0xff, 0xff, 0xff, 0xff, 0xf5,
    0xa, 0xff, 0xff, 0xff, 0xff, 0xff, 0xf4, 0xd,
    0xff, 0xff, 0xff, 0xff, 0xff, 0xb0, 0xf, 0xff,
    0xff, 0xff, 0xff, 0xff, 0x20, 0xb, 0xff, 0xff,
    0xff, 0xff, 0xf9, 0x0, 0x0, 0x0, 0x0, 0x8f,
    0xff, 0xe1, 0x0, 0x0, 0x0, 0x0, 0xcf, 0xff,
    0x60, 0x0, 0x0, 0x0, 0x0, 0xff, 0xfd, 0x0,
    0x0, 0x0, 0x0, 0x3, 0xff, 0xf4, 0x0, 0x0,
    0x0, 0x0, 0x7, 0xff, 0xa0, 0x0, 0x0, 0x0,
    0x0, 0xb, 0xff, 0x20, 0x0, 0x0, 0x0, 0x0,
    0xf, 0xf8, 0x0, 0x0, 0x0, 0x0, 0x0, 0x2f,
    0xe0, 0x0, 0x0, 0x0, 0x0, 0x0, 0x9, 0x40,
    0x0, 0x0, 0x0,

    /* U+F0EA "" */
    0x0, 0x0, 0x6, 0x71, 0x0, 0x0, 0x0, 0x0,
    0x0, 0x14, 0x44, 0xbf, 0xfe, 0x44, 0x43, 0x0,
    0x0, 0x0, 0xef, 0xff, 0xf9, 0x4f, 0xff, 0xff,
    0x40, 0x0, 0x0, 0xff, 0xff, 0xf8, 0x3f, 0xff,
    0xff, 0x50, 0x0, 0x0, 0xff, 0xff, 0xff, 0xff,
    0xff, 0xff, 0x50, 0x0, 0x0, 0xff, 0xff, 0xff,
    0xa8, 0x88, 0x88, 0x20, 0x0, 0x0, 0xff, 0xff,
    0xf6, 0x0, 0x0, 0x0, 0x0, 0x0, 0x0, 0xff,
    0xff, 0xf0, 0xcf, 0xff, 0xff, 0x51, 0xe2, 0x0,
    0xff, 0xff, 0xf0, 0xef, 0xff, 0xff, 0x51, 0xfe,
    0x20, 0xff, 0xff, 0xf0, 0xef, 0xff, 0xff, 0x51,
    0xff, 0xe2, 0xff, 0xff, 0xf0, 0xef, 0xff, 0xff,
    0x50, 0xbb, 0xb7, 0xff, 0xff, 0xf0, 0xef, 0xff,
    0xff, 0x80, 0x0, 0x0, 0xff, 0xff, 0xf0, 0xef,
    0xff, 0xff, 0xff, 0xff, 0xfa, 0xff, 0xff, 0xf0,
    0xef, 0xff, 0xff, 0xff, 0xff, 0xfa, 0xff, 0xff,
    0xf0, 0xef, 0xff, 0xff, 0xff, 0xff, 0xfa, 0xff,
    0xff, 0xf0, 0xef, 0xff, 0xff, 0xff, 0xff, 0xfa,
    0xcf, 0xff, 0xf0, 0xef, 0xff, 0xff, 0xff, 0xff,
    0xfa, 0x0, 0x0, 0x0, 0xef, 0xff, 0xff, 0xff,
    0xff, 0xfa, 0x0, 0x0, 0x0, 0xef, 0xff, 0xff,
    0xff, 0xff, 0xfa, 0x0, 0x0, 0x0, 0xef, 0xff,
    0xff, 0xff, 0xff, 0xfa, 0x0, 0x0, 0x0, 0x7b,
    0xbb, 0xbb, 0xbb, 0xbb, 0xb4,

    /* U+F0F3 "" */
    0x0, 0x0, 0x0, 0x0, 0x31, 0x0, 0x0, 0x0,
    0x0, 0x0, 0x0, 0x0, 0x5, 0xfd, 0x0, 0x0,
    0x0, 0x0, 0x0, 0x0, 0x0, 0x9, 0xff, 0x10,
    0x0, 0x0, 0x0, 0x0, 0x0, 0x7, 0xef, 0xff,
    0xfb, 0x20, 0x0, 0x0, 0x0, 0x0, 0xaf, 0xff,
    0xff, 0xff, 0xf3, 0x0, 0x0, 0x0, 0x8, 0xff,
    0xff, 0xff, 0xff, 0xfe, 0x10, 0x0, 0x0, 0x1f,
    0xff, 0xff, 0xff, 0xff, 0xff, 0x80, 0x0, 0x0,
    0x5f, 0xff, 0xff, 0xff, 0xff, 0xff, 0xd0, 0x0,
    0x0, 0x7f, 0xff, 0xff, 0xff, 0xff, 0xff, 0xf0,
    0x0, 0x0, 0x8f, 0xff, 0xff, 0xff, 0xff, 0xff,
    0xf0, 0x0, 0x0, 0x9f, 0xff, 0xff, 0xff, 0xff,
    0xff, 0xf1, 0x0, 0x0, 0xdf, 0xff, 0xff, 0xff,
    0xff, 0xff, 0xf5, 0x0, 0x1, 0xff, 0xff, 0xff,
    0xff, 0xff, 0xff, 0xf9, 0x0, 0x9, 0xff, 0xff,
    0xff, 0xff, 0xff, 0xff, 0xff, 0x10, 0x5f, 0xff,
    0xff, 0xff, 0xff, 0xff, 0xff, 0xff, 0xd0, 0xef,
    0xff, 0xff, 0xff, 0xff, 0xff, 0xff, 0xff, 0xf6,
    0x9f, 0xff, 0xff, 0xff, 0xff, 0xff, 0xff, 0xff,
    0xe3, 0x0, 0x0, 0x0, 0x0, 0x0, 0x0, 0x0,
    0x0, 0x0, 0x0, 0x0, 0x0, 0xaf, 0xff, 0xf2,
    0x0, 0x0, 0x0, 0x0, 0x0, 0x0, 0x3f, 0xff,
    0xa0, 0x0, 0x0, 0x0, 0x0, 0x0, 0x0, 0x2,
    0x75, 0x0, 0x0, 0x0, 0x0,

    /* U+F11C "" */
    0x5e, 0xff, 0xff, 0xff, 0xff, 0xff, 0xff, 0xff,
    0xff, 0xff, 0xfb, 0xe, 0xff, 0xff, 0xff, 0xff,
    0xff, 0xff, 0xff, 0xff, 0xff, 0xff, 0xf6, 0xff,
    0xc8, 0x8f, 0xa8, 0xaf, 0x88, 0xbf, 0x88, 0xfb,
    0x88, 0xff, 0x8f, 0xf8, 0x0, 0xf4, 0x4, 0xf0,
    0x5, 0xe0, 0xe, 0x50, 0xf, 0xf8, 0xff, 0x80,
    0xf, 0x40, 0x4f, 0x0, 0x6f, 0x0, 0xf6, 0x0,
    0xff, 0x8f, 0xff, 0xff, 0xff, 0xff, 0xff, 0xff,
    0xff, 0xff, 0xff, 0xff, 0xf8, 0xff, 0xff, 0x94,
    0x6f, 0x64, 0x8f, 0x44, 0xbb, 0x44, 0xff, 0xff,
    0x8f, 0xff, 0xf6, 0x2, 0xf2, 0x5, 0xf0, 0x8,
    0x80, 0xe, 0xff, 0xf8, 0xff, 0xff, 0x94, 0x6f,
    0x64, 0x8f, 0x44, 0xbb, 0x44, 0xff, 0xff, 0x8f,
    0xff, 0xff, 0xff, 0xff, 0xff, 0xff, 0xff, 0xff,
    0xff, 0xff, 0xf8, 0xff, 0x80, 0xf, 0x40, 0x0,
    0x0, 0x0, 0x0, 0xf6, 0x0, 0xff, 0x8f, 0xf8,
    0x0, 0xf4, 0x0, 0x0, 0x0, 0x0, 0xe, 0x50,
    0xf, 0xf8, 0xff, 0xc8, 0x8f, 0xa8, 0x88, 0x88,
    0x88, 0x88, 0xfb, 0x88, 0xff, 0x8e, 0xff, 0xff,
    0xff, 0xff, 0xff, 0xff, 0xff, 0xff, 0xff, 0xff,
    0xf6, 0x5e, 0xff, 0xff, 0xff, 0xff, 0xff, 0xff,
    0xff, 0xff, 0xff, 0xfb, 0x0,

    /* U+F124 "" */
    0x0, 0x0, 0x0, 0x0, 0x0, 0x0, 0x0, 0x0,
    0x0, 0x56, 0x0, 0x0, 0x0, 0x0, 0x0, 0x0,
    0x0, 0x0, 0x1, 0x7e, 0xff, 0xa0, 0x0, 0x0,
    0x0, 0x0, 0x0, 0x0, 0x1, 0x8f, 0xff, 0xff,
    0xf0, 0x0, 0x0, 0x0, 0x0, 0x0, 0x2, 0xaf,
    0xff, 0xff, 0xff, 0xa0, 0x0, 0x0, 0x0, 0x0,
    0x4, 0xbf, 0xff, 0xff, 0xff, 0xff, 0x30, 0x0,
    0x0, 0x0, 0x5, 0xcf, 0xff, 0xff, 0xff, 0xff,
    0xfb, 0x0, 0x0, 0x0, 0x6, 0xdf, 0xff, 0xff,
    0xff, 0xff, 0xff, 0xf4, 0x0, 0x0, 0x18, 0xef,
    0xff, 0xff, 0xff, 0xff, 0xff, 0xff, 0xd0, 0x0,
    0x5, 0xff, 0xff, 0xff, 0xff, 0xff, 0xff, 0xff,
    0xff, 0x50, 0x0, 0xe, 0xff, 0xff, 0xff, 0xff,
    0xff, 0xff, 0xff, 0xfe, 0x0, 0x0, 0xd, 0xff,
    0xff, 0xff, 0xff, 0xff, 0xff, 0xff, 0xf7, 0x0,
    0x0, 0x2, 0xac, 0xcc, 0xcc, 0xcd, 0xff, 0xff,
    0xff, 0xf0, 0x0, 0x0, 0x0, 0x0, 0x0, 0x0,
    0x4, 0xff, 0xff, 0xff, 0x80, 0x0, 0x0, 0x0,
    0x0, 0x0, 0x0, 0x4, 0xff, 0xff, 0xff, 0x10,
    0x0, 0x0, 0x0, 0x0, 0x0, 0x0, 0x4, 0xff,
    0xff, 0xf9, 0x0, 0x0, 0x0, 0x0, 0x0, 0x0,
    0x0, 0x4, 0xff, 0xff, 0xf2, 0x0, 0x0, 0x0,
    0x0, 0x0, 0x0, 0x0, 0x4, 0xff, 0xff, 0xb0,
    0x0, 0x0, 0x0, 0x0, 0x0, 0x0, 0x0, 0x4,
    0xff, 0xff, 0x30, 0x0, 0x0, 0x0, 0x0, 0x0,
    0x0, 0x0, 0x3, 0xff, 0xfc, 0x0, 0x0, 0x0,
    0x0, 0x0, 0x0, 0x0, 0x0, 0x0, 0xef, 0xf4,
    0x0, 0x0, 0x0, 0x0, 0x0, 0x0, 0x0, 0x0,
    0x0, 0x27, 0x30, 0x0, 0x0, 0x0, 0x0,

    /* U+F15B "" */
    0x24, 0x44, 0x44, 0x44, 0x30, 0x30, 0x0, 0xf,
    0xff, 0xff, 0xff, 0xfc, 0xf, 0x60, 0x0, 0xff,
    0xff, 0xff, 0xff, 0xc0, 0xff, 0x60, 0xf, 0xff,
    0xff, 0xff, 0xfc, 0xf, 0xff, 0x60, 0xff, 0xff,
    0xff, 0xff, 0xc0, 0xff, 0xff, 0x6f, 0xff, 0xff,
    0xff, 0xfc, 0xb, 0xbb, 0xbb, 0xff, 0xff, 0xff,
    0xff, 0xe1, 0x0, 0x0, 0xf, 0xff, 0xff, 0xff,
    0xff, 0xff, 0xff, 0xff, 0xff, 0xff, 0xff, 0xff,
    0xff, 0xff, 0xff, 0xff, 0xff, 0xff, 0xff, 0xff,
    0xff, 0xff, 0xff, 0xff, 0xff, 0xff, 0xff, 0xff,
    0xff, 0xff, 0xff, 0xff, 0xff, 0xff, 0xff, 0xff,
    0xff, 0xff, 0xff, 0xff, 0xff, 0xff, 0xff, 0xff,
    0xff, 0xff, 0xff, 0xff, 0xff, 0xff, 0xff, 0xff,
    0xff, 0xff, 0xff, 0xff, 0xff, 0xff, 0xff, 0xff,
    0xff, 0xff, 0xff, 0xff, 0xff, 0xff, 0xff, 0xff,
    0xff, 0xff, 0xff, 0xff, 0xff, 0xff, 0xff, 0xff,
    0xff, 0xff, 0xff, 0xff, 0xff, 0xff, 0xff, 0xff,
    0xff, 0xff, 0xff, 0xff, 0xff, 0xff, 0xff, 0xff,
    0xff, 0xff, 0xff, 0xff, 0xff, 0xff, 0x8b, 0xbb,
    0xbb, 0xbb, 0xbb, 0xbb, 0xbb, 0x80,

    /* U+F1EB "" */
    0x0, 0x0, 0x0, 0x0, 0x0, 0x23, 0x43, 0x20,
    0x0, 0x0, 0x0, 0x0, 0x0, 0x0, 0x0, 0x3,
    0x8c, 0xff, 0xff, 0xff, 0xfc, 0x83, 0x0, 0x0,
    0x0, 0x0, 0x0, 0x6d, 0xff, 0xff, 0xff, 0xff,
    0xff, 0xff, 0xfd, 0x60, 0x0, 0x0, 0x3, 0xdf,
    0xff, 0xff, 0xff, 0xfe, 0xff, 0xff, 0xff, 0xff,
    0xd3, 0x0, 0x8, 0xff, 0xff, 0xfb, 0x72, 0x0,
    0x0, 0x2, 0x7b, 0xff, 0xff, 0xf8, 0xa, 0xff,
    0xff, 0xa2, 0x0, 0x0, 0x0, 0x0, 0x0, 0x2,
    0xaf, 0xff, 0xfa, 0xbf, 0xfd, 0x30, 0x0, 0x0,
    0x0, 0x0, 0x0, 0x0, 0x0, 0x3d, 0xff, 0xb0,
    0xba, 0x10, 0x0, 0x5, 0x9d, 0xef, 0xed, 0x95,
    0x0, 0x0, 0x1a, 0xb0, 0x0, 0x0, 0x0, 0x6d,
    0xff, 0xff, 0xff, 0xff, 0xfd, 0x60, 0x0, 0x0,
    0x0, 0x0, 0x1, 0xbf, 0xff, 0xff, 0xff, 0xff,
    0xff, 0xff, 0xb1, 0x0, 0x0, 0x0, 0x0, 0x8f,
    0xff, 0xfa, 0x53, 0x23, 0x5a, 0xff, 0xff, 0x80,
    0x0, 0x0, 0x0, 0x0, 0xcf, 0xb1, 0x0, 0x0,
    0x0, 0x1, 0xbf, 0xc0, 0x0, 0x0, 0x0, 0x0,
    0x0, 0x40, 0x0, 0x0, 0x0, 0x0, 0x0, 0x40,
    0x0, 0x0, 0x0, 0x0, 0x0, 0x0, 0x0, 0x1,
    0x9d, 0x91, 0x0, 0x0, 0x0, 0x0, 0x0, 0x0,
    0x0, 0x0, 0x0, 0x0, 0xaf, 0xff, 0xa0, 0x0,
    0x0, 0x0, 0x0, 0x0, 0x0, 0x0, 0x0, 0x0,
    0xf, 0xff, 0xff, 0x0, 0x0, 0x0, 0x0, 0x0,
    0x0, 0x0, 0x0, 0x0, 0x0, 0xcf, 0xff, 0xc0,
    0x0, 0x0, 0x0, 0x0, 0x0, 0x0, 0x0, 0x0,
    0x0, 0x3, 0xef, 0xe3, 0x0, 0x0, 0x0, 0x0,
    0x0, 0x0, 0x0, 0x0, 0x0, 0x0, 0x0, 0x10,
    0x0, 0x0, 0x0, 0x0, 0x0, 0x0,

    /* U+F240 "" */
    0x17, 0x88, 0x88, 0x88, 0x88, 0x88, 0x88, 0x88,
    0x88, 0x88, 0x88, 0x60, 0xc, 0xff, 0xff, 0xff,
    0xff, 0xff, 0xff, 0xff, 0xff, 0xff, 0xff, 0xff,
    0x80, 0xff, 0xff, 0xff, 0xff, 0xff, 0xff, 0xff,
    0xff, 0xff, 0xff, 0xff, 0xfc, 0xf, 0xf8, 0x0,
    0x0, 0x0, 0x0, 0x0, 0x0, 0x0, 0x0, 0x0,
    0xcf, 0xfd, 0xff, 0x84, 0xff, 0xff, 0xff, 0xff,
    0xff, 0xff, 0xff, 0xff, 0xc, 0xff, 0xff, 0xf8,
    0x4f, 0xff, 0xff, 0xff, 0xff, 0xff, 0xff, 0xff,
    0xf0, 0x5b, 0xff, 0xff, 0x84, 0xff, 0xff, 0xff,
    0xff, 0xff, 0xff, 0xff, 0xff, 0x0, 0x8f, 0xff,
    0xf8, 0x4f, 0xff, 0xff, 0xff, 0xff, 0xff, 0xff,
    0xff, 0xf0, 0x8, 0xff, 0xff, 0x84, 0xff, 0xff,
    0xff, 0xff, 0xff, 0xff, 0xff, 0xff, 0xc, 0xff,
    0xff, 0xf8, 0x0, 0x0, 0x0, 0x0, 0x0, 0x0,
    0x0, 0x0, 0x0, 0xcf, 0xff, 0xff, 0xc8, 0x88,
    0x88, 0x88, 0x88, 0x88, 0x88, 0x88, 0x88, 0x8e,
    0xfd, 0x4e, 0xff, 0xff, 0xff, 0xff, 0xff, 0xff,
    0xff, 0xff, 0xff, 0xff, 0xff, 0xa0, 0x4e, 0xff,
    0xff, 0xff, 0xff, 0xff, 0xff, 0xff, 0xff, 0xff,
    0xff, 0xc2, 0x0,

    /* U+F241 "" */
    0x17, 0x88, 0x88, 0x88, 0x88, 0x88, 0x88, 0x88,
    0x88, 0x88, 0x88, 0x60, 0xc, 0xff, 0xff, 0xff,
    0xff, 0xff, 0xff, 0xff, 0xff, 0xff, 0xff, 0xff,
    0x80, 0xff, 0xff, 0xff, 0xff, 0xff, 0xff, 0xff,
    0xff, 0xff, 0xff, 0xff, 0xfc, 0xf, 0xf8, 0x0,
    0x0, 0x0, 0x0, 0x0, 0x0, 0x0, 0x0, 0x0,
    0xcf, 0xfd, 0xff, 0x81, 0xff, 0xff, 0xff, 0xff,
    0xff, 0xff, 0x60, 0x0, 0xc, 0xff, 0xff, 0xf8,
    0x1f, 0xff, 0xff, 0xff, 0xff, 0xff, 0xf6, 0x0,
    0x0, 0x5b, 0xff, 0xff, 0x81, 0xff, 0xff, 0xff,
    0xff, 0xff, 0xff, 0x60, 0x0, 0x0, 0x8f, 0xff,
    0xf8, 0x1f, 0xff, 0xff, 0xff, 0xff, 0xff, 0xf6,
    0x0, 0x0, 0x8, 0xff, 0xff, 0x81, 0xff, 0xff,
    0xff, 0xff, 0xff, 0xff, 0x60, 0x0, 0xc, 0xff,
    0xff, 0xf8, 0x0, 0x0, 0x0, 0x0, 0x0, 0x0,
    0x0, 0x0, 0x0, 0xcf, 0xff, 0xff, 0xc8, 0x88,
    0x88, 0x88, 0x88, 0x88, 0x88, 0x88, 0x88, 0x8e,
    0xfd, 0x4e, 0xff, 0xff, 0xff, 0xff, 0xff, 0xff,
    0xff, 0xff, 0xff, 0xff, 0xff, 0xa0, 0x4e, 0xff,
    0xff, 0xff, 0xff, 0xff, 0xff, 0xff, 0xff, 0xff,
    0xff, 0xc2, 0x0,

    /* U+F242 "" */
    0x17, 0x88, 0x88, 0x88, 0x88, 0x88, 0x88, 0x88,
    0x88, 0x88, 0x88, 0x60, 0xc, 0xff, 0xff, 0xff,
    0xff, 0xff, 0xff, 0xff, 0xff, 0xff, 0xff, 0xff,
    0x80, 0xff, 0xff, 0xff, 0xff, 0xff, 0xff, 0xff,
    0xff, 0xff, 0xff, 0xff, 0xfc, 0xf, 0xf8, 0x0,
    0x0, 0x0, 0x0, 0x0, 0x0, 0x0, 0x0, 0x0,
    0xcf, 0xfd, 0xff, 0x81, 0xff, 0xff, 0xff, 0xff,
    0xa0, 0x0, 0x0, 0x0, 0xc, 0xff, 0xff, 0xf8,
    0x1f, 0xff, 0xff, 0xff, 0xfa, 0x0, 0x0, 0x0,
    0x0, 0x5b, 0xff, 0xff, 0x81, 0xff, 0xff, 0xff,
    0xff, 0xa0, 0x0, 0x0, 0x0, 0x0, 0x8f, 0xff,
    0xf8, 0x1f, 0xff, 0xff, 0xff, 0xfa, 0x0, 0x0,
    0x0, 0x0, 0x8, 0xff, 0xff, 0x81, 0xff, 0xff,
    0xff, 0xff, 0xa0, 0x0, 0x0, 0x0, 0xc, 0xff,
    0xff, 0xf8, 0x0, 0x0, 0x0, 0x0, 0x0, 0x0,
    0x0, 0x0, 0x0, 0xcf, 0xff, 0xff, 0xc8, 0x88,
    0x88, 0x88, 0x88, 0x88, 0x88, 0x88, 0x88, 0x8e,
    0xfd, 0x4e, 0xff, 0xff, 0xff, 0xff, 0xff, 0xff,
    0xff, 0xff, 0xff, 0xff, 0xff, 0xa0, 0x4e, 0xff,
    0xff, 0xff, 0xff, 0xff, 0xff, 0xff, 0xff, 0xff,
    0xff, 0xc2, 0x0,

    /* U+F243 "" */
    0x17, 0x88, 0x88, 0x88, 0x88, 0x88, 0x88, 0x88,
    0x88, 0x88, 0x88, 0x60, 0xc, 0xff, 0xff, 0xff,
    0xff, 0xff, 0xff, 0xff, 0xff, 0xff, 0xff, 0xff,
    0x80, 0xff, 0xff, 0xff, 0xff, 0xff, 0xff, 0xff,
    0xff, 0xff, 0xff, 0xff, 0xfc, 0xf, 0xf8, 0x0,
    0x0, 0x0, 0x0, 0x0, 0x0, 0x0, 0x0, 0x0,
    0xcf, 0xfd, 0xff, 0x81, 0xff, 0xff, 0xe0, 0x0,
    0x0, 0x0, 0x0, 0x0, 0xc, 0xff, 0xff, 0xf8,
    0x1f, 0xff, 0xfe, 0x0, 0x0, 0x0, 0x0, 0x0,
    0x0, 0x5b, 0xff, 0xff, 0x81, 0xff, 0xff, 0xe0,
    0x0, 0x0, 0x0, 0x0, 0x0, 0x0, 0x8f, 0xff,
    0xf8, 0x1f, 0xff, 0xfe, 0x0, 0x0, 0x0, 0x0,
    0x0, 0x0, 0x8, 0xff, 0xff, 0x81, 0xff, 0xff,
    0xe0, 0x0, 0x0, 0x0, 0x0, 0x0, 0xc, 0xff,
    0xff, 0xf8, 0x0, 0x0, 0x0, 0x0, 0x0, 0x0,
    0x0, 0x0, 0x0, 0xcf, 0xff, 0xff, 0xc8, 0x88,
    0x88, 0x88, 0x88, 0x88, 0x88, 0x88, 0x88, 0x8e,
    0xfd, 0x4e, 0xff, 0xff, 0xff, 0xff, 0xff, 0xff,
    0xff, 0xff, 0xff, 0xff, 0xff, 0xa0, 0x4e, 0xff,
    0xff, 0xff, 0xff, 0xff, 0xff, 0xff, 0xff, 0xff,
    0xff, 0xc2, 0x0,

    /* U+F244 "" */
    0x17, 0x88, 0x88, 0x88, 0x88, 0x88, 0x88, 0x88,
    0x88, 0x88, 0x88, 0x60, 0xc, 0xff, 0xff, 0xff,
    0xff, 0xff, 0xff, 0xff, 0xff, 0xff, 0xff, 0xff,
    0x80, 0xff, 0xff, 0xff, 0xff, 0xff, 0xff, 0xff,
    0xff, 0xff, 0xff, 0xff, 0xfc, 0xf, 0xf8, 0x0,
    0x0, 0x0, 0x0, 0x0, 0x0, 0x0, 0x0, 0x0,
    0xcf, 0xfd, 0xff, 0x80, 0x0, 0x0, 0x0, 0x0,
    0x0, 0x0, 0x0, 0x0, 0xc, 0xff, 0xff, 0xf8,
    0x0, 0x0, 0x0, 0x0, 0x0, 0x0, 0x0, 0x0,
    0x0, 0x5b, 0xff, 0xff, 0x80, 0x0, 0x0, 0x0,
    0x0, 0x0, 0x0, 0x0, 0x0, 0x0, 0x8f, 0xff,
    0xf8, 0x0, 0x0, 0x0, 0x0, 0x0, 0x0, 0x0,
    0x0, 0x0, 0x8, 0xff, 0xff, 0x80, 0x0, 0x0,
    0x0, 0x0, 0x0, 0x0, 0x0, 0x0, 0xc, 0xff,
    0xff, 0xf8, 0x0, 0x0, 0x0, 0x0, 0x0, 0x0,
    0x0, 0x0, 0x0, 0xcf, 0xff, 0xff, 0xc8, 0x88,
    0x88, 0x88, 0x88, 0x88, 0x88, 0x88, 0x88, 0x8e,
    0xfd, 0x4e, 0xff, 0xff, 0xff, 0xff, 0xff, 0xff,
    0xff, 0xff, 0xff, 0xff, 0xff, 0xa0, 0x4e, 0xff,
    0xff, 0xff, 0xff, 0xff, 0xff, 0xff, 0xff, 0xff,
    0xff, 0xc2, 0x0,

    /* U+F287 "" */
    0x0, 0x0, 0x0, 0x0, 0x0, 0x0, 0x0, 0x10,
    0x0, 0x0, 0x0, 0x0, 0x0, 0x0, 0x0, 0x0,
    0x0, 0x0, 0x0, 0xc, 0xfe, 0x20, 0x0, 0x0,
    0x0, 0x0, 0x0, 0x0, 0x0, 0x0, 0x0, 0x7c,
    0xdf, 0xff, 0x90, 0x0, 0x0, 0x0, 0x0, 0x0,
    0x0, 0x0, 0x0, 0x9, 0xfb, 0xbf, 0xff, 0x90,
    0x0, 0x0, 0x0, 0x0, 0x0, 0x0, 0x0, 0x0,
    0x2f, 0x70, 0xa, 0xfc, 0x10, 0x0, 0x0, 0x0,
    0x0, 0x0, 0x32, 0x0, 0x0, 0x9e, 0x0, 0x0,
    0x0, 0x0, 0x0, 0x0, 0x0, 0x0, 0x2d, 0xff,
    0x90, 0x1, 0xf6, 0x0, 0x0, 0x0, 0x0, 0x0,
    0x1c, 0x30, 0x0, 0xcf, 0xff, 0xf6, 0x3c, 0xf3,
    0x33, 0x33, 0x33, 0x33, 0x33, 0x5f, 0xf9, 0x10,
    0xff, 0xff, 0xff, 0xff, 0xff, 0xff, 0xff, 0xff,
    0xff, 0xff, 0xff, 0xff, 0xd0, 0xcf, 0xff, 0xf6,
    0x33, 0x34, 0xed, 0x33, 0x33, 0x33, 0x33, 0x5f,
    0xfa, 0x10, 0x2d, 0xff, 0x90, 0x0, 0x0, 0x5f,
    0x30, 0x0, 0x0, 0x0, 0x1c, 0x30, 0x0, 0x0,
    0x32, 0x0, 0x0, 0x0, 0xd, 0xa0, 0x0, 0x0,
    0x0, 0x0, 0x0, 0x0, 0x0, 0x0, 0x0, 0x0,
    0x0, 0x6, 0xf3, 0xa, 0xff, 0xf7, 0x0, 0x0,
    0x0, 0x0, 0x0, 0x0, 0x0, 0x0, 0x0, 0xce,
    0xae, 0xff, 0xf8, 0x0, 0x0, 0x0, 0x0, 0x0,
    0x0, 0x0, 0x0, 0x0, 0x8, 0xbe, 0xff, 0xf8,
    0x0, 0x0, 0x0, 0x0, 0x0, 0x0, 0x0, 0x0,
    0x0, 0x0, 0xa, 0xff, 0xf7, 0x0, 0x0, 0x0,
    0x0, 0x0, 0x0, 0x0, 0x0, 0x0, 0x0, 0x1,
    0x22, 0x20, 0x0, 0x0, 0x0,

    /* U+F293 "" */
    0x0, 0x0, 0x0, 0x34, 0x31, 0x0, 0x0, 0x0,
    0x0, 0x3, 0xbf, 0xff, 0xff, 0xe7, 0x0, 0x0,
    0x0, 0x6f, 0xff, 0xfa, 0xff, 0xff, 0xb0, 0x0,
    0x4, 0xff, 0xff, 0xf1, 0x9f, 0xff, 0xf8, 0x0,
    0xd, 0xff, 0xff, 0xf1, 0xa, 0xff, 0xff, 0x10,
    0x3f, 0xff, 0xff, 0xf1, 0x0, 0xbf, 0xff, 0x60,
    0x7f, 0xfd, 0x8f, 0xf1, 0x66, 0xc, 0xff, 0xa0,
    0xaf, 0xf8, 0x7, 0xf1, 0x6f, 0x13, 0xff, 0xd0,
    0xcf, 0xff, 0x70, 0x61, 0x53, 0x1e, 0xff, 0xf0,
    0xdf, 0xff, 0xf7, 0x0, 0x1, 0xdf, 0xff, 0xf0,
    0xef, 0xff, 0xff, 0x60, 0xc, 0xff, 0xff, 0xf0,
    0xef, 0xff, 0xff, 0x30, 0x7, 0xff, 0xff, 0xf0,
    0xdf, 0xff, 0xf3, 0x0, 0x10, 0x8f, 0xff, 0xf0,
    0xcf, 0xff, 0x30, 0xb1, 0x67, 0x9, 0xff, 0xf0,
    0x9f, 0xf6, 0xb, 0xf2, 0x6e, 0x2, 0xff, 0xd0,
    0x6f, 0xff, 0xcf, 0xf2, 0x52, 0x2e, 0xff, 0xa0,
    0x1f, 0xff, 0xff, 0xf2, 0x2, 0xef, 0xff, 0x50,
    0x9, 0xff, 0xff, 0xf2, 0x2e, 0xff, 0xfe, 0x0,
    0x0, 0xdf, 0xff, 0xf4, 0xef, 0xff, 0xf5, 0x0,
    0x0, 0x1a, 0xff, 0xff, 0xff, 0xff, 0x60, 0x0,
    0x0, 0x0, 0x27, 0xab, 0xb9, 0x50, 0x0, 0x0,

    /* U+F2ED "" */
    0x0, 0x0, 0x2, 0xab, 0xbb, 0xb7, 0x0, 0x0,
    0x0, 0x57, 0x77, 0x7c, 0xff, 0xff, 0xff, 0x77,
    0x77, 0x72, 0xff, 0xff, 0xff, 0xff, 0xff, 0xff,
    0xff, 0xff, 0xf7, 0xef, 0xff, 0xff, 0xff, 0xff,
    0xff, 0xff, 0xff, 0xf6, 0x0, 0x0, 0x0, 0x0,
    0x0, 0x0, 0x0, 0x0, 0x0, 0x6, 0x88, 0x88,
    0x88, 0x88, 0x88, 0x88, 0x88, 0x20, 0xc, 0xff,
    0xff, 0xff, 0xff, 0xff, 0xff, 0xff, 0x40, 0xc,
    0xff, 0xff, 0xff, 0xff, 0xff, 0xff, 0xff, 0x40,
    0xc, 0xff, 0x77, 0xff, 0x3b, 0xfe, 0x1e, 0xff,
    0x40, 0xc, 0xff, 0x66, 0xff, 0x2a, 0xfe, 0xe,
    0xff, 0x40, 0xc, 0xff, 0x66, 0xff, 0x2a, 0xfe,
    0xe, 0xff, 0x40, 0xc, 0xff, 0x66, 0xff, 0x2a,
    0xfe, 0xe, 0xff, 0x40, 0xc, 0xff, 0x66, 0xff,
    0x2a, 0xfe, 0xe, 0xff, 0x40, 0xc, 0xff, 0x66,
    0xff, 0x2a, 0xfe, 0xe, 0xff, 0x40, 0xc, 0xff,
    0x66, 0xff, 0x2a, 0xfe, 0xe, 0xff, 0x40, 0xc,
    0xff, 0x66, 0xff, 0x2a, 0xfe, 0xe, 0xff, 0x40,
    0xc, 0xff, 0x66, 0xff, 0x2a, 0xfe, 0xe, 0xff,
    0x40, 0xc, 0xff, 0x77, 0xff, 0x3b, 0xfe, 0x1e,
    0xff, 0x40, 0xb, 0xff, 0xff, 0xff, 0xff, 0xff,
    0xff, 0xff, 0x30, 0x7, 0xff, 0xff, 0xff, 0xff,
    0xff, 0xff, 0xfe, 0x0, 0x0, 0x57, 0x88, 0x88,
    0x88, 0x88, 0x88, 0x72, 0x0,

    /* U+F304 "" */
    0x0, 0x0, 0x0, 0x0, 0x0, 0x0, 0x0, 0x1,
    0x64, 0x0, 0x0, 0x0, 0x0, 0x0, 0x0, 0x0,
    0x0, 0x1, 0xdf, 0xf8, 0x0, 0x0, 0x0, 0x0,
    0x0, 0x0, 0x0, 0x1, 0xef, 0xff, 0xf8, 0x0,
    0x0, 0x0, 0x0, 0x0, 0x0, 0x0, 0x7f, 0xff,
    0xff, 0xf8, 0x0, 0x0, 0x0, 0x0, 0x0, 0x1,
    0x90, 0x8f, 0xff, 0xff, 0xf0, 0x0, 0x0, 0x0,
    0x0, 0x1, 0xef, 0xb0, 0x8f, 0xff, 0xfc, 0x0,
    0x0, 0x0, 0x0, 0x1, 0xef, 0xff, 0xb0, 0x8f,
    0xfe, 0x20, 0x0, 0x0, 0x0, 0x1, 0xef, 0xff,
    0xff, 0xb0, 0x8e, 0x10, 0x0, 0x0, 0x0, 0x1,
    0xef, 0xff, 0xff, 0xff, 0xb0, 0x10, 0x0, 0x0,
    0x0, 0x1, 0xef, 0xff, 0xff, 0xff, 0xfe, 0x10,
    0x0, 0x0, 0x0, 0x1, 0xef, 0xff, 0xff, 0xff,
    0xfe, 0x20, 0x0, 0x0, 0x0, 0x1, 0xef, 0xff,
    0xff, 0xff, 0xfe, 0x20, 0x0, 0x0, 0x0, 0x1,
    0xef, 0xff, 0xff, 0xff, 0xfe, 0x20, 0x0, 0x0,
    0x0, 0x1, 0xef, 0xff, 0xff, 0xff, 0xfe, 0x20,
    0x0, 0x0, 0x0, 0x1, 0xef, 0xff, 0xff, 0xff,
    0xfe, 0x20, 0x0, 0x0, 0x0, 0x0, 0x8f, 0xff,
    0xff, 0xff, 0xfe, 0x20, 0x0, 0x0, 0x0, 0x0,
    0xa, 0xff, 0xff, 0xff, 0xfe, 0x20, 0x0, 0x0,
    0x0, 0x0, 0x0, 0xcf, 0xff, 0xff, 0xfe, 0x20,
    0x0, 0x0, 0x0, 0x0, 0x0, 0xe, 0xff, 0xff,
    0xfe, 0x20, 0x0, 0x0, 0x0, 0x0, 0x0, 0x0,
    0xff, 0xff, 0xfe, 0x20, 0x0, 0x0, 0x0, 0x0,
    0x0, 0x0, 0x5, 0x75, 0x31, 0x0, 0x0, 0x0,
    0x0, 0x0, 0x0, 0x0, 0x0,

    /* U+F55A "" */
    0x0, 0x0, 0x0, 0x6e, 0xff, 0xff, 0xff, 0xff,
    0xff, 0xff, 0xff, 0xfb, 0x20, 0x0, 0x0, 0x8f,
    0xff, 0xff, 0xff, 0xff, 0xff, 0xff, 0xff, 0xff,
    0xfb, 0x0, 0x0, 0x8f, 0xff, 0xff, 0xff, 0xff,
    0xff, 0xff, 0xff, 0xff, 0xff, 0xf0, 0x0, 0x8f,
    0xff, 0xff, 0xff, 0x85, 0xff, 0xff, 0x58, 0xff,
    0xff, 0xff, 0x0, 0x8f, 0xff, 0xff, 0xff, 0xb0,
    0x4, 0xff, 0x40, 0xb, 0xff, 0xff, 0xf0, 0x8f,
    0xff, 0xff, 0xff, 0xff, 0x40, 0x4, 0x40, 0x4,
    0xff, 0xff, 0xff, 0x8f, 0xff, 0xff, 0xff, 0xff,
    0xff, 0x40, 0x0, 0x4, 0xff, 0xff, 0xff, 0xff,
    0xff, 0xff, 0xff, 0xff, 0xff, 0xfe, 0x10, 0x0,
    0xef, 0xff, 0xff, 0xff, 0x8f, 0xff, 0xff, 0xff,
    0xff, 0xff, 0x40, 0x0, 0x4, 0xff, 0xff, 0xff,
    0xf0, 0x8f, 0xff, 0xff, 0xff, 0xff, 0x40, 0x4,
    0x40, 0x4, 0xff, 0xff, 0xff, 0x0, 0x8f, 0xff,
    0xff, 0xff, 0xb0, 0x4, 0xff, 0x40, 0xb, 0xff,
    0xff, 0xf0, 0x0, 0x8f, 0xff, 0xff, 0xff, 0x85,
    0xff, 0xff, 0x58, 0xff, 0xff, 0xff, 0x0, 0x0,
    0x8f, 0xff, 0xff, 0xff, 0xff, 0xff, 0xff, 0xff,
    0xff, 0xff, 0xf0, 0x0, 0x0, 0x8f, 0xff, 0xff,
    0xff, 0xff, 0xff, 0xff, 0xff, 0xff, 0xfb, 0x0,
    0x0, 0x0, 0x6e, 0xff, 0xff, 0xff, 0xff, 0xff,
    0xff, 0xff, 0xfc, 0x20,

    /* U+F7C2 "" */
    0x0, 0x0, 0x28, 0x88, 0x88, 0x88, 0x73, 0x0,
    0x0, 0x2e, 0xff, 0xff, 0xff, 0xff, 0xf6, 0x0,
    0x1d, 0xff, 0xff, 0xff, 0xff, 0xff, 0xe0, 0x1d,
    0xf6, 0xe, 0x50, 0xd6, 0x8, 0xff, 0x1d, 0xff,
    0x60, 0xe5, 0xd, 0x60, 0x8f, 0xfc, 0xff, 0xf6,
    0xe, 0x50, 0xd6, 0x8, 0xff, 0xff, 0xff, 0x60,
    0xe5, 0xd, 0x60, 0x8f, 0xff, 0xff, 0xff, 0xff,
    0xff, 0xff, 0xff, 0xff, 0xff, 0xff, 0xff, 0xff,
    0xff, 0xff, 0xff, 0xff, 0xff, 0xff, 0xff, 0xff,
    0xff, 0xff, 0xff, 0xff, 0xff, 0xff, 0xff, 0xff,
    0xff, 0xff, 0xff, 0xff, 0xff, 0xff, 0xff, 0xff,
    0xff, 0xff, 0xff, 0xff, 0xff, 0xff, 0xff, 0xff,
    0xff, 0xff, 0xff, 0xff, 0xff, 0xff, 0xff, 0xff,
    0xff, 0xff, 0xff, 0xff, 0xff, 0xff, 0xff, 0xff,
    0xff, 0xff, 0xff, 0xff, 0xff, 0xff, 0xff, 0xff,
    0xff, 0xff, 0xff, 0xff, 0xff, 0xff, 0xff, 0xff,
    0xff, 0xff, 0xff, 0xff, 0xff, 0xff, 0xff, 0xff,
    0xff, 0xff, 0xff, 0xff, 0xff, 0xff, 0xe9, 0xff,
    0xff, 0xff, 0xff, 0xff, 0xff, 0xf8, 0x7, 0xab,
    0xbb, 0xbb, 0xbb, 0xbb, 0xa6, 0x0,

    /* U+F8A2 "" */
    0x0, 0x0, 0x0, 0x0, 0x0, 0x0, 0x0, 0x0,
    0x0, 0x7, 0x0, 0x0, 0x0, 0x0, 0x0, 0x0,
    0x0, 0x0, 0x0, 0xa, 0xf1, 0x0, 0x0, 0x1,
    0x0, 0x0, 0x0, 0x0, 0x0, 0xa, 0xff, 0x10,
    0x0, 0xa, 0xf3, 0x0, 0x0, 0x0, 0x0, 0x0,
    0xff, 0xf1, 0x0, 0xb, 0xff, 0x50, 0x0, 0x0,
    0x0, 0x0, 0xf, 0xff, 0x10, 0xc, 0xff, 0xf5,
    0x0, 0x0, 0x0, 0x0, 0x0, 0xff, 0xf1, 0x1c,
    0xff, 0xff, 0xcb, 0xbb, 0xbb, 0xbb, 0xbb, 0xbf,
    0xff, 0x1c, 0xff, 0xff, 0xff, 0xff, 0xff, 0xff,
    0xff, 0xff, 0xff, 0xf1, 0x9f, 0xff, 0xff, 0xff,
    0xff, 0xff, 0xff, 0xff, 0xff, 0xff, 0x0, 0x9f,
    0xff, 0xf9, 0x66, 0x66, 0x66, 0x66, 0x66, 0x66,
    0x40, 0x0, 0x8f, 0xff, 0x50, 0x0, 0x0, 0x0,
    0x0, 0x0, 0x0, 0x0, 0x0, 0x7f, 0xf5, 0x0,
    0x0, 0x0, 0x0, 0x0, 0x0, 0x0, 0x0, 0x0,
    0x5c, 0x10, 0x0, 0x0, 0x0, 0x0, 0x0, 0x0,
    0x0
};


/*---------------------
 *  GLYPH DESCRIPTION
 *--------------------*/

static const lv_font_fmt_txt_glyph_dsc_t glyph_dsc[] = {
    {.bitmap_index = 0, .adv_w = 0, .box_w = 0, .box_h = 0, .ofs_x = 0, .ofs_y = 0} /* id = 0 reserved */,
    {.bitmap_index = 0, .adv_w = 83, .box_w = 0, .box_h = 0, .ofs_x = 0, .ofs_y = 0},
    {.bitmap_index = 0, .adv_w = 86, .box_w = 3, .box_h = 14, .ofs_x = 1, .ofs_y = 0},
    {.bitmap_index = 21, .adv_w = 131, .box_w = 6, .box_h = 6, .ofs_x = 1, .ofs_y = 8},
    {.bitmap_index = 39, .adv_w = 207, .box_w = 13, .box_h = 14, .ofs_x = 0, .ofs_y = 0},
    {.bitmap_index = 130, .adv_w = 183, .box_w = 10, .box_h = 17, .ofs_x = 1, .ofs_y = -2},
    {.bitmap_index = 215, .adv_w = 266, .box_w = 16, .box_h = 14, .ofs_x = 0, .ofs_y = 0},
    {.bitmap_index = 327, .adv_w = 234, .box_w = 14, .box_h = 14, .ofs_x = 1, .ofs_y = 0},
    {.bitmap_index = 425, .adv_w = 72, .box_w = 3, .box_h = 6, .ofs_x = 1, .ofs_y = 8},
    {.bitmap_index = 434, .adv_w = 96, .box_w = 6, .box_h = 18, .ofs_x = 0, .ofs_y = -4},
    {.bitmap_index = 488, .adv_w = 96, .box_w = 6, .box_h = 18, .ofs_x = 0, .ofs_y = -4},
    {.bitmap_index = 542, .adv_w = 176, .box_w = 11, .box_h = 10, .ofs_x = 0, .ofs_y = 5},
    {.bitmap_index = 597, .adv_w = 183, .box_w = 10, .box_h = 10, .ofs_x = 1, .ofs_y = 2},
    {.bitmap_index = 647, .adv_w = 86, .box_w = 4, .box_h = 5, .ofs_x = 0, .ofs_y = -3},
    {.bitmap_index = 657, .adv_w = 103, .box_w = 6, .box_h = 2, .ofs_x = 0, .ofs_y = 5},
    {.bitmap_index = 663, .adv_w = 86, .box_w = 3, .box_h = 3, .ofs_x = 1, .ofs_y = 0},
    {.bitmap_index = 668, .adv_w = 119, .box_w = 8, .box_h = 14, .ofs_x = 0, .ofs_y = 0},
    {.bitmap_index = 724, .adv_w = 183, .box_w = 11, .box_h = 14, .ofs_x = 0, .ofs_y = 0},
    {.bitmap_index = 801, .adv_w = 183, .box_w = 7, .box_h = 14, .ofs_x = 1, .ofs_y = 0},
    {.bitmap_index = 850, .adv_w = 183, .box_w = 11, .box_h = 14, .ofs_x = 0, .ofs_y = 0},
    {.bitmap_index = 927, .adv_w = 183, .box_w = 11, .box_h = 14, .ofs_x = 0, .ofs_y = 0},
    {.bitmap_index = 1004, .adv_w = 183, .box_w = 12, .box_h = 14, .ofs_x = 0, .ofs_y = 0},
    {.bitmap_index = 1088, .adv_w = 183, .box_w = 10, .box_h = 14, .ofs_x = 1, .ofs_y = 0},
    {.bitmap_index = 1158, .adv_w = 183, .box_w = 10, .box_h = 14, .ofs_x = 1, .ofs_y = 0},
    {.bitmap_index = 1228, .adv_w = 183, .box_w = 11, .box_h = 14, .ofs_x = 0, .ofs_y = 0},
    {.bitmap_index = 1305, .adv_w = 183, .box_w = 11, .box_h = 14, .ofs_x = 0, .ofs_y = 0},
    {.bitmap_index = 1382, .adv_w = 183, .box_w = 10, .box_h = 14, .ofs_x = 1, .ofs_y = 0},
    {.bitmap_index = 1452, .adv_w = 86, .box_w = 3, .box_h = 11, .ofs_x = 1, .ofs_y = 0},
    {.bitmap_index = 1469, .adv_w = 86, .box_w = 4, .box_h = 14, .ofs_x = 0, .ofs_y = -3},
    {.bitmap_index = 1497, .adv_w = 183, .box_w = 10, .box_h = 11, .ofs_x = 1, .ofs_y = 2},
    {.bitmap_index = 1552, .adv_w = 183, .box_w = 10, .box_h = 7, .ofs_x = 1, .ofs_y = 4},
    {.bitmap_index = 1587, .adv_w = 183, .box_w = 10, .box_h = 11, .ofs_x = 1, .ofs_y = 2},
    {.bitmap_index = 1642, .adv_w = 139, .box_w = 9, .box_h = 14, .ofs_x = 0, .ofs_y = 0},
    {.bitmap_index = 1705, .adv_w = 288, .box_w = 16, .box_h = 16, .ofs_x = 1, .ofs_y = -2},
    {.bitmap_index = 1833, .adv_w = 205, .box_w = 13, .box_h = 14, .ofs_x = 0, .ofs_y = 0},
    {.bitmap_index = 1924, .adv_w = 208, .box_w = 11, .box_h = 14, .ofs_x = 1, .ofs_y = 0},
    {.bitmap_index = 2001, .adv_w = 202, .box_w = 12, .box_h = 14, .ofs_x = 1, .ofs_y = 0},
    {.bitmap_index = 2085, .adv_w = 234, .box_w = 13, .box_h = 14, .ofs_x = 1, .ofs_y = 0},
    {.bitmap_index = 2176, .adv_w = 178, .box_w = 9, .box_h = 14, .ofs_x = 1, .ofs_y = 0},
    {.bitmap_index = 2239, .adv_w = 166, .box_w = 9, .box_h = 14, .ofs_x = 1, .ofs_y = 0},
    {.bitmap_index = 2302, .adv_w = 233, .box_w = 13, .box_h = 14, .ofs_x = 1, .ofs_y = 0},
    {.bitmap_index = 2393, .adv_w = 237, .box_w = 12, .box_h = 14, .ofs_x = 1, .ofs_y = 0},
    {.bitmap_index = 2477, .adv_w = 108, .box_w = 6, .box_h = 14, .ofs_x = 0, .ofs_y = 0},
    {.bitmap_index = 2519, .adv_w = 87, .box_w = 6, .box_h = 18, .ofs_x = -2, .ofs_y = -4},
    {.bitmap_index = 2573, .adv_w = 198, .box_w = 12, .box_h = 14, .ofs_x = 1, .ofs_y = 0},
    {.bitmap_index = 2657, .adv_w = 168, .box_w = 9, .box_h = 14, .ofs_x = 1, .ofs_y = 0},
    {.bitmap_index = 2720, .adv_w = 290, .box_w = 16, .box_h = 14, .ofs_x = 1, .ofs_y = 0},
    {.bitmap_index = 2832, .adv_w = 243, .box_w = 13, .box_h = 14, .ofs_x = 1, .ofs_y = 0},
    {.bitmap_index = 2923, .adv_w = 250, .box_w = 14, .box_h = 14, .ofs_x = 1, .ofs_y = 0},
    {.bitmap_index = 3021, .adv_w = 194, .box_w = 11, .box_h = 14, .ofs_x = 1, .ofs_y = 0},
    {.bitmap_index = 3098, .adv_w = 250, .box_w = 14, .box_h = 17, .ofs_x = 1, .ofs_y = -3},
    {.bitmap_index = 3217, .adv_w = 199, .box_w = 12, .box_h = 14, .ofs_x = 1, .ofs_y = 0},
    {.bitmap_index = 3301, .adv_w = 176, .box_w = 10, .box_h = 14, .ofs_x = 1, .ofs_y = 0},
    {.bitmap_index = 3371, .adv_w = 178, .box_w = 11, .box_h = 14, .ofs_x = 0, .ofs_y = 0},
    {.bitmap_index = 3448, .adv_w = 234, .box_w = 12, .box_h = 14, .ofs_x = 1, .ofs_y = 0},
    {.bitmap_index = 3532, .adv_w = 192, .box_w = 12, .box_h = 14, .ofs_x = 0, .ofs_y = 0},
    {.bitmap_index = 3616, .adv_w = 298, .box_w = 19, .box_h = 14, .ofs_x = 0, .ofs_y = 0},
    {.bitmap_index = 3749, .adv_w = 188, .box_w = 12, .box_h = 14, .ofs_x = 0, .ofs_y = 0},
    {.bitmap_index = 3833, .adv_w = 181, .box_w = 12, .box_h = 14, .ofs_x = 0, .ofs_y = 0},
    {.bitmap_index = 3917, .adv_w = 183, .box_w = 11, .box_h = 14, .ofs_x = 0, .ofs_y = 0},
    {.bitmap_index = 3994, .adv_w = 105, .box_w = 6, .box_h = 18, .ofs_x = 1, .ofs_y = -4},
    {.bitmap_index = 4048, .adv_w = 119, .box_w = 8, .box_h = 14, .ofs_x = 0, .ofs_y = 0},
    {.bitmap_index = 4104, .adv_w = 105, .box_w = 5, .box_h = 18, .ofs_x = 0, .ofs_y = -4},
    {.bitmap_index = 4149, .adv_w = 183, .box_w = 11, .box_h = 9, .ofs_x = 0, .ofs_y = 5},
    {.bitmap_index = 4199, .adv_w = 142, .box_w = 10, .box_h = 3, .ofs_x = -1, .ofs_y = -4},
    {.bitmap_index = 4214, .adv_w = 186, .box_w = 5, .box_h = 3, .ofs_x = 3, .ofs_y = 12},
    {.bitmap_index = 4222, .adv_w = 180, .box_w = 10, .box_h = 11, .ofs_x = 0, .ofs_y = 0},
    {.bitmap_index = 4277, .adv_w = 197, .box_w = 11, .box_h = 15, .ofs_x = 1, .ofs_y = 0},
    {.bitmap_index = 4360, .adv_w = 154, .box_w = 8, .box_h = 11, .ofs_x = 1, .ofs_y = 0},
    {.bitmap_index = 4404, .adv_w = 197, .box_w = 10, .box_h = 15, .ofs_x = 1, .ofs_y = 0},
    {.bitmap_index = 4479, .adv_w = 180, .box_w = 10, .box_h = 11, .ofs_x = 1, .ofs_y = 0},
    {.bitmap_index = 4534, .adv_w = 110, .box_w = 8, .box_h = 15, .ofs_x = 0, .ofs_y = 0},
    {.bitmap_index = 4594, .adv_w = 197, .box_w = 10, .box_h = 16, .ofs_x = 1, .ofs_y = -5},
    {.bitmap_index = 4674, .adv_w = 198, .box_w = 10, .box_h = 15, .ofs_x = 1, .ofs_y = 0},
    {.bitmap_index = 4749, .adv_w = 83, .box_w = 3, .box_h = 15, .ofs_x = 1, .ofs_y = 0},
    {.bitmap_index = 4772, .adv_w = 83, .box_w = 6, .box_h = 20, .ofs_x = -2, .ofs_y = -5},
    {.bitmap_index = 4832, .adv_w = 171, .box_w = 10, .box_h = 15, .ofs_x = 1, .ofs_y = 0},
    {.bitmap_index = 4907, .adv_w = 83, .box_w = 3, .box_h = 15, .ofs_x = 1, .ofs_y = 0},
    {.bitmap_index = 4930, .adv_w = 299, .box_w = 17, .box_h = 11, .ofs_x = 1, .ofs_y = 0},
    {.bitmap_index = 5024, .adv_w = 198, .box_w = 10, .box_h = 11, .ofs_x = 1, .ofs_y = 0},
    {.bitmap_index = 5079, .adv_w = 194, .box_w = 11, .box_h = 11, .ofs_x = 1, .ofs_y = 0},
    {.bitmap_index = 5140, .adv_w = 197, .box_w = 11, .box_h = 16, .ofs_x = 1, .ofs_y = -5},
    {.bitmap_index = 5228, .adv_w = 197, .box_w = 10, .box_h = 16, .ofs_x = 1, .ofs_y = -5},
    {.bitmap_index = 5308, .adv_w = 132, .box_w = 7, .box_h = 11, .ofs_x = 1, .ofs_y = 0},
    {.bitmap_index = 5347, .adv_w = 153, .box_w = 8, .box_h = 11, .ofs_x = 1, .ofs_y = 0},
    {.bitmap_index = 5391, .adv_w = 115, .box_w = 7, .box_h = 14, .ofs_x = 0, .ofs_y = 0},
    {.bitmap_index = 5440, .adv_w = 198, .box_w = 10, .box_h = 11, .ofs_x = 1, .ofs_y = 0},
    {.bitmap_index = 5495, .adv_w = 163, .box_w = 11, .box_h = 11, .ofs_x = 0, .ofs_y = 0},
    {.bitmap_index = 5556, .adv_w = 252, .box_w = 16, .box_h = 11, .ofs_x = 0, .ofs_y = 0},
    {.bitmap_index = 5644, .adv_w = 169, .box_w = 11, .box_h = 11, .ofs_x = 0, .ofs_y = 0},
    {.bitmap_index = 5705, .adv_w = 163, .box_w = 11, .box_h = 16, .ofs_x = 0, .ofs_y = -5},
    {.bitmap_index = 5793, .adv_w = 150, .box_w = 9, .box_h = 11, .ofs_x = 0, .ofs_y = 0},
    {.bitmap_index = 5843, .adv_w = 122, .box_w = 7, .box_h = 18, .ofs_x = 0, .ofs_y = -4},
    {.bitmap_index = 5906, .adv_w = 176, .box_w = 3, .box_h = 20, .ofs_x = 4, .ofs_y = -5},
    {.bitmap_index = 5936, .adv_w = 122, .box_w = 8, .box_h = 18, .ofs_x = 0, .ofs_y = -4},
    {.bitmap_index = 6008, .adv_w = 183, .box_w = 10, .box_h = 4, .ofs_x = 1, .ofs_y = 5},
    {.bitmap_index = 6028, .adv_w = 320, .box_w = 20, .box_h = 21, .ofs_x = 0, .ofs_y = -3},
    {.bitmap_index = 6238, .adv_w = 320, .box_w = 20, .box_h = 15, .ofs_x = 0, .ofs_y = 0},
    {.bitmap_index = 6388, .adv_w = 320, .box_w = 20, .box_h = 19, .ofs_x = 0, .ofs_y = -2},
    {.bitmap_index = 6578, .adv_w = 320, .box_w = 20, .box_h = 15, .ofs_x = 0, .ofs_y = 0},
    {.bitmap_index = 6728, .adv_w = 220, .box_w = 14, .box_h = 15, .ofs_x = 0, .ofs_y = 0},
    {.bitmap_index = 6833, .adv_w = 320, .box_w = 20, .box_h = 21, .ofs_x = 0, .ofs_y = -3},
    {.bitmap_index = 7043, .adv_w = 320, .box_w = 20, .box_h = 21, .ofs_x = 0, .ofs_y = -3},
    {.bitmap_index = 7253, .adv_w = 360, .box_w = 23, .box_h = 19, .ofs_x = 0, .ofs_y = -2},
    {.bitmap_index = 7472, .adv_w = 320, .box_w = 20, .box_h = 21, .ofs_x = 0, .ofs_y = -3},
    {.bitmap_index = 7682, .adv_w = 360, .box_w = 23, .box_h = 15, .ofs_x = 0, .ofs_y = 0},
    {.bitmap_index = 7855, .adv_w = 320, .box_w = 20, .box_h = 21, .ofs_x = 0, .ofs_y = -3},
    {.bitmap_index = 8065, .adv_w = 160, .box_w = 10, .box_h = 16, .ofs_x = 0, .ofs_y = 0},
    {.bitmap_index = 8145, .adv_w = 240, .box_w = 15, .box_h = 16, .ofs_x = 0, .ofs_y = -1},
    {.bitmap_index = 8265, .adv_w = 360, .box_w = 23, .box_h = 19, .ofs_x = 0, .ofs_y = -2},
    {.bitmap_index = 8484, .adv_w = 320, .box_w = 20, .box_h = 15, .ofs_x = 0, .ofs_y = 0},
    {.bitmap_index = 8634, .adv_w = 220, .box_w = 14, .box_h = 21, .ofs_x = 0, .ofs_y = -3},
    {.bitmap_index = 8781, .adv_w = 280, .box_w = 13, .box_h = 19, .ofs_x = 2, .ofs_y = -2},
    {.bitmap_index = 8905, .adv_w = 280, .box_w = 18, .box_h = 21, .ofs_x = 0, .ofs_y = -3},
    {.bitmap_index = 9094, .adv_w = 280, .box_w = 18, .box_h = 19, .ofs_x = 0, .ofs_y = -2},
    {.bitmap_index = 9265, .adv_w = 280, .box_w = 18, .box_h = 19, .ofs_x = 0, .ofs_y = -2},
    {.bitmap_index = 9436, .adv_w = 280, .box_w = 13, .box_h = 19, .ofs_x = 2, .ofs_y = -2},
    {.bitmap_index = 9560, .adv_w = 280, .box_w = 19, .box_h = 19, .ofs_x = -1, .ofs_y = -2},
    {.bitmap_index = 9741, .adv_w = 200, .box_w = 11, .box_h = 19, .ofs_x = 1, .ofs_y = -2},
    {.bitmap_index = 9846, .adv_w = 200, .box_w = 11, .box_h = 19, .ofs_x = 1, .ofs_y = -2},
    {.bitmap_index = 9951, .adv_w = 280, .box_w = 18, .box_h = 19, .ofs_x = 0, .ofs_y = -2},
    {.bitmap_index = 10122, .adv_w = 280, .box_w = 18, .box_h = 5, .ofs_x = 0, .ofs_y = 5},
    {.bitmap_index = 10167, .adv_w = 360, .box_w = 23, .box_h = 15, .ofs_x = 0, .ofs_y = 0},
    {.bitmap_index = 10340, .adv_w = 400, .box_w = 26, .box_h = 21, .ofs_x = -1, .ofs_y = -3},
    {.bitmap_index = 10613, .adv_w = 360, .box_w = 24, .box_h = 21, .ofs_x = -1, .ofs_y = -3},
    {.bitmap_index = 10865, .adv_w = 320, .box_w = 20, .box_h = 19, .ofs_x = 0, .ofs_y = -2},
    {.bitmap_index = 11055, .adv_w = 280, .box_w = 18, .box_h = 11, .ofs_x = 0, .ofs_y = 2},
    {.bitmap_index = 11154, .adv_w = 280, .box_w = 18, .box_h = 11, .ofs_x = 0, .ofs_y = 2},
    {.bitmap_index = 11253, .adv_w = 400, .box_w = 26, .box_h = 16, .ofs_x = 0, .ofs_y = -1},
    {.bitmap_index = 11461, .adv_w = 320, .box_w = 20, .box_h = 15, .ofs_x = 0, .ofs_y = 0},
    {.bitmap_index = 11611, .adv_w = 320, .box_w = 20, .box_h = 21, .ofs_x = 0, .ofs_y = -3},
    {.bitmap_index = 11821, .adv_w = 320, .box_w = 21, .box_h = 21, .ofs_x = -1, .ofs_y = -3},
    {.bitmap_index = 12042, .adv_w = 280, .box_w = 18, .box_h = 19, .ofs_x = 0, .ofs_y = -2},
    {.bitmap_index = 12213, .adv_w = 280, .box_w = 18, .box_h = 21, .ofs_x = 0, .ofs_y = -3},
    {.bitmap_index = 12402, .adv_w = 280, .box_w = 18, .box_h = 19, .ofs_x = 0, .ofs_y = -2},
    {.bitmap_index = 12573, .adv_w = 280, .box_w = 18, .box_h = 17, .ofs_x = 0, .ofs_y = -1},
    {.bitmap_index = 12726, .adv_w = 320, .box_w = 20, .box_h = 15, .ofs_x = 0, .ofs_y = 0},
    {.bitmap_index = 12876, .adv_w = 200, .box_w = 14, .box_h = 21, .ofs_x = -1, .ofs_y = -3},
    {.bitmap_index = 13023, .adv_w = 280, .box_w = 18, .box_h = 21, .ofs_x = 0, .ofs_y = -3},
    {.bitmap_index = 13212, .adv_w = 280, .box_w = 18, .box_h = 21, .ofs_x = 0, .ofs_y = -3},
    {.bitmap_index = 13401, .adv_w = 360, .box_w = 23, .box_h = 15, .ofs_x = 0, .ofs_y = 0},
    {.bitmap_index = 13574, .adv_w = 320, .box_w = 22, .box_h = 21, .ofs_x = -1, .ofs_y = -3},
    {.bitmap_index = 13805, .adv_w = 240, .box_w = 15, .box_h = 21, .ofs_x = 0, .ofs_y = -3},
    {.bitmap_index = 13963, .adv_w = 400, .box_w = 25, .box_h = 19, .ofs_x = 0, .ofs_y = -2},
    {.bitmap_index = 14201, .adv_w = 400, .box_w = 25, .box_h = 13, .ofs_x = 0, .ofs_y = 1},
    {.bitmap_index = 14364, .adv_w = 400, .box_w = 25, .box_h = 13, .ofs_x = 0, .ofs_y = 1},
    {.bitmap_index = 14527, .adv_w = 400, .box_w = 25, .box_h = 13, .ofs_x = 0, .ofs_y = 1},
    {.bitmap_index = 14690, .adv_w = 400, .box_w = 25, .box_h = 13, .ofs_x = 0, .ofs_y = 1},
    {.bitmap_index = 14853, .adv_w = 400, .box_w = 25, .box_h = 13, .ofs_x = 0, .ofs_y = 1},
    {.bitmap_index = 15016, .adv_w = 400, .box_w = 26, .box_h = 17, .ofs_x = 0, .ofs_y = -1},
    {.bitmap_index = 15237, .adv_w = 280, .box_w = 16, .box_h = 21, .ofs_x = 1, .ofs_y = -3},
    {.bitmap_index = 15405, .adv_w = 280, .box_w = 18, .box_h = 21, .ofs_x = 0, .ofs_y = -3},
    {.bitmap_index = 15594, .adv_w = 320, .box_w = 21, .box_h = 21, .ofs_x = -1, .ofs_y = -3},
    {.bitmap_index = 15815, .adv_w = 400, .box_w = 25, .box_h = 15, .ofs_x = 0, .ofs_y = 0},
    {.bitmap_index = 16003, .adv_w = 240, .box_w = 15, .box_h = 21, .ofs_x = 0, .ofs_y = -3},
    {.bitmap_index = 16161, .adv_w = 322, .box_w = 21, .box_h = 13, .ofs_x = 0, .ofs_y = 1}
};

/*---------------------
 *  CHARACTER MAPPING
 *--------------------*/

static const uint16_t unicode_list_1[] = {
    0x0, 0x7, 0xa, 0xb, 0xc, 0x10, 0x12, 0x14,
    0x18, 0x1b, 0x20, 0x25, 0x26, 0x27, 0x3d, 0x42,
    0x47, 0x4a, 0x4b, 0x4c, 0x50, 0x51, 0x52, 0x53,
    0x66, 0x67, 0x6d, 0x6f, 0x70, 0x73, 0x76, 0x77,
    0x78, 0x7a, 0x92, 0x94, 0xc3, 0xc4, 0xc6, 0xc8,
    0xdf, 0xe6, 0xe9, 0xf2, 0x11b, 0x123, 0x15a, 0x1ea,
    0x23f, 0x240, 0x241, 0x242, 0x243, 0x286, 0x292, 0x2ec,
    0x303, 0x559, 0x7c1, 0x8a1
};

/*Collect the unicode lists and glyph_id offsets*/
static const lv_font_fmt_txt_cmap_t cmaps[] =
{
    {
        .range_start = 32, .range_length = 95, .glyph_id_start = 1,
        .unicode_list = NULL, .glyph_id_ofs_list = NULL, .list_length = 0, .type = LV_FONT_FMT_TXT_CMAP_FORMAT0_TINY
    },
    {
        .range_start = 61441, .range_length = 2210, .glyph_id_start = 96,
        .unicode_list = unicode_list_1, .glyph_id_ofs_list = NULL, .list_length = 60, .type = LV_FONT_FMT_TXT_CMAP_SPARSE_TINY
    }
};



/*--------------------
 *  ALL CUSTOM DATA
 *--------------------*/

#if LVGL_VERSION_MAJOR == 8
/*Store all the custom data of the font*/
static  lv_font_fmt_txt_glyph_cache_t cache;
#endif

#if LVGL_VERSION_MAJOR >= 8
static const lv_font_fmt_txt_dsc_t font_dsc = {
#else
static lv_font_fmt_txt_dsc_t font_dsc = {
#endif
    .glyph_bitmap = glyph_bitmap,
    .glyph_dsc = glyph_dsc,
    .cmaps = cmaps,
    .kern_dsc = NULL,
    .kern_scale = 0,
    .cmap_num = 2,
    .bpp = 4,
    .kern_classes = 0,
    .bitmap_format = 0,
#if LVGL_VERSION_MAJOR == 8
    .cache = &cache
#endif
};



/*-----------------
 *  PUBLIC FONT
 *----------------*/

/*Initialize a public general font descriptor*/
#if LVGL_VERSION_MAJOR >= 8
const lv_font_t lv_font_NotoSans_Regular_20 = {
#else
lv_font_t lv_font_NotoSans_Regular_20 = {
#endif
    .get_glyph_dsc = lv_font_get_glyph_dsc_fmt_txt,    /*Function pointer to get glyph's data*/
    .get_glyph_bitmap = lv_font_get_bitmap_fmt_txt,    /*Function pointer to get glyph's bitmap*/
    .line_height = 20,          /*The maximum line height required by the font*/
    .base_line = 3,             /*Baseline measured from the bottom of the line*/
#if !(LVGL_VERSION_MAJOR == 6 && LVGL_VERSION_MINOR == 0)
    .subpx = LV_FONT_SUBPX_NONE,
#endif
#if LV_VERSION_CHECK(7, 4, 0) || LVGL_VERSION_MAJOR >= 8
    .underline_position = -2,
    .underline_thickness = 1,
#endif
    .dsc = &font_dsc,          /*The custom font data. Will be accessed by `get_glyph_bitmap/dsc` */
#if LV_VERSION_CHECK(8, 2, 0) || LVGL_VERSION_MAJOR >= 9
    .fallback = NULL,
#endif
    .user_data = NULL,
};



#endif /*#if LV_FONT_NOTOSANS_REGULAR_20*/

