/*******************************************************************************
 * Size: 27 px
 * Bpp: 4
 * Opts: undefined
 ******************************************************************************/

#ifdef LV_LVGL_H_INCLUDE_SIMPLE
#include "lvgl.h"
#else
#include "lvgl.h"
#endif

#ifndef LV_FONT_NOTOSANS_BOLD_27
#define LV_FONT_NOTOSANS_BOLD_27 1
#endif

#if LV_FONT_NOTOSANS_BOLD_27

/*-----------------
 *    BITMAPS
 *----------------*/

/*Store the image of the glyphs*/
static LV_ATTRIBUTE_LARGE_CONST const uint8_t glyph_bitmap[] = {
    /* U+0020 " " */

    /* U+0021 "!" */
    0x6f, 0xff, 0xf2, 0x5f, 0xff, 0xf1, 0x4f, 0xff,
    0xf0, 0x3f, 0xff, 0xf0, 0x2f, 0xff, 0xe0, 0x1f,
    0xff, 0xd0, 0x1f, 0xff, 0xd0, 0xf, 0xff, 0xc0,
    0xf, 0xff, 0xb0, 0xe, 0xff, 0xa0, 0xd, 0xff,
    0x90, 0xc, 0xff, 0x80, 0xa, 0xdd, 0x60, 0x0,
    0x0, 0x0, 0x2, 0x66, 0x0, 0x2f, 0xff, 0xc0,
    0x6f, 0xff, 0xf1, 0x5f, 0xff, 0xf0, 0x9, 0xfe,
    0x50,

    /* U+0022 "\"" */
    0x3f, 0xff, 0x60, 0xaf, 0xff, 0x2f, 0xff, 0x50,
    0x9f, 0xfe, 0xf, 0xff, 0x30, 0x7f, 0xfc, 0xf,
    0xff, 0x20, 0x6f, 0xfb, 0xe, 0xff, 0x10, 0x5f,
    0xfa, 0xd, 0xff, 0x0, 0x4f, 0xf9, 0xb, 0xfe,
    0x0, 0x2f, 0xf7,

    /* U+0023 "#" */
    0x0, 0x0, 0x0, 0xbf, 0xf2, 0x3, 0xff, 0x90,
    0x0, 0x0, 0x0, 0xe, 0xff, 0x0, 0x6f, 0xf6,
    0x0, 0x0, 0x0, 0x1, 0xff, 0xc0, 0x9, 0xff,
    0x30, 0x0, 0x0, 0x0, 0x4f, 0xf9, 0x0, 0xdf,
    0xf0, 0x0, 0x0, 0x0, 0x8, 0xff, 0x60, 0xf,
    0xfd, 0x0, 0x0, 0x5c, 0xcc, 0xef, 0xfd, 0xcc,
    0xff, 0xec, 0xca, 0x7, 0xff, 0xff, 0xff, 0xff,
    0xff, 0xff, 0xff, 0xd0, 0x7f, 0xff, 0xff, 0xff,
    0xff, 0xff, 0xff, 0xfd, 0x0, 0x0, 0x3f, 0xf9,
    0x0, 0xcf, 0xf1, 0x0, 0x0, 0x0, 0x7, 0xff,
    0x60, 0xf, 0xfd, 0x0, 0x0, 0x0, 0x0, 0xaf,
    0xf3, 0x3, 0xff, 0xa0, 0x0, 0x6, 0xff, 0xff,
    0xff, 0xff, 0xff, 0xff, 0xff, 0xf0, 0x6f, 0xff,
    0xff, 0xff, 0xff, 0xff, 0xff, 0xff, 0x4, 0xbb,
    0xcf, 0xfe, 0xbb, 0xff, 0xfb, 0xbb, 0xa0, 0x0,
    0x6, 0xff, 0x70, 0xf, 0xfe, 0x0, 0x0, 0x0,
    0x0, 0x9f, 0xf4, 0x3, 0xff, 0xa0, 0x0, 0x0,
    0x0, 0xc, 0xff, 0x10, 0x6f, 0xf7, 0x0, 0x0,
    0x0, 0x0, 0xff, 0xe0, 0x9, 0xff, 0x40, 0x0,
    0x0, 0x0, 0x2f, 0xfb, 0x0, 0xcf, 0xf1, 0x0,
    0x0, 0x0,

    /* U+0024 "$" */
    0x0, 0x0, 0x2, 0xfa, 0x0, 0x0, 0x0, 0x0,
    0x0, 0x2, 0xfa, 0x0, 0x0, 0x0, 0x0, 0x18,
    0xcf, 0xff, 0xfd, 0xb7, 0x10, 0x5, 0xff, 0xff,
    0xff, 0xff, 0xff, 0xe0, 0x3f, 0xff, 0xff, 0xff,
    0xff, 0xff, 0x80, 0xaf, 0xff, 0xc6, 0xfb, 0x47,
    0xbf, 0x20, 0xdf, 0xff, 0x22, 0xfa, 0x0, 0x0,
    0x0, 0xbf, 0xff, 0x93, 0xfa, 0x0, 0x0, 0x0,
    0x6f, 0xff, 0xfe, 0xfa, 0x0, 0x0, 0x0, 0xb,
    0xff, 0xff, 0xff, 0xa4, 0x0, 0x0, 0x0, 0x7f,
    0xff, 0xff, 0xff, 0xc2, 0x0, 0x0, 0x1, 0x7e,
    0xff, 0xff, 0xff, 0x40, 0x0, 0x0, 0x2, 0xfe,
    0xff, 0xff, 0xe0, 0x0, 0x0, 0x2, 0xfa, 0x3e,
    0xff, 0xf4, 0x30, 0x0, 0x2, 0xfa, 0xa, 0xff,
    0xf5, 0xde, 0x95, 0x13, 0xfa, 0x5f, 0xff, 0xf3,
    0xdf, 0xff, 0xff, 0xff, 0xff, 0xff, 0xc0, 0xdf,
    0xff, 0xff, 0xff, 0xff, 0xfc, 0x10, 0x27, 0xce,
    0xff, 0xff, 0xfb, 0x50, 0x0, 0x0, 0x0, 0x3,
    0xfa, 0x0, 0x0, 0x0, 0x0, 0x0, 0x2, 0xfa,
    0x0, 0x0, 0x0, 0x0, 0x0, 0x2, 0xfa, 0x0,
    0x0, 0x0, 0x0, 0x0, 0x0, 0x0, 0x0, 0x0,
    0x0,

    /* U+0025 "%" */
    0x0, 0x2a, 0xef, 0xd8, 0x0, 0x0, 0x0, 0x6,
    0xff, 0xc0, 0x0, 0x0, 0x1, 0xef, 0xff, 0xff,
    0xb0, 0x0, 0x0, 0xe, 0xff, 0x30, 0x0, 0x0,
    0x9, 0xff, 0xfd, 0xff, 0xf5, 0x0, 0x0, 0x8f,
    0xfa, 0x0, 0x0, 0x0, 0xe, 0xff, 0x80, 0xbf,
    0xfb, 0x0, 0x1, 0xff, 0xf1, 0x0, 0x0, 0x0,
    0x1f, 0xff, 0x30, 0x6f, 0xfe, 0x0, 0xa, 0xff,
    0x80, 0x0, 0x0, 0x0, 0x2f, 0xff, 0x20, 0x5f,
    0xff, 0x0, 0x3f, 0xfe, 0x0, 0x0, 0x0, 0x0,
    0x2f, 0xff, 0x30, 0x5f, 0xff, 0x0, 0xcf, 0xf6,
    0x0, 0x0, 0x0, 0x0, 0xf, 0xff, 0x40, 0x7f,
    0xfd, 0x5, 0xff, 0xd0, 0x28, 0xbb, 0x70, 0x0,
    0xd, 0xff, 0xa1, 0xdf, 0xfa, 0xd, 0xff, 0x45,
    0xff, 0xff, 0xfe, 0x10, 0x6, 0xff, 0xff, 0xff,
    0xf4, 0x7f, 0xfb, 0xe, 0xff, 0xff, 0xff, 0xb0,
    0x0, 0xaf, 0xff, 0xff, 0x81, 0xef, 0xf2, 0x5f,
    0xff, 0x36, 0xff, 0xf2, 0x0, 0x5, 0xab, 0x94,
    0x9, 0xff, 0x90, 0x8f, 0xfc, 0x0, 0xff, 0xf5,
    0x0, 0x0, 0x0, 0x0, 0x2f, 0xff, 0x10, 0xaf,
    0xfb, 0x0, 0xdf, 0xf7, 0x0, 0x0, 0x0, 0x0,
    0xbf, 0xf7, 0x0, 0xaf, 0xfa, 0x0, 0xdf, 0xf7,
    0x0, 0x0, 0x0, 0x4, 0xff, 0xd0, 0x0, 0x9f,
    0xfb, 0x0, 0xef, 0xf6, 0x0, 0x0, 0x0, 0xd,
    0xff, 0x50, 0x0, 0x6f, 0xfe, 0x1, 0xff, 0xf3,
    0x0, 0x0, 0x0, 0x6f, 0xfc, 0x0, 0x0, 0x1f,
    0xff, 0xac, 0xff, 0xe0, 0x0, 0x0, 0x0, 0xef,
    0xf3, 0x0, 0x0, 0x6, 0xff, 0xff, 0xff, 0x40,
    0x0, 0x0, 0x8, 0xff, 0xa0, 0x0, 0x0, 0x0,
    0x5c, 0xff, 0xb4, 0x0,

    /* U+0026 "&" */
    0x0, 0x1, 0x7c, 0xff, 0xeb, 0x50, 0x0, 0x0,
    0x0, 0x0, 0x0, 0x2e, 0xff, 0xff, 0xff, 0xfb,
    0x0, 0x0, 0x0, 0x0, 0x0, 0xdf, 0xff, 0xff,
    0xff, 0xff, 0x60, 0x0, 0x0, 0x0, 0x2, 0xff,
    0xfd, 0x42, 0x8f, 0xff, 0xb0, 0x0, 0x0, 0x0,
    0x3, 0xff, 0xf7, 0x0, 0xf, 0xff, 0xa0, 0x0,
    0x0, 0x0, 0x1, 0xff, 0xfb, 0x0, 0x5f, 0xff,
    0x60, 0x0, 0x0, 0x0, 0x0, 0xbf, 0xff, 0x68,
    0xff, 0xfd, 0x0, 0x0, 0x0, 0x0, 0x0, 0x2f,
    0xff, 0xff, 0xff, 0xd2, 0x0, 0x0, 0x0, 0x0,
    0x0, 0xb, 0xff, 0xff, 0xf9, 0x10, 0x0, 0x45,
    0x55, 0x20, 0x2, 0xdf, 0xff, 0xff, 0xf7, 0x0,
    0x0, 0xff, 0xff, 0x30, 0x1e, 0xff, 0xfe, 0xff,
    0xff, 0x80, 0x5, 0xff, 0xfd, 0x0, 0x7f, 0xff,
    0xe2, 0x3e, 0xff, 0xf9, 0xd, 0xff, 0xf6, 0x0,
    0xcf, 0xff, 0x70, 0x3, 0xef, 0xff, 0xdf, 0xff,
    0xd0, 0x0, 0xef, 0xff, 0x60, 0x0, 0x2e, 0xff,
    0xff, 0xff, 0x40, 0x0, 0xdf, 0xff, 0xc0, 0x0,
    0x2, 0xef, 0xff, 0xf9, 0x0, 0x0, 0x9f, 0xff,
    0xfd, 0x76, 0x8c, 0xff, 0xff, 0xfc, 0x0, 0x0,
    0x1e, 0xff, 0xff, 0xff, 0xff, 0xff, 0xff, 0xff,
    0xc0, 0x0, 0x2, 0xdf, 0xff, 0xff, 0xff, 0xff,
    0x9f, 0xff, 0xfc, 0x0, 0x0, 0x6, 0xbe, 0xff,
    0xeb, 0x71, 0x3, 0xff, 0xff, 0xb0,

    /* U+0027 "'" */
    0x3f, 0xff, 0x62, 0xff, 0xf5, 0xf, 0xff, 0x30,
    0xff, 0xf2, 0xe, 0xff, 0x10, 0xdf, 0xf0, 0xb,
    0xfe, 0x0,

    /* U+0028 "(" */
    0x0, 0x4, 0xff, 0xf1, 0x0, 0x1e, 0xff, 0x60,
    0x0, 0xaf, 0xfc, 0x0, 0x1, 0xff, 0xf5, 0x0,
    0x8, 0xff, 0xe0, 0x0, 0xe, 0xff, 0x90, 0x0,
    0x3f, 0xff, 0x50, 0x0, 0x7f, 0xff, 0x10, 0x0,
    0xaf, 0xfd, 0x0, 0x0, 0xcf, 0xfc, 0x0, 0x0,
    0xdf, 0xfb, 0x0, 0x0, 0xef, 0xf9, 0x0, 0x0,
    0xef, 0xfa, 0x0, 0x0, 0xdf, 0xfb, 0x0, 0x0,
    0xcf, 0xfc, 0x0, 0x0, 0x9f, 0xff, 0x0, 0x0,
    0x6f, 0xff, 0x30, 0x0, 0x2f, 0xff, 0x60, 0x0,
    0xc, 0xff, 0xb0, 0x0, 0x5, 0xff, 0xf2, 0x0,
    0x0, 0xef, 0xf8, 0x0, 0x0, 0x5f, 0xff, 0x10,
    0x0, 0xa, 0xff, 0xb0, 0x0, 0x1, 0x88, 0x81,

    /* U+0029 ")" */
    0xd, 0xff, 0x60, 0x0, 0x0, 0x4f, 0xff, 0x20,
    0x0, 0x0, 0xaf, 0xfc, 0x0, 0x0, 0x3, 0xff,
    0xf3, 0x0, 0x0, 0xd, 0xff, 0xa0, 0x0, 0x0,
    0x7f, 0xff, 0x10, 0x0, 0x2, 0xff, 0xf5, 0x0,
    0x0, 0xf, 0xff, 0x90, 0x0, 0x0, 0xbf, 0xfc,
    0x0, 0x0, 0x9, 0xff, 0xe0, 0x0, 0x0, 0x8f,
    0xff, 0x0, 0x0, 0x7, 0xff, 0xf0, 0x0, 0x0,
    0x7f, 0xff, 0x0, 0x0, 0x9, 0xff, 0xf0, 0x0,
    0x0, 0xaf, 0xfe, 0x0, 0x0, 0xc, 0xff, 0xb0,
    0x0, 0x0, 0xff, 0xf8, 0x0, 0x0, 0x4f, 0xff,
    0x40, 0x0, 0x9, 0xff, 0xe0, 0x0, 0x0, 0xff,
    0xf8, 0x0, 0x0, 0x6f, 0xff, 0x10, 0x0, 0xe,
    0xff, 0x80, 0x0, 0x8, 0xff, 0xc0, 0x0, 0x0,
    0x78, 0x82, 0x0, 0x0,

    /* U+002A "*" */
    0x0, 0x0, 0x5, 0xff, 0xf0, 0x0, 0x0, 0x0,
    0x0, 0x3, 0xff, 0xe0, 0x0, 0x0, 0x0, 0x0,
    0x1, 0xff, 0xc0, 0x0, 0x0, 0x4, 0x20, 0x0,
    0xff, 0xa0, 0x0, 0x33, 0xd, 0xfe, 0x94, 0xef,
    0xa6, 0xaf, 0xf9, 0xf, 0xff, 0xff, 0xff, 0xff,
    0xff, 0xfb, 0x1d, 0xff, 0xff, 0xff, 0xff, 0xff,
    0xfd, 0x0, 0x0, 0x2f, 0xff, 0xfc, 0x0, 0x0,
    0x0, 0x0, 0xbf, 0xfe, 0xff, 0x70, 0x0, 0x0,
    0x7, 0xff, 0xd3, 0xff, 0xf3, 0x0, 0x0, 0x3f,
    0xff, 0x60, 0xbf, 0xfd, 0x0, 0x0, 0x2a, 0xfe,
    0x0, 0x3f, 0xf8, 0x0, 0x0, 0x0, 0x25, 0x0,
    0x6, 0x10, 0x0,

    /* U+002B "+" */
    0x0, 0x0, 0x1, 0x11, 0x0, 0x0, 0x0, 0x0,
    0x0, 0xb, 0xff, 0x20, 0x0, 0x0, 0x0, 0x0,
    0xb, 0xff, 0x20, 0x0, 0x0, 0x0, 0x0, 0xb,
    0xff, 0x20, 0x0, 0x0, 0x0, 0x0, 0xb, 0xff,
    0x20, 0x0, 0x0, 0x0, 0x0, 0xb, 0xff, 0x20,
    0x0, 0x0, 0xdf, 0xff, 0xff, 0xff, 0xff, 0xff,
    0xf4, 0xdf, 0xff, 0xff, 0xff, 0xff, 0xff, 0xf4,
    0xbe, 0xee, 0xef, 0xff, 0xee, 0xee, 0xe3, 0x0,
    0x0, 0xb, 0xff, 0x20, 0x0, 0x0, 0x0, 0x0,
    0xb, 0xff, 0x20, 0x0, 0x0, 0x0, 0x0, 0xb,
    0xff, 0x20, 0x0, 0x0, 0x0, 0x0, 0xb, 0xff,
    0x20, 0x0, 0x0, 0x0, 0x0, 0xb, 0xff, 0x20,
    0x0, 0x0,

    /* U+002C "," */
    0x0, 0x9a, 0xa9, 0x0, 0xf, 0xff, 0xc0, 0x3,
    0xff, 0xf7, 0x0, 0x6f, 0xff, 0x20, 0x9, 0xff,
    0xc0, 0x0, 0xdf, 0xf5, 0x0, 0x1f, 0xfe, 0x0,
    0x0,

    /* U+002D "-" */
    0x4, 0x44, 0x44, 0x44, 0x3f, 0xff, 0xff, 0xfe,
    0x3f, 0xff, 0xff, 0xfe, 0x3f, 0xff, 0xff, 0xfe,

    /* U+002E "." */
    0x2, 0x66, 0x0, 0x2f, 0xff, 0xc0, 0x6f, 0xff,
    0xf1, 0x5f, 0xff, 0xf0, 0x9, 0xfe, 0x50,

    /* U+002F "/" */
    0x0, 0x0, 0x0, 0xd, 0xff, 0xd0, 0x0, 0x0,
    0x0, 0x3f, 0xff, 0x70, 0x0, 0x0, 0x0, 0x9f,
    0xff, 0x10, 0x0, 0x0, 0x0, 0xef, 0xfb, 0x0,
    0x0, 0x0, 0x5, 0xff, 0xf5, 0x0, 0x0, 0x0,
    0xb, 0xff, 0xe0, 0x0, 0x0, 0x0, 0x1f, 0xff,
    0x80, 0x0, 0x0, 0x0, 0x7f, 0xff, 0x20, 0x0,
    0x0, 0x0, 0xdf, 0xfc, 0x0, 0x0, 0x0, 0x3,
    0xff, 0xf6, 0x0, 0x0, 0x0, 0x9, 0xff, 0xf1,
    0x0, 0x0, 0x0, 0xf, 0xff, 0xa0, 0x0, 0x0,
    0x0, 0x5f, 0xff, 0x40, 0x0, 0x0, 0x0, 0xbf,
    0xfe, 0x0, 0x0, 0x0, 0x1, 0xff, 0xf8, 0x0,
    0x0, 0x0, 0x7, 0xff, 0xf2, 0x0, 0x0, 0x0,
    0xd, 0xff, 0xc0, 0x0, 0x0, 0x0, 0x3f, 0xff,
    0x60, 0x0, 0x0, 0x0, 0xaf, 0xff, 0x10, 0x0,
    0x0, 0x0,

    /* U+0030 "0" */
    0x0, 0x0, 0x4a, 0xef, 0xec, 0x60, 0x0, 0x0,
    0x0, 0x9f, 0xff, 0xff, 0xff, 0xc1, 0x0, 0x0,
    0x7f, 0xff, 0xff, 0xff, 0xff, 0xb0, 0x0, 0x1f,
    0xff, 0xfb, 0x57, 0xff, 0xff, 0x50, 0x6, 0xff,
    0xfc, 0x0, 0x6, 0xff, 0xfb, 0x0, 0xaf, 0xff,
    0x60, 0x0, 0xf, 0xff, 0xf0, 0xd, 0xff, 0xf3,
    0x0, 0x0, 0xcf, 0xff, 0x30, 0xff, 0xff, 0x10,
    0x0, 0xb, 0xff, 0xf5, 0xf, 0xff, 0xf0, 0x0,
    0x0, 0xaf, 0xff, 0x60, 0xff, 0xff, 0x0, 0x0,
    0x9, 0xff, 0xf7, 0xf, 0xff, 0xf0, 0x0, 0x0,
    0xaf, 0xff, 0x60, 0xef, 0xff, 0x10, 0x0, 0xb,
    0xff, 0xf5, 0xc, 0xff, 0xf3, 0x0, 0x0, 0xcf,
    0xff, 0x30, 0x9f, 0xff, 0x60, 0x0, 0xf, 0xff,
    0xf1, 0x5, 0xff, 0xfc, 0x0, 0x6, 0xff, 0xfc,
    0x0, 0xe, 0xff, 0xfa, 0x57, 0xff, 0xff, 0x60,
    0x0, 0x6f, 0xff, 0xff, 0xff, 0xff, 0xd0, 0x0,
    0x0, 0x8f, 0xff, 0xff, 0xff, 0xd2, 0x0, 0x0,
    0x0, 0x3a, 0xef, 0xec, 0x70, 0x0, 0x0,

    /* U+0031 "1" */
    0x0, 0x0, 0x1, 0xbf, 0xff, 0x20, 0x0, 0x3,
    0xef, 0xff, 0xf2, 0x0, 0x6, 0xff, 0xff, 0xff,
    0x20, 0x9, 0xff, 0xff, 0xff, 0xf2, 0x1c, 0xff,
    0xfd, 0xef, 0xff, 0x20, 0xdf, 0xfb, 0x1d, 0xff,
    0xf2, 0x2, 0xe8, 0x0, 0xef, 0xff, 0x20, 0x1,
    0x0, 0xe, 0xff, 0xf2, 0x0, 0x0, 0x0, 0xef,
    0xff, 0x20, 0x0, 0x0, 0xe, 0xff, 0xf2, 0x0,
    0x0, 0x0, 0xef, 0xff, 0x20, 0x0, 0x0, 0xe,
    0xff, 0xf2, 0x0, 0x0, 0x0, 0xef, 0xff, 0x20,
    0x0, 0x0, 0xe, 0xff, 0xf2, 0x0, 0x0, 0x0,
    0xef, 0xff, 0x20, 0x0, 0x0, 0xe, 0xff, 0xf2,
    0x0, 0x0, 0x0, 0xef, 0xff, 0x20, 0x0, 0x0,
    0xe, 0xff, 0xf2, 0x0, 0x0, 0x0, 0xef, 0xff,
    0x20,

    /* U+0032 "2" */
    0x0, 0x5, 0xbe, 0xff, 0xd8, 0x20, 0x0, 0x6,
    0xef, 0xff, 0xff, 0xff, 0xf6, 0x0, 0x9f, 0xff,
    0xff, 0xff, 0xff, 0xff, 0x30, 0x5f, 0xff, 0xd8,
    0x68, 0xff, 0xff, 0xb0, 0x6, 0xf6, 0x0, 0x0,
    0x5f, 0xff, 0xe0, 0x0, 0x10, 0x0, 0x0, 0x1f,
    0xff, 0xf0, 0x0, 0x0, 0x0, 0x0, 0x2f, 0xff,
    0xd0, 0x0, 0x0, 0x0, 0x0, 0x9f, 0xff, 0x80,
    0x0, 0x0, 0x0, 0x4, 0xff, 0xfe, 0x10, 0x0,
    0x0, 0x0, 0x3f, 0xff, 0xf5, 0x0, 0x0, 0x0,
    0x2, 0xef, 0xff, 0x70, 0x0, 0x0, 0x0, 0x3e,
    0xff, 0xf7, 0x0, 0x0, 0x0, 0x3, 0xef, 0xff,
    0x70, 0x0, 0x0, 0x0, 0x3f, 0xff, 0xf5, 0x0,
    0x0, 0x0, 0x3, 0xff, 0xff, 0x40, 0x0, 0x0,
    0x0, 0x4f, 0xff, 0xfb, 0x88, 0x88, 0x88, 0x84,
    0xef, 0xff, 0xff, 0xff, 0xff, 0xff, 0xf9, 0xef,
    0xff, 0xff, 0xff, 0xff, 0xff, 0xf9, 0xef, 0xff,
    0xff, 0xff, 0xff, 0xff, 0xf9,

    /* U+0033 "3" */
    0x0, 0x5a, 0xdf, 0xff, 0xc9, 0x30, 0x0, 0x5e,
    0xff, 0xff, 0xff, 0xff, 0xf9, 0x0, 0x7f, 0xff,
    0xff, 0xff, 0xff, 0xff, 0x60, 0xb, 0xfb, 0x85,
    0x58, 0xef, 0xff, 0xb0, 0x1, 0x20, 0x0, 0x0,
    0x5f, 0xff, 0xc0, 0x0, 0x0, 0x0, 0x0, 0x4f,
    0xff, 0x80, 0x0, 0x0, 0x0, 0x26, 0xef, 0xfd,
    0x10, 0x0, 0xf, 0xff, 0xff, 0xff, 0x90, 0x0,
    0x0, 0xf, 0xff, 0xff, 0xf7, 0x20, 0x0, 0x0,
    0xf, 0xff, 0xff, 0xff, 0xfa, 0x0, 0x0, 0x1,
    0x12, 0x48, 0xff, 0xff, 0xa0, 0x0, 0x0, 0x0,
    0x0, 0x3f, 0xff, 0xf2, 0x0, 0x0, 0x0, 0x0,
    0xf, 0xff, 0xf5, 0x0, 0x0, 0x0, 0x0, 0xf,
    0xff, 0xf5, 0x50, 0x0, 0x0, 0x0, 0x7f, 0xff,
    0xf2, 0xff, 0xa6, 0x43, 0x5a, 0xff, 0xff, 0xd0,
    0xff, 0xff, 0xff, 0xff, 0xff, 0xff, 0x30, 0xff,
    0xff, 0xff, 0xff, 0xff, 0xe4, 0x0, 0x27, 0xbd,
    0xff, 0xfd, 0xa6, 0x0, 0x0,

    /* U+0034 "4" */
    0x0, 0x0, 0x0, 0x0, 0x7f, 0xff, 0xa0, 0x0,
    0x0, 0x0, 0x0, 0x2f, 0xff, 0xfa, 0x0, 0x0,
    0x0, 0x0, 0xc, 0xff, 0xff, 0xa0, 0x0, 0x0,
    0x0, 0x8, 0xff, 0xff, 0xfa, 0x0, 0x0, 0x0,
    0x3, 0xff, 0xdf, 0xff, 0xa0, 0x0, 0x0, 0x0,
    0xdf, 0xf5, 0xff, 0xfa, 0x0, 0x0, 0x0, 0x9f,
    0xf9, 0x4f, 0xff, 0xa0, 0x0, 0x0, 0x4f, 0xfd,
    0x4, 0xff, 0xfa, 0x0, 0x0, 0x1e, 0xff, 0x40,
    0x4f, 0xff, 0xa0, 0x0, 0xa, 0xff, 0x90, 0x5,
    0xff, 0xfa, 0x0, 0x6, 0xff, 0xe0, 0x0, 0x5f,
    0xff, 0xa0, 0x2, 0xff, 0xf6, 0x22, 0x26, 0xff,
    0xfb, 0x22, 0x8f, 0xff, 0xff, 0xff, 0xff, 0xff,
    0xff, 0xf8, 0xff, 0xff, 0xff, 0xff, 0xff, 0xff,
    0xff, 0x8f, 0xff, 0xff, 0xff, 0xff, 0xff, 0xff,
    0xf0, 0x0, 0x0, 0x0, 0x5, 0xff, 0xfa, 0x0,
    0x0, 0x0, 0x0, 0x0, 0x5f, 0xff, 0xa0, 0x0,
    0x0, 0x0, 0x0, 0x5, 0xff, 0xfa, 0x0, 0x0,
    0x0, 0x0, 0x0, 0x5f, 0xff, 0xa0, 0x0,

    /* U+0035 "5" */
    0x9, 0xff, 0xff, 0xff, 0xff, 0xfe, 0x0, 0xb,
    0xff, 0xff, 0xff, 0xff, 0xfe, 0x0, 0xc, 0xff,
    0xff, 0xff, 0xff, 0xfe, 0x0, 0xd, 0xff, 0xf7,
    0x77, 0x77, 0x76, 0x0, 0xe, 0xff, 0xe0, 0x0,
    0x0, 0x0, 0x0, 0xf, 0xff, 0xc0, 0x0, 0x0,
    0x0, 0x0, 0x1f, 0xff, 0xb2, 0x43, 0x20, 0x0,
    0x0, 0x2f, 0xff, 0xff, 0xff, 0xfe, 0x70, 0x0,
    0x3f, 0xff, 0xff, 0xff, 0xff, 0xfb, 0x0, 0x2e,
    0xff, 0xff, 0xff, 0xff, 0xff, 0x70, 0x0, 0x52,
    0x10, 0x26, 0xef, 0xff, 0xe0, 0x0, 0x0, 0x0,
    0x0, 0x4f, 0xff, 0xf1, 0x0, 0x0, 0x0, 0x0,
    0xf, 0xff, 0xf2, 0x0, 0x0, 0x0, 0x0, 0xf,
    0xff, 0xf1, 0x30, 0x0, 0x0, 0x0, 0x7f, 0xff,
    0xe0, 0xbf, 0xb8, 0x55, 0x6b, 0xff, 0xff, 0x80,
    0xbf, 0xff, 0xff, 0xff, 0xff, 0xfd, 0x10, 0xaf,
    0xff, 0xff, 0xff, 0xff, 0xc1, 0x0, 0x16, 0xbd,
    0xff, 0xfd, 0xa4, 0x0, 0x0,

    /* U+0036 "6" */
    0x0, 0x0, 0x0, 0x59, 0xde, 0xff, 0xe2, 0x0,
    0x0, 0x4, 0xdf, 0xff, 0xff, 0xff, 0x30, 0x0,
    0x6, 0xff, 0xff, 0xff, 0xff, 0xf3, 0x0, 0x3,
    0xff, 0xff, 0xb7, 0x43, 0x35, 0x10, 0x0, 0xcf,
    0xff, 0x40, 0x0, 0x0, 0x0, 0x0, 0x3f, 0xff,
    0x60, 0x0, 0x0, 0x0, 0x0, 0x8, 0xff, 0xf0,
    0x5c, 0xff, 0xd7, 0x0, 0x0, 0xbf, 0xfc, 0x8f,
    0xff, 0xff, 0xfd, 0x10, 0xe, 0xff, 0xff, 0xff,
    0xff, 0xff, 0xfa, 0x0, 0xff, 0xff, 0xf9, 0x33,
    0x9f, 0xff, 0xf2, 0xf, 0xff, 0xf7, 0x0, 0x0,
    0xcf, 0xff, 0x60, 0xff, 0xff, 0x10, 0x0, 0x7,
    0xff, 0xf8, 0xe, 0xff, 0xf1, 0x0, 0x0, 0x6f,
    0xff, 0x80, 0xcf, 0xff, 0x40, 0x0, 0x8, 0xff,
    0xf7, 0x7, 0xff, 0xfc, 0x0, 0x0, 0xef, 0xff,
    0x40, 0x1f, 0xff, 0xfb, 0x45, 0xcf, 0xff, 0xe0,
    0x0, 0x6f, 0xff, 0xff, 0xff, 0xff, 0xf5, 0x0,
    0x0, 0x6f, 0xff, 0xff, 0xff, 0xf6, 0x0, 0x0,
    0x0, 0x28, 0xdf, 0xfd, 0x92, 0x0, 0x0,

    /* U+0037 "7" */
    0x4f, 0xff, 0xff, 0xff, 0xff, 0xff, 0xff, 0x94,
    0xff, 0xff, 0xff, 0xff, 0xff, 0xff, 0xf9, 0x4f,
    0xff, 0xff, 0xff, 0xff, 0xff, 0xff, 0x81, 0x66,
    0x66, 0x66, 0x66, 0x6f, 0xff, 0xf2, 0x0, 0x0,
    0x0, 0x0, 0x4, 0xff, 0xfb, 0x0, 0x0, 0x0,
    0x0, 0x0, 0xbf, 0xff, 0x40, 0x0, 0x0, 0x0,
    0x0, 0x3f, 0xff, 0xc0, 0x0, 0x0, 0x0, 0x0,
    0xa, 0xff, 0xf5, 0x0, 0x0, 0x0, 0x0, 0x2,
    0xff, 0xfe, 0x0, 0x0, 0x0, 0x0, 0x0, 0x9f,
    0xff, 0x70, 0x0, 0x0, 0x0, 0x0, 0x1f, 0xff,
    0xf1, 0x0, 0x0, 0x0, 0x0, 0x8, 0xff, 0xf9,
    0x0, 0x0, 0x0, 0x0, 0x0, 0xef, 0xff, 0x20,
    0x0, 0x0, 0x0, 0x0, 0x7f, 0xff, 0xb0, 0x0,
    0x0, 0x0, 0x0, 0xe, 0xff, 0xf4, 0x0, 0x0,
    0x0, 0x0, 0x6, 0xff, 0xfd, 0x0, 0x0, 0x0,
    0x0, 0x0, 0xdf, 0xff, 0x50, 0x0, 0x0, 0x0,
    0x0, 0x4f, 0xff, 0xe0, 0x0, 0x0, 0x0, 0x0,
    0xc, 0xff, 0xf7, 0x0, 0x0, 0x0, 0x0,

    /* U+0038 "8" */
    0x0, 0x0, 0x6b, 0xef, 0xfd, 0x92, 0x0, 0x0,
    0x2, 0xdf, 0xff, 0xff, 0xff, 0xf7, 0x0, 0x0,
    0xdf, 0xff, 0xff, 0xff, 0xff, 0xf5, 0x0, 0x5f,
    0xff, 0xe3, 0x1, 0xaf, 0xff, 0xb0, 0x6, 0xff,
    0xf7, 0x0, 0x0, 0xff, 0xfd, 0x0, 0x4f, 0xff,
    0x80, 0x0, 0x1f, 0xff, 0xb0, 0x0, 0xef, 0xff,
    0x50, 0x1c, 0xff, 0xf5, 0x0, 0x4, 0xff, 0xff,
    0xcf, 0xff, 0xf9, 0x0, 0x0, 0x4, 0xef, 0xff,
    0xff, 0xe6, 0x0, 0x0, 0x0, 0x4d, 0xff, 0xff,
    0xfe, 0x60, 0x0, 0x0, 0x7f, 0xff, 0xfc, 0xff,
    0xff, 0xa0, 0x0, 0x4f, 0xff, 0xe3, 0x3, 0xdf,
    0xff, 0x90, 0xc, 0xff, 0xf2, 0x0, 0x0, 0xdf,
    0xff, 0x20, 0xff, 0xfc, 0x0, 0x0, 0x6, 0xff,
    0xf6, 0xf, 0xff, 0xe0, 0x0, 0x0, 0x7f, 0xff,
    0x60, 0xdf, 0xff, 0xa2, 0x1, 0x6f, 0xff, 0xf2,
    0x5, 0xff, 0xff, 0xff, 0xff, 0xff, 0xfa, 0x0,
    0x7, 0xff, 0xff, 0xff, 0xff, 0xfa, 0x0, 0x0,
    0x2, 0x8c, 0xef, 0xfd, 0x93, 0x0, 0x0,

    /* U+0039 "9" */
    0x0, 0x0, 0x7c, 0xef, 0xdb, 0x40, 0x0, 0x0,
    0x3, 0xef, 0xff, 0xff, 0xff, 0xb1, 0x0, 0x1,
    0xef, 0xff, 0xff, 0xff, 0xff, 0xc0, 0x0, 0x9f,
    0xff, 0xe7, 0x58, 0xff, 0xff, 0x60, 0xe, 0xff,
    0xf4, 0x0, 0x4, 0xff, 0xfd, 0x1, 0xff, 0xfe,
    0x0, 0x0, 0xc, 0xff, 0xf2, 0x1f, 0xff, 0xd0,
    0x0, 0x0, 0xaf, 0xff, 0x50, 0xff, 0xff, 0x10,
    0x0, 0xe, 0xff, 0xf6, 0xc, 0xff, 0xfc, 0x42,
    0x5d, 0xff, 0xff, 0x70, 0x5f, 0xff, 0xff, 0xff,
    0xff, 0xff, 0xf6, 0x0, 0x9f, 0xff, 0xff, 0xfe,
    0x7f, 0xff, 0x50, 0x0, 0x5b, 0xff, 0xe9, 0x18,
    0xff, 0xf2, 0x0, 0x0, 0x0, 0x0, 0x0, 0xcf,
    0xff, 0x0, 0x0, 0x0, 0x0, 0x0, 0x3f, 0xff,
    0xa0, 0x0, 0x0, 0x0, 0x0, 0x3e, 0xff, 0xf3,
    0x0, 0x4, 0x33, 0x35, 0xaf, 0xff, 0xf9, 0x0,
    0x0, 0xcf, 0xff, 0xff, 0xff, 0xfc, 0x0, 0x0,
    0xc, 0xff, 0xff, 0xff, 0xf9, 0x0, 0x0, 0x0,
    0xaf, 0xff, 0xeb, 0x71, 0x0, 0x0, 0x0,

    /* U+003A ":" */
    0xa, 0xfe, 0x60, 0x5f, 0xff, 0xf0, 0x6f, 0xff,
    0xf1, 0x2f, 0xff, 0xc0, 0x2, 0x66, 0x0, 0x0,
    0x0, 0x0, 0x0, 0x0, 0x0, 0x0, 0x0, 0x0,
    0x0, 0x0, 0x0, 0x0, 0x0, 0x0, 0x2, 0x66,
    0x0, 0x2f, 0xff, 0xc0, 0x6f, 0xff, 0xf1, 0x5f,
    0xff, 0xf0, 0x9, 0xfe, 0x50,

    /* U+003B ";" */
    0x0, 0xaf, 0xe6, 0x0, 0x5f, 0xff, 0xf0, 0x6,
    0xff, 0xff, 0x10, 0x2f, 0xff, 0xc0, 0x0, 0x26,
    0x60, 0x0, 0x0, 0x0, 0x0, 0x0, 0x0, 0x0,
    0x0, 0x0, 0x0, 0x0, 0x0, 0x0, 0x0, 0x0,
    0x0, 0x0, 0x0, 0x0, 0x0, 0x0, 0x0, 0x0,
    0x0, 0x0, 0x0, 0xef, 0xfe, 0x0, 0x1f, 0xff,
    0xa0, 0x4, 0xff, 0xf5, 0x0, 0x7f, 0xff, 0x0,
    0xb, 0xff, 0x90, 0x0, 0xef, 0xf3, 0x0, 0x1a,
    0xa8, 0x0, 0x0,

    /* U+003C "<" */
    0x0, 0x0, 0x0, 0x0, 0x0, 0x0, 0x73, 0x0,
    0x0, 0x0, 0x0, 0x0, 0x7e, 0xf4, 0x0, 0x0,
    0x0, 0x0, 0x7e, 0xff, 0xf4, 0x0, 0x0, 0x0,
    0x7e, 0xff, 0xff, 0xa1, 0x0, 0x0, 0x7e, 0xff,
    0xff, 0x92, 0x0, 0x0, 0x7e, 0xff, 0xfe, 0x81,
    0x0, 0x0, 0x7e, 0xff, 0xfe, 0x60, 0x0, 0x0,
    0x0, 0xdf, 0xff, 0xb1, 0x0, 0x0, 0x0, 0x0,
    0xaf, 0xff, 0xff, 0x92, 0x0, 0x0, 0x0, 0x2,
    0x9f, 0xff, 0xff, 0xc5, 0x0, 0x0, 0x0, 0x1,
    0x7e, 0xff, 0xff, 0xe8, 0x20, 0x0, 0x0, 0x0,
    0x5c, 0xff, 0xff, 0xf3, 0x0, 0x0, 0x0, 0x0,
    0x3a, 0xff, 0xf4, 0x0, 0x0, 0x0, 0x0, 0x0,
    0x28, 0xf4, 0x0, 0x0, 0x0, 0x0, 0x0, 0x0,
    0x1,

    /* U+003D "=" */
    0xdf, 0xff, 0xff, 0xff, 0xff, 0xff, 0xf4, 0xdf,
    0xff, 0xff, 0xff, 0xff, 0xff, 0xf4, 0xbd, 0xdd,
    0xdd, 0xdd, 0xdd, 0xdd, 0xd3, 0x0, 0x0, 0x0,
    0x0, 0x0, 0x0, 0x0, 0x0, 0x0, 0x0, 0x0,
    0x0, 0x0, 0x0, 0xce, 0xee, 0xee, 0xee, 0xee,
    0xee, 0xe3, 0xdf, 0xff, 0xff, 0xff, 0xff, 0xff,
    0xf4, 0xdf, 0xff, 0xff, 0xff, 0xff, 0xff, 0xf4,

    /* U+003E ">" */
    0x83, 0x0, 0x0, 0x0, 0x0, 0x0, 0x0, 0xdf,
    0xb3, 0x0, 0x0, 0x0, 0x0, 0x0, 0xdf, 0xff,
    0xb3, 0x0, 0x0, 0x0, 0x0, 0x6e, 0xff, 0xff,
    0xb3, 0x0, 0x0, 0x0, 0x0, 0x6d, 0xff, 0xff,
    0xb3, 0x0, 0x0, 0x0, 0x0, 0x5c, 0xff, 0xff,
    0xb3, 0x0, 0x0, 0x0, 0x0, 0x3b, 0xff, 0xff,
    0xb1, 0x0, 0x0, 0x0, 0x0, 0x6f, 0xff, 0xf4,
    0x0, 0x0, 0x0, 0x6d, 0xff, 0xff, 0xe2, 0x0,
    0x3, 0x9f, 0xff, 0xff, 0xc5, 0x0, 0x6, 0xcf,
    0xff, 0xff, 0xa3, 0x0, 0x0, 0xcf, 0xff, 0xfe,
    0x81, 0x0, 0x0, 0x0, 0xdf, 0xfd, 0x60, 0x0,
    0x0, 0x0, 0x0, 0xdb, 0x40, 0x0, 0x0, 0x0,
    0x0, 0x0, 0x10, 0x0, 0x0, 0x0, 0x0, 0x0,
    0x0,

    /* U+003F "?" */
    0x1, 0x6a, 0xdf, 0xfe, 0xb6, 0x0, 0x8, 0xff,
    0xff, 0xff, 0xff, 0xfc, 0x10, 0x7f, 0xff, 0xff,
    0xff, 0xff, 0xfb, 0x0, 0xef, 0xa6, 0x44, 0x8f,
    0xff, 0xf1, 0x3, 0x10, 0x0, 0x0, 0xaf, 0xff,
    0x30, 0x0, 0x0, 0x0, 0xb, 0xff, 0xf1, 0x0,
    0x0, 0x0, 0x6, 0xff, 0xfc, 0x0, 0x0, 0x0,
    0x9, 0xff, 0xfe, 0x20, 0x0, 0x0, 0x1c, 0xff,
    0xfc, 0x20, 0x0, 0x0, 0xc, 0xff, 0xf9, 0x0,
    0x0, 0x0, 0x3, 0xff, 0xf8, 0x0, 0x0, 0x0,
    0x0, 0x5f, 0xff, 0x20, 0x0, 0x0, 0x0, 0x2,
    0x66, 0x60, 0x0, 0x0, 0x0, 0x0, 0x0, 0x0,
    0x0, 0x0, 0x0, 0x0, 0x0, 0x47, 0x40, 0x0,
    0x0, 0x0, 0x0, 0x6f, 0xff, 0x70, 0x0, 0x0,
    0x0, 0xb, 0xff, 0xfc, 0x0, 0x0, 0x0, 0x0,
    0xaf, 0xff, 0xa0, 0x0, 0x0, 0x0, 0x2, 0xcf,
    0xc2, 0x0, 0x0, 0x0,

    /* U+0040 "@" */
    0x0, 0x0, 0x0, 0x4, 0x9c, 0xef, 0xfe, 0xb7,
    0x20, 0x0, 0x0, 0x0, 0x0, 0x5, 0xdf, 0xff,
    0xff, 0xff, 0xff, 0xfa, 0x10, 0x0, 0x0, 0x0,
    0xaf, 0xff, 0xfb, 0x97, 0x8a, 0xdf, 0xff, 0xe3,
    0x0, 0x0, 0xc, 0xff, 0xf7, 0x0, 0x0, 0x0,
    0x3, 0xdf, 0xfe, 0x20, 0x0, 0x9f, 0xfd, 0x20,
    0x4a, 0xef, 0xfd, 0xb8, 0x2b, 0xff, 0xb0, 0x4,
    0xff, 0xe1, 0xa, 0xff, 0xff, 0xff, 0xff, 0x61,
    0xef, 0xf3, 0xb, 0xff, 0x50, 0x9f, 0xff, 0xa6,
    0x6d, 0xff, 0x50, 0x7f, 0xf8, 0x1f, 0xfd, 0x2,
    0xff, 0xf4, 0x0, 0xa, 0xff, 0x40, 0x3f, 0xfc,
    0x6f, 0xf8, 0x7, 0xff, 0xb0, 0x0, 0xb, 0xff,
    0x40, 0x1f, 0xfd, 0x8f, 0xf5, 0xa, 0xff, 0x70,
    0x0, 0xc, 0xff, 0x30, 0xf, 0xfd, 0xaf, 0xf4,
    0xa, 0xff, 0x60, 0x0, 0xf, 0xff, 0x20, 0x2f,
    0xfb, 0x9f, 0xf4, 0x8, 0xff, 0x90, 0x0, 0x3f,
    0xff, 0x20, 0x6f, 0xf7, 0x8f, 0xf6, 0x4, 0xff,
    0xf5, 0x3, 0xdf, 0xff, 0x71, 0xdf, 0xf2, 0x6f,
    0xfa, 0x0, 0xbf, 0xff, 0xff, 0xff, 0xef, 0xff,
    0xff, 0x80, 0x1f, 0xff, 0x10, 0xa, 0xff, 0xff,
    0xd3, 0x4f, 0xff, 0xf8, 0x0, 0xb, 0xff, 0xa0,
    0x0, 0x15, 0x63, 0x0, 0x1, 0x55, 0x10, 0x0,
    0x2, 0xff, 0xf9, 0x0, 0x0, 0x0, 0x0, 0x0,
    0x0, 0x0, 0x0, 0x0, 0x5f, 0xff, 0xe8, 0x41,
    0x0, 0x13, 0x7b, 0xf3, 0x0, 0x0, 0x0, 0x4,
    0xef, 0xff, 0xff, 0xff, 0xff, 0xff, 0xf3, 0x0,
    0x0, 0x0, 0x0, 0x7, 0xdf, 0xff, 0xff, 0xff,
    0xfe, 0x91, 0x0, 0x0, 0x0, 0x0, 0x0, 0x1,
    0x46, 0x77, 0x64, 0x20, 0x0, 0x0, 0x0,

    /* U+0041 "A" */
    0x0, 0x0, 0x0, 0x6f, 0xff, 0xff, 0x0, 0x0,
    0x0, 0x0, 0x0, 0x0, 0xb, 0xff, 0xff, 0xf5,
    0x0, 0x0, 0x0, 0x0, 0x0, 0x1, 0xff, 0xff,
    0xff, 0xb0, 0x0, 0x0, 0x0, 0x0, 0x0, 0x7f,
    0xff, 0xaf, 0xff, 0x10, 0x0, 0x0, 0x0, 0x0,
    0xd, 0xff, 0xd3, 0xff, 0xf6, 0x0, 0x0, 0x0,
    0x0, 0x2, 0xff, 0xf8, 0xe, 0xff, 0xc0, 0x0,
    0x0, 0x0, 0x0, 0x8f, 0xff, 0x40, 0x9f, 0xff,
    0x20, 0x0, 0x0, 0x0, 0xe, 0xff, 0xe0, 0x4,
    0xff, 0xf7, 0x0, 0x0, 0x0, 0x3, 0xff, 0xf9,
    0x0, 0xe, 0xff, 0xd0, 0x0, 0x0, 0x0, 0x9f,
    0xff, 0x40, 0x0, 0x9f, 0xff, 0x30, 0x0, 0x0,
    0xe, 0xff, 0xf0, 0x0, 0x4, 0xff, 0xf9, 0x0,
    0x0, 0x5, 0xff, 0xff, 0xff, 0xff, 0xff, 0xff,
    0xe0, 0x0, 0x0, 0xaf, 0xff, 0xff, 0xff, 0xff,
    0xff, 0xff, 0x40, 0x0, 0x1f, 0xff, 0xff, 0xff,
    0xff, 0xff, 0xff, 0xfa, 0x0, 0x6, 0xff, 0xfd,
    0x66, 0x66, 0x66, 0x7f, 0xff, 0xf0, 0x0, 0xcf,
    0xff, 0x70, 0x0, 0x0, 0x0, 0xdf, 0xff, 0x50,
    0x1f, 0xff, 0xf2, 0x0, 0x0, 0x0, 0x8, 0xff,
    0xfb, 0x7, 0xff, 0xfd, 0x0, 0x0, 0x0, 0x0,
    0x3f, 0xff, 0xf1, 0xdf, 0xff, 0x80, 0x0, 0x0,
    0x0, 0x0, 0xef, 0xff, 0x70,

    /* U+0042 "B" */
    0x9f, 0xff, 0xff, 0xff, 0xec, 0x94, 0x0, 0x9,
    0xff, 0xff, 0xff, 0xff, 0xff, 0xfc, 0x10, 0x9f,
    0xff, 0xff, 0xff, 0xff, 0xff, 0xfb, 0x9, 0xff,
    0xfa, 0x55, 0x68, 0xef, 0xff, 0xf1, 0x9f, 0xff,
    0x80, 0x0, 0x2, 0xff, 0xff, 0x39, 0xff, 0xf8,
    0x0, 0x0, 0xf, 0xff, 0xf1, 0x9f, 0xff, 0x80,
    0x0, 0x2a, 0xff, 0xfc, 0x9, 0xff, 0xff, 0xff,
    0xff, 0xff, 0xfe, 0x20, 0x9f, 0xff, 0xff, 0xff,
    0xff, 0xfb, 0x10, 0x9, 0xff, 0xff, 0xff, 0xff,
    0xff, 0xff, 0x50, 0x9f, 0xff, 0xa3, 0x34, 0x6d,
    0xff, 0xff, 0x19, 0xff, 0xf8, 0x0, 0x0, 0xd,
    0xff, 0xf7, 0x9f, 0xff, 0x80, 0x0, 0x0, 0x9f,
    0xff, 0xa9, 0xff, 0xf8, 0x0, 0x0, 0xa, 0xff,
    0xfa, 0x9f, 0xff, 0x80, 0x0, 0x1, 0xef, 0xff,
    0x99, 0xff, 0xfb, 0x66, 0x68, 0xef, 0xff, 0xf4,
    0x9f, 0xff, 0xff, 0xff, 0xff, 0xff, 0xfb, 0x9,
    0xff, 0xff, 0xff, 0xff, 0xff, 0xfa, 0x0, 0x9f,
    0xff, 0xff, 0xff, 0xfd, 0x93, 0x0, 0x0,

    /* U+0043 "C" */
    0x0, 0x0, 0x2, 0x8c, 0xef, 0xfd, 0xa5, 0x0,
    0x0, 0x1, 0xaf, 0xff, 0xff, 0xff, 0xff, 0xe1,
    0x0, 0x1d, 0xff, 0xff, 0xff, 0xff, 0xff, 0xc0,
    0x0, 0xbf, 0xff, 0xfd, 0x86, 0x7b, 0xff, 0x60,
    0x5, 0xff, 0xff, 0x90, 0x0, 0x0, 0x16, 0x0,
    0xc, 0xff, 0xfb, 0x0, 0x0, 0x0, 0x0, 0x0,
    0x1f, 0xff, 0xf4, 0x0, 0x0, 0x0, 0x0, 0x0,
    0x4f, 0xff, 0xf0, 0x0, 0x0, 0x0, 0x0, 0x0,
    0x6f, 0xff, 0xd0, 0x0, 0x0, 0x0, 0x0, 0x0,
    0x6f, 0xff, 0xc0, 0x0, 0x0, 0x0, 0x0, 0x0,
    0x6f, 0xff, 0xd0, 0x0, 0x0, 0x0, 0x0, 0x0,
    0x4f, 0xff, 0xf0, 0x0, 0x0, 0x0, 0x0, 0x0,
    0x1f, 0xff, 0xf3, 0x0, 0x0, 0x0, 0x0, 0x0,
    0xe, 0xff, 0xfa, 0x0, 0x0, 0x0, 0x0, 0x0,
    0x7, 0xff, 0xff, 0x70, 0x0, 0x0, 0x1, 0x20,
    0x1, 0xef, 0xff, 0xfc, 0x86, 0x79, 0xdf, 0x80,
    0x0, 0x3f, 0xff, 0xff, 0xff, 0xff, 0xff, 0x80,
    0x0, 0x3, 0xdf, 0xff, 0xff, 0xff, 0xff, 0x80,
    0x0, 0x0, 0x5, 0xad, 0xff, 0xec, 0x95, 0x0,

    /* U+0044 "D" */
    0x9f, 0xff, 0xff, 0xfe, 0xda, 0x61, 0x0, 0x0,
    0x9, 0xff, 0xff, 0xff, 0xff, 0xff, 0xf8, 0x0,
    0x0, 0x9f, 0xff, 0xff, 0xff, 0xff, 0xff, 0xfc,
    0x0, 0x9, 0xff, 0xfa, 0x55, 0x69, 0xef, 0xff,
    0xfa, 0x0, 0x9f, 0xff, 0x80, 0x0, 0x0, 0x9f,
    0xff, 0xf4, 0x9, 0xff, 0xf8, 0x0, 0x0, 0x0,
    0xcf, 0xff, 0xc0, 0x9f, 0xff, 0x80, 0x0, 0x0,
    0x4, 0xff, 0xff, 0x19, 0xff, 0xf8, 0x0, 0x0,
    0x0, 0xf, 0xff, 0xf4, 0x9f, 0xff, 0x80, 0x0,
    0x0, 0x0, 0xef, 0xff, 0x59, 0xff, 0xf8, 0x0,
    0x0, 0x0, 0xd, 0xff, 0xf6, 0x9f, 0xff, 0x80,
    0x0, 0x0, 0x0, 0xef, 0xff, 0x59, 0xff, 0xf8,
    0x0, 0x0, 0x0, 0x1f, 0xff, 0xf3, 0x9f, 0xff,
    0x80, 0x0, 0x0, 0x5, 0xff, 0xff, 0x9, 0xff,
    0xf8, 0x0, 0x0, 0x0, 0xdf, 0xff, 0xb0, 0x9f,
    0xff, 0x80, 0x0, 0x1, 0xbf, 0xff, 0xf3, 0x9,
    0xff, 0xfb, 0x66, 0x7a, 0xff, 0xff, 0xf8, 0x0,
    0x9f, 0xff, 0xff, 0xff, 0xff, 0xff, 0xfa, 0x0,
    0x9, 0xff, 0xff, 0xff, 0xff, 0xff, 0xe5, 0x0,
    0x0, 0x9f, 0xff, 0xff, 0xfe, 0xc9, 0x50, 0x0,
    0x0, 0x0,

    /* U+0045 "E" */
    0x9f, 0xff, 0xff, 0xff, 0xff, 0xf8, 0x9f, 0xff,
    0xff, 0xff, 0xff, 0xf8, 0x9f, 0xff, 0xff, 0xff,
    0xff, 0xf8, 0x9f, 0xff, 0xa5, 0x55, 0x55, 0x52,
    0x9f, 0xff, 0x80, 0x0, 0x0, 0x0, 0x9f, 0xff,
    0x80, 0x0, 0x0, 0x0, 0x9f, 0xff, 0x80, 0x0,
    0x0, 0x0, 0x9f, 0xff, 0xff, 0xff, 0xff, 0xf0,
    0x9f, 0xff, 0xff, 0xff, 0xff, 0xf0, 0x9f, 0xff,
    0xff, 0xff, 0xff, 0xf0, 0x9f, 0xff, 0xa5, 0x55,
    0x55, 0x50, 0x9f, 0xff, 0x80, 0x0, 0x0, 0x0,
    0x9f, 0xff, 0x80, 0x0, 0x0, 0x0, 0x9f, 0xff,
    0x80, 0x0, 0x0, 0x0, 0x9f, 0xff, 0x80, 0x0,
    0x0, 0x0, 0x9f, 0xff, 0xb6, 0x66, 0x66, 0x63,
    0x9f, 0xff, 0xff, 0xff, 0xff, 0xf8, 0x9f, 0xff,
    0xff, 0xff, 0xff, 0xf8, 0x9f, 0xff, 0xff, 0xff,
    0xff, 0xf8,

    /* U+0046 "F" */
    0x9f, 0xff, 0xff, 0xff, 0xff, 0xf7, 0x9f, 0xff,
    0xff, 0xff, 0xff, 0xf7, 0x9f, 0xff, 0xff, 0xff,
    0xff, 0xf7, 0x9f, 0xff, 0xa5, 0x55, 0x55, 0x52,
    0x9f, 0xff, 0x70, 0x0, 0x0, 0x0, 0x9f, 0xff,
    0x70, 0x0, 0x0, 0x0, 0x9f, 0xff, 0x70, 0x0,
    0x0, 0x0, 0x9f, 0xff, 0x70, 0x0, 0x0, 0x0,
    0x9f, 0xff, 0xff, 0xff, 0xff, 0xf0, 0x9f, 0xff,
    0xff, 0xff, 0xff, 0xf0, 0x9f, 0xff, 0xff, 0xff,
    0xff, 0xf0, 0x9f, 0xff, 0xa5, 0x55, 0x55, 0x50,
    0x9f, 0xff, 0x70, 0x0, 0x0, 0x0, 0x9f, 0xff,
    0x70, 0x0, 0x0, 0x0, 0x9f, 0xff, 0x70, 0x0,
    0x0, 0x0, 0x9f, 0xff, 0x70, 0x0, 0x0, 0x0,
    0x9f, 0xff, 0x70, 0x0, 0x0, 0x0, 0x9f, 0xff,
    0x70, 0x0, 0x0, 0x0, 0x9f, 0xff, 0x70, 0x0,
    0x0, 0x0,

    /* U+0047 "G" */
    0x0, 0x0, 0x0, 0x5a, 0xde, 0xff, 0xdb, 0x72,
    0x0, 0x0, 0x6, 0xef, 0xff, 0xff, 0xff, 0xff,
    0xf2, 0x0, 0xa, 0xff, 0xff, 0xff, 0xff, 0xff,
    0xfc, 0x0, 0x9, 0xff, 0xff, 0xfb, 0x76, 0x79,
    0xdf, 0x50, 0x4, 0xff, 0xff, 0xd3, 0x0, 0x0,
    0x0, 0x20, 0x0, 0xbf, 0xff, 0xe1, 0x0, 0x0,
    0x0, 0x0, 0x0, 0xf, 0xff, 0xf6, 0x0, 0x0,
    0x0, 0x0, 0x0, 0x4, 0xff, 0xff, 0x10, 0x0,
    0x0, 0x0, 0x0, 0x0, 0x5f, 0xff, 0xd0, 0x0,
    0x4f, 0xff, 0xff, 0xff, 0x66, 0xff, 0xfc, 0x0,
    0x4, 0xff, 0xff, 0xff, 0xf6, 0x5f, 0xff, 0xd0,
    0x0, 0x4f, 0xff, 0xff, 0xff, 0x64, 0xff, 0xff,
    0x0, 0x1, 0x66, 0x6c, 0xff, 0xf6, 0x1f, 0xff,
    0xf3, 0x0, 0x0, 0x0, 0x9f, 0xff, 0x60, 0xdf,
    0xff, 0xb0, 0x0, 0x0, 0x9, 0xff, 0xf6, 0x7,
    0xff, 0xff, 0x80, 0x0, 0x0, 0x9f, 0xff, 0x60,
    0xd, 0xff, 0xff, 0xd8, 0x67, 0x8d, 0xff, 0xf6,
    0x0, 0x3e, 0xff, 0xff, 0xff, 0xff, 0xff, 0xff,
    0x60, 0x0, 0x2c, 0xff, 0xff, 0xff, 0xff, 0xff,
    0xf6, 0x0, 0x0, 0x4, 0x9d, 0xef, 0xed, 0xca,
    0x62, 0x0,

    /* U+0048 "H" */
    0x9f, 0xff, 0x80, 0x0, 0x0, 0x0, 0xdf, 0xff,
    0x39, 0xff, 0xf8, 0x0, 0x0, 0x0, 0xd, 0xff,
    0xf3, 0x9f, 0xff, 0x80, 0x0, 0x0, 0x0, 0xdf,
    0xff, 0x39, 0xff, 0xf8, 0x0, 0x0, 0x0, 0xd,
    0xff, 0xf3, 0x9f, 0xff, 0x80, 0x0, 0x0, 0x0,
    0xdf, 0xff, 0x39, 0xff, 0xf8, 0x0, 0x0, 0x0,
    0xd, 0xff, 0xf3, 0x9f, 0xff, 0x80, 0x0, 0x0,
    0x0, 0xdf, 0xff, 0x39, 0xff, 0xff, 0xff, 0xff,
    0xff, 0xff, 0xff, 0xf3, 0x9f, 0xff, 0xff, 0xff,
    0xff, 0xff, 0xff, 0xff, 0x39, 0xff, 0xff, 0xff,
    0xff, 0xff, 0xff, 0xff, 0xf3, 0x9f, 0xff, 0xb6,
    0x66, 0x66, 0x66, 0xef, 0xff, 0x39, 0xff, 0xf8,
    0x0, 0x0, 0x0, 0xd, 0xff, 0xf3, 0x9f, 0xff,
    0x80, 0x0, 0x0, 0x0, 0xdf, 0xff, 0x39, 0xff,
    0xf8, 0x0, 0x0, 0x0, 0xd, 0xff, 0xf3, 0x9f,
    0xff, 0x80, 0x0, 0x0, 0x0, 0xdf, 0xff, 0x39,
    0xff, 0xf8, 0x0, 0x0, 0x0, 0xd, 0xff, 0xf3,
    0x9f, 0xff, 0x80, 0x0, 0x0, 0x0, 0xdf, 0xff,
    0x39, 0xff, 0xf8, 0x0, 0x0, 0x0, 0xd, 0xff,
    0xf3, 0x9f, 0xff, 0x80, 0x0, 0x0, 0x0, 0xdf,
    0xff, 0x30,

    /* U+0049 "I" */
    0x2f, 0xff, 0xff, 0xff, 0xfa, 0x2f, 0xff, 0xff,
    0xff, 0xfa, 0x9, 0xff, 0xff, 0xff, 0xc4, 0x0,
    0x1d, 0xff, 0xf6, 0x0, 0x0, 0xc, 0xff, 0xf4,
    0x0, 0x0, 0xc, 0xff, 0xf4, 0x0, 0x0, 0xc,
    0xff, 0xf4, 0x0, 0x0, 0xc, 0xff, 0xf4, 0x0,
    0x0, 0xc, 0xff, 0xf4, 0x0, 0x0, 0xc, 0xff,
    0xf4, 0x0, 0x0, 0xc, 0xff, 0xf4, 0x0, 0x0,
    0xc, 0xff, 0xf4, 0x0, 0x0, 0xc, 0xff, 0xf4,
    0x0, 0x0, 0xc, 0xff, 0xf4, 0x0, 0x0, 0xc,
    0xff, 0xf4, 0x0, 0x0, 0x1d, 0xff, 0xf6, 0x0,
    0x9, 0xff, 0xff, 0xff, 0xc4, 0x2f, 0xff, 0xff,
    0xff, 0xfa, 0x2f, 0xff, 0xff, 0xff, 0xfa,

    /* U+004A "J" */
    0x0, 0x0, 0x9f, 0xff, 0x80, 0x0, 0x9, 0xff,
    0xf8, 0x0, 0x0, 0x9f, 0xff, 0x80, 0x0, 0x9,
    0xff, 0xf8, 0x0, 0x0, 0x9f, 0xff, 0x80, 0x0,
    0x9, 0xff, 0xf8, 0x0, 0x0, 0x9f, 0xff, 0x80,
    0x0, 0x9, 0xff, 0xf8, 0x0, 0x0, 0x9f, 0xff,
    0x80, 0x0, 0x9, 0xff, 0xf8, 0x0, 0x0, 0x9f,
    0xff, 0x80, 0x0, 0x9, 0xff, 0xf8, 0x0, 0x0,
    0x9f, 0xff, 0x80, 0x0, 0x9, 0xff, 0xf8, 0x0,
    0x0, 0x9f, 0xff, 0x80, 0x0, 0x9, 0xff, 0xf8,
    0x0, 0x0, 0x9f, 0xff, 0x80, 0x0, 0x9, 0xff,
    0xf8, 0x0, 0x0, 0x9f, 0xff, 0x70, 0x0, 0xb,
    0xff, 0xf6, 0x0, 0x1, 0xff, 0xff, 0x39, 0x78,
    0xef, 0xff, 0xe0, 0xff, 0xff, 0xff, 0xf7, 0xf,
    0xff, 0xff, 0xfa, 0x0, 0xcf, 0xfe, 0xb5, 0x0,
    0x0,

    /* U+004B "K" */
    0x9f, 0xff, 0x80, 0x0, 0x0, 0x2e, 0xff, 0xf7,
    0x9f, 0xff, 0x80, 0x0, 0x0, 0xdf, 0xff, 0xa0,
    0x9f, 0xff, 0x80, 0x0, 0xa, 0xff, 0xfd, 0x0,
    0x9f, 0xff, 0x80, 0x0, 0x7f, 0xff, 0xe2, 0x0,
    0x9f, 0xff, 0x80, 0x4, 0xff, 0xff, 0x40, 0x0,
    0x9f, 0xff, 0x80, 0x2f, 0xff, 0xf7, 0x0, 0x0,
    0x9f, 0xff, 0x80, 0xdf, 0xff, 0xa0, 0x0, 0x0,
    0x9f, 0xff, 0x8a, 0xff, 0xfd, 0x0, 0x0, 0x0,
    0x9f, 0xff, 0xdf, 0xff, 0xf5, 0x0, 0x0, 0x0,
    0x9f, 0xff, 0xff, 0xff, 0xfd, 0x0, 0x0, 0x0,
    0x9f, 0xff, 0xff, 0xff, 0xff, 0x70, 0x0, 0x0,
    0x9f, 0xff, 0xf8, 0x7f, 0xff, 0xf2, 0x0, 0x0,
    0x9f, 0xff, 0x80, 0xc, 0xff, 0xfc, 0x0, 0x0,
    0x9f, 0xff, 0x80, 0x3, 0xff, 0xff, 0x60, 0x0,
    0x9f, 0xff, 0x80, 0x0, 0x8f, 0xff, 0xf1, 0x0,
    0x9f, 0xff, 0x80, 0x0, 0xe, 0xff, 0xfb, 0x0,
    0x9f, 0xff, 0x80, 0x0, 0x4, 0xff, 0xff, 0x50,
    0x9f, 0xff, 0x80, 0x0, 0x0, 0xaf, 0xff, 0xe1,
    0x9f, 0xff, 0x80, 0x0, 0x0, 0x1e, 0xff, 0xf9,

    /* U+004C "L" */
    0x9f, 0xff, 0x80, 0x0, 0x0, 0x0, 0x9, 0xff,
    0xf8, 0x0, 0x0, 0x0, 0x0, 0x9f, 0xff, 0x80,
    0x0, 0x0, 0x0, 0x9, 0xff, 0xf8, 0x0, 0x0,
    0x0, 0x0, 0x9f, 0xff, 0x80, 0x0, 0x0, 0x0,
    0x9, 0xff, 0xf8, 0x0, 0x0, 0x0, 0x0, 0x9f,
    0xff, 0x80, 0x0, 0x0, 0x0, 0x9, 0xff, 0xf8,
    0x0, 0x0, 0x0, 0x0, 0x9f, 0xff, 0x80, 0x0,
    0x0, 0x0, 0x9, 0xff, 0xf8, 0x0, 0x0, 0x0,
    0x0, 0x9f, 0xff, 0x80, 0x0, 0x0, 0x0, 0x9,
    0xff, 0xf8, 0x0, 0x0, 0x0, 0x0, 0x9f, 0xff,
    0x80, 0x0, 0x0, 0x0, 0x9, 0xff, 0xf8, 0x0,
    0x0, 0x0, 0x0, 0x9f, 0xff, 0x80, 0x0, 0x0,
    0x0, 0x9, 0xff, 0xfb, 0x66, 0x66, 0x66, 0x61,
    0x9f, 0xff, 0xff, 0xff, 0xff, 0xff, 0x59, 0xff,
    0xff, 0xff, 0xff, 0xff, 0xf5, 0x9f, 0xff, 0xff,
    0xff, 0xff, 0xff, 0x50,

    /* U+004D "M" */
    0x9f, 0xff, 0xff, 0x20, 0x0, 0x0, 0x0, 0xb,
    0xff, 0xff, 0xf0, 0x9f, 0xff, 0xff, 0x70, 0x0,
    0x0, 0x0, 0xf, 0xff, 0xff, 0xf0, 0x9f, 0xff,
    0xff, 0xc0, 0x0, 0x0, 0x0, 0x5f, 0xff, 0xff,
    0xf0, 0x9f, 0xff, 0xff, 0xf1, 0x0, 0x0, 0x0,
    0xbf, 0xff, 0xff, 0xf0, 0x9f, 0xfd, 0xef, 0xf6,
    0x0, 0x0, 0x0, 0xff, 0xfc, 0xff, 0xf0, 0x9f,
    0xfe, 0x9f, 0xfb, 0x0, 0x0, 0x5, 0xff, 0xda,
    0xff, 0xf0, 0x9f, 0xff, 0x4f, 0xff, 0x0, 0x0,
    0xb, 0xff, 0x8a, 0xff, 0xf0, 0x9f, 0xff, 0xf,
    0xff, 0x50, 0x0, 0xf, 0xff, 0x2b, 0xff, 0xf0,
    0x9f, 0xff, 0xa, 0xff, 0xa0, 0x0, 0x5f, 0xfd,
    0xc, 0xff, 0xf0, 0x9f, 0xff, 0x15, 0xff, 0xf0,
    0x0, 0xbf, 0xf8, 0xc, 0xff, 0xf0, 0x9f, 0xff,
    0x11, 0xff, 0xf4, 0x0, 0xff, 0xf2, 0xc, 0xff,
    0xf0, 0x9f, 0xff, 0x10, 0xbf, 0xf9, 0x5, 0xff,
    0xd0, 0xc, 0xff, 0xf0, 0x9f, 0xff, 0x10, 0x6f,
    0xfe, 0xb, 0xff, 0x70, 0xc, 0xff, 0xf0, 0x9f,
    0xff, 0x10, 0x1f, 0xff, 0x4f, 0xff, 0x20, 0xc,
    0xff, 0xf0, 0x9f, 0xff, 0x10, 0xc, 0xff, 0xdf,
    0xfd, 0x0, 0xc, 0xff, 0xf0, 0x9f, 0xff, 0x10,
    0x7, 0xff, 0xff, 0xf7, 0x0, 0xc, 0xff, 0xf0,
    0x9f, 0xff, 0x10, 0x3, 0xff, 0xff, 0xf2, 0x0,
    0xc, 0xff, 0xf0, 0x9f, 0xff, 0x10, 0x0, 0xdf,
    0xff, 0xd0, 0x0, 0xc, 0xff, 0xf0, 0x9f, 0xff,
    0x10, 0x0, 0x9f, 0xff, 0x70, 0x0, 0xc, 0xff,
    0xf0,

    /* U+004E "N" */
    0x9f, 0xff, 0xfd, 0x0, 0x0, 0x0, 0x2, 0xff,
    0xf8, 0x9f, 0xff, 0xff, 0x70, 0x0, 0x0, 0x2,
    0xff, 0xf8, 0x9f, 0xff, 0xff, 0xf1, 0x0, 0x0,
    0x2, 0xff, 0xf8, 0x9f, 0xff, 0xff, 0xfa, 0x0,
    0x0, 0x2, 0xff, 0xf8, 0x9f, 0xff, 0xff, 0xff,
    0x30, 0x0, 0x2, 0xff, 0xf8, 0x9f, 0xfe, 0x8f,
    0xff, 0xc0, 0x0, 0x2, 0xff, 0xf8, 0x9f, 0xff,
    0xe, 0xff, 0xf6, 0x0, 0x2, 0xff, 0xf8, 0x9f,
    0xff, 0x5, 0xff, 0xfe, 0x10, 0x2, 0xff, 0xf8,
    0x9f, 0xff, 0x0, 0xcf, 0xff, 0x90, 0x2, 0xff,
    0xf8, 0x9f, 0xff, 0x10, 0x3f, 0xff, 0xf2, 0x2,
    0xff, 0xf8, 0x9f, 0xff, 0x10, 0xa, 0xff, 0xfc,
    0x2, 0xff, 0xf8, 0x9f, 0xff, 0x10, 0x1, 0xff,
    0xff, 0x51, 0xff, 0xf8, 0x9f, 0xff, 0x10, 0x0,
    0x7f, 0xff, 0xe1, 0xff, 0xf8, 0x9f, 0xff, 0x10,
    0x0, 0xd, 0xff, 0xf8, 0xff, 0xf8, 0x9f, 0xff,
    0x10, 0x0, 0x4, 0xff, 0xff, 0xff, 0xf8, 0x9f,
    0xff, 0x10, 0x0, 0x0, 0xbf, 0xff, 0xff, 0xf8,
    0x9f, 0xff, 0x10, 0x0, 0x0, 0x2f, 0xff, 0xff,
    0xf8, 0x9f, 0xff, 0x10, 0x0, 0x0, 0x8, 0xff,
    0xff, 0xf8, 0x9f, 0xff, 0x10, 0x0, 0x0, 0x0,
    0xef, 0xff, 0xf8,

    /* U+004F "O" */
    0x0, 0x0, 0x3, 0x8c, 0xef, 0xfd, 0xa6, 0x0,
    0x0, 0x0, 0x0, 0x1b, 0xff, 0xff, 0xff, 0xff,
    0xfe, 0x60, 0x0, 0x0, 0x2e, 0xff, 0xff, 0xff,
    0xff, 0xff, 0xff, 0x80, 0x0, 0xd, 0xff, 0xff,
    0xd8, 0x67, 0xaf, 0xff, 0xff, 0x50, 0x6, 0xff,
    0xff, 0x90, 0x0, 0x0, 0x2e, 0xff, 0xfe, 0x0,
    0xdf, 0xff, 0xb0, 0x0, 0x0, 0x0, 0x3f, 0xff,
    0xf5, 0x1f, 0xff, 0xf4, 0x0, 0x0, 0x0, 0x0,
    0xcf, 0xff, 0x94, 0xff, 0xff, 0x0, 0x0, 0x0,
    0x0, 0x8, 0xff, 0xfc, 0x5f, 0xff, 0xe0, 0x0,
    0x0, 0x0, 0x0, 0x6f, 0xff, 0xd6, 0xff, 0xfd,
    0x0, 0x0, 0x0, 0x0, 0x6, 0xff, 0xfe, 0x5f,
    0xff, 0xe0, 0x0, 0x0, 0x0, 0x0, 0x6f, 0xff,
    0xd4, 0xff, 0xff, 0x0, 0x0, 0x0, 0x0, 0x8,
    0xff, 0xfc, 0x1f, 0xff, 0xf4, 0x0, 0x0, 0x0,
    0x0, 0xcf, 0xff, 0x90, 0xdf, 0xff, 0xb0, 0x0,
    0x0, 0x0, 0x3f, 0xff, 0xf5, 0x6, 0xff, 0xff,
    0x80, 0x0, 0x0, 0x2e, 0xff, 0xfe, 0x0, 0xd,
    0xff, 0xff, 0xd8, 0x77, 0xbf, 0xff, 0xff, 0x50,
    0x0, 0x2e, 0xff, 0xff, 0xff, 0xff, 0xff, 0xff,
    0x80, 0x0, 0x0, 0x1b, 0xff, 0xff, 0xff, 0xff,
    0xfe, 0x60, 0x0, 0x0, 0x0, 0x3, 0x8c, 0xef,
    0xfd, 0xa6, 0x0, 0x0, 0x0,

    /* U+0050 "P" */
    0x9f, 0xff, 0xff, 0xff, 0xda, 0x50, 0x0, 0x9f,
    0xff, 0xff, 0xff, 0xff, 0xfc, 0x10, 0x9f, 0xff,
    0xff, 0xff, 0xff, 0xff, 0xc0, 0x9f, 0xff, 0xa5,
    0x57, 0xdf, 0xff, 0xf5, 0x9f, 0xff, 0x80, 0x0,
    0xc, 0xff, 0xf9, 0x9f, 0xff, 0x80, 0x0, 0x7,
    0xff, 0xfb, 0x9f, 0xff, 0x80, 0x0, 0x8, 0xff,
    0xfa, 0x9f, 0xff, 0x80, 0x0, 0x1d, 0xff, 0xf8,
    0x9f, 0xff, 0xa5, 0x68, 0xef, 0xff, 0xf3, 0x9f,
    0xff, 0xff, 0xff, 0xff, 0xff, 0x90, 0x9f, 0xff,
    0xff, 0xff, 0xff, 0xf9, 0x0, 0x9f, 0xff, 0xff,
    0xfe, 0xc9, 0x20, 0x0, 0x9f, 0xff, 0x80, 0x0,
    0x0, 0x0, 0x0, 0x9f, 0xff, 0x80, 0x0, 0x0,
    0x0, 0x0, 0x9f, 0xff, 0x80, 0x0, 0x0, 0x0,
    0x0, 0x9f, 0xff, 0x80, 0x0, 0x0, 0x0, 0x0,
    0x9f, 0xff, 0x80, 0x0, 0x0, 0x0, 0x0, 0x9f,
    0xff, 0x80, 0x0, 0x0, 0x0, 0x0, 0x9f, 0xff,
    0x80, 0x0, 0x0, 0x0, 0x0,

    /* U+0051 "Q" */
    0x0, 0x0, 0x3, 0x8c, 0xef, 0xfd, 0xa6, 0x0,
    0x0, 0x0, 0x0, 0x1b, 0xff, 0xff, 0xff, 0xff,
    0xfe, 0x60, 0x0, 0x0, 0x2e, 0xff, 0xff, 0xff,
    0xff, 0xff, 0xff, 0x80, 0x0, 0xd, 0xff, 0xff,
    0xd8, 0x67, 0xaf, 0xff, 0xff, 0x50, 0x6, 0xff,
    0xff, 0x90, 0x0, 0x0, 0x2e, 0xff, 0xfe, 0x0,
    0xdf, 0xff, 0xb0, 0x0, 0x0, 0x0, 0x3f, 0xff,
    0xf5, 0x1f, 0xff, 0xf4, 0x0, 0x0, 0x0, 0x0,
    0xcf, 0xff, 0x94, 0xff, 0xff, 0x0, 0x0, 0x0,
    0x0, 0x8, 0xff, 0xfc, 0x5f, 0xff, 0xe0, 0x0,
    0x0, 0x0, 0x0, 0x6f, 0xff, 0xd6, 0xff, 0xfd,
    0x0, 0x0, 0x0, 0x0, 0x6, 0xff, 0xfe, 0x5f,
    0xff, 0xe0, 0x0, 0x0, 0x0, 0x0, 0x6f, 0xff,
    0xd4, 0xff, 0xff, 0x0, 0x0, 0x0, 0x0, 0x8,
    0xff, 0xfc, 0x1f, 0xff, 0xf4, 0x0, 0x0, 0x0,
    0x0, 0xcf, 0xff, 0x90, 0xdf, 0xff, 0xb0, 0x0,
    0x0, 0x0, 0x3f, 0xff, 0xf5, 0x6, 0xff, 0xff,
    0x80, 0x0, 0x0, 0x2e, 0xff, 0xfe, 0x0, 0xd,
    0xff, 0xff, 0xd8, 0x77, 0xbf, 0xff, 0xff, 0x50,
    0x0, 0x2e, 0xff, 0xff, 0xff, 0xff, 0xff, 0xff,
    0x80, 0x0, 0x0, 0x1b, 0xff, 0xff, 0xff, 0xff,
    0xfe, 0x60, 0x0, 0x0, 0x0, 0x3, 0x8c, 0xef,
    0xff, 0xff, 0x80, 0x0, 0x0, 0x0, 0x0, 0x0,
    0x0, 0x9, 0xff, 0xff, 0x50, 0x0, 0x0, 0x0,
    0x0, 0x0, 0x0, 0xc, 0xff, 0xff, 0x30, 0x0,
    0x0, 0x0, 0x0, 0x0, 0x0, 0x1e, 0xff, 0xfe,
    0x20, 0x0, 0x0, 0x0, 0x0, 0x0, 0x0, 0x3f,
    0xff, 0xfd, 0x10, 0x0, 0x0, 0x0, 0x0, 0x0,
    0x0, 0x48, 0x88, 0x84,

    /* U+0052 "R" */
    0x9f, 0xff, 0xff, 0xfe, 0xda, 0x50, 0x0, 0x0,
    0x9f, 0xff, 0xff, 0xff, 0xff, 0xfd, 0x20, 0x0,
    0x9f, 0xff, 0xff, 0xff, 0xff, 0xff, 0xd0, 0x0,
    0x9f, 0xff, 0xa5, 0x67, 0xcf, 0xff, 0xf6, 0x0,
    0x9f, 0xff, 0x80, 0x0, 0xb, 0xff, 0xfa, 0x0,
    0x9f, 0xff, 0x80, 0x0, 0x7, 0xff, 0xfb, 0x0,
    0x9f, 0xff, 0x80, 0x0, 0x9, 0xff, 0xf9, 0x0,
    0x9f, 0xff, 0x80, 0x2, 0x8f, 0xff, 0xf3, 0x0,
    0x9f, 0xff, 0xff, 0xff, 0xff, 0xff, 0x90, 0x0,
    0x9f, 0xff, 0xff, 0xff, 0xff, 0xf8, 0x0, 0x0,
    0x9f, 0xff, 0xff, 0xff, 0xff, 0x60, 0x0, 0x0,
    0x9f, 0xff, 0xa5, 0x6f, 0xff, 0xe0, 0x0, 0x0,
    0x9f, 0xff, 0x80, 0x9, 0xff, 0xf9, 0x0, 0x0,
    0x9f, 0xff, 0x80, 0x1, 0xef, 0xff, 0x30, 0x0,
    0x9f, 0xff, 0x80, 0x0, 0x6f, 0xff, 0xd0, 0x0,
    0x9f, 0xff, 0x80, 0x0, 0xc, 0xff, 0xf8, 0x0,
    0x9f, 0xff, 0x80, 0x0, 0x3, 0xff, 0xff, 0x30,
    0x9f, 0xff, 0x80, 0x0, 0x0, 0x9f, 0xff, 0xd0,
    0x9f, 0xff, 0x80, 0x0, 0x0, 0x1e, 0xff, 0xf8,

    /* U+0053 "S" */
    0x0, 0x5, 0xbe, 0xff, 0xeb, 0x71, 0x0, 0x1c,
    0xff, 0xff, 0xff, 0xff, 0xf7, 0xc, 0xff, 0xff,
    0xff, 0xff, 0xff, 0x33, 0xff, 0xff, 0xb7, 0x79,
    0xdf, 0xc0, 0x7f, 0xff, 0xb0, 0x0, 0x0, 0x23,
    0x7, 0xff, 0xf8, 0x0, 0x0, 0x0, 0x0, 0x5f,
    0xff, 0xe2, 0x0, 0x0, 0x0, 0x0, 0xef, 0xff,
    0xf9, 0x10, 0x0, 0x0, 0x4, 0xff, 0xff, 0xff,
    0xa2, 0x0, 0x0, 0x3, 0xdf, 0xff, 0xff, 0xf7,
    0x0, 0x0, 0x0, 0x6d, 0xff, 0xff, 0xfa, 0x0,
    0x0, 0x0, 0x5, 0xdf, 0xff, 0xf4, 0x0, 0x0,
    0x0, 0x0, 0xbf, 0xff, 0x90, 0x0, 0x0, 0x0,
    0x4, 0xff, 0xfc, 0x85, 0x0, 0x0, 0x0, 0x7f,
    0xff, 0xbc, 0xff, 0xb8, 0x66, 0x9f, 0xff, 0xf7,
    0xcf, 0xff, 0xff, 0xff, 0xff, 0xfd, 0xb, 0xff,
    0xff, 0xff, 0xff, 0xfd, 0x20, 0x5, 0xad, 0xff,
    0xfd, 0xa5, 0x0, 0x0,

    /* U+0054 "T" */
    0x7f, 0xff, 0xff, 0xff, 0xff, 0xff, 0xff, 0xf1,
    0x7f, 0xff, 0xff, 0xff, 0xff, 0xff, 0xff, 0xf1,
    0x7f, 0xff, 0xff, 0xff, 0xff, 0xff, 0xff, 0xf1,
    0x26, 0x66, 0x68, 0xff, 0xfe, 0x66, 0x66, 0x60,
    0x0, 0x0, 0x3, 0xff, 0xfd, 0x0, 0x0, 0x0,
    0x0, 0x0, 0x3, 0xff, 0xfd, 0x0, 0x0, 0x0,
    0x0, 0x0, 0x3, 0xff, 0xfd, 0x0, 0x0, 0x0,
    0x0, 0x0, 0x3, 0xff, 0xfd, 0x0, 0x0, 0x0,
    0x0, 0x0, 0x3, 0xff, 0xfd, 0x0, 0x0, 0x0,
    0x0, 0x0, 0x3, 0xff, 0xfd, 0x0, 0x0, 0x0,
    0x0, 0x0, 0x3, 0xff, 0xfd, 0x0, 0x0, 0x0,
    0x0, 0x0, 0x3, 0xff, 0xfd, 0x0, 0x0, 0x0,
    0x0, 0x0, 0x3, 0xff, 0xfd, 0x0, 0x0, 0x0,
    0x0, 0x0, 0x3, 0xff, 0xfd, 0x0, 0x0, 0x0,
    0x0, 0x0, 0x3, 0xff, 0xfd, 0x0, 0x0, 0x0,
    0x0, 0x0, 0x3, 0xff, 0xfd, 0x0, 0x0, 0x0,
    0x0, 0x0, 0x3, 0xff, 0xfd, 0x0, 0x0, 0x0,
    0x0, 0x0, 0x3, 0xff, 0xfd, 0x0, 0x0, 0x0,
    0x0, 0x0, 0x3, 0xff, 0xfd, 0x0, 0x0, 0x0,

    /* U+0055 "U" */
    0xbf, 0xff, 0x60, 0x0, 0x0, 0x0, 0xff, 0xff,
    0x1b, 0xff, 0xf6, 0x0, 0x0, 0x0, 0xf, 0xff,
    0xf1, 0xbf, 0xff, 0x60, 0x0, 0x0, 0x0, 0xff,
    0xff, 0x1b, 0xff, 0xf6, 0x0, 0x0, 0x0, 0xf,
    0xff, 0xf1, 0xbf, 0xff, 0x60, 0x0, 0x0, 0x0,
    0xff, 0xff, 0x1b, 0xff, 0xf6, 0x0, 0x0, 0x0,
    0xf, 0xff, 0xf1, 0xbf, 0xff, 0x60, 0x0, 0x0,
    0x0, 0xff, 0xff, 0x1b, 0xff, 0xf6, 0x0, 0x0,
    0x0, 0xf, 0xff, 0xf1, 0xbf, 0xff, 0x60, 0x0,
    0x0, 0x0, 0xff, 0xff, 0x1b, 0xff, 0xf6, 0x0,
    0x0, 0x0, 0xf, 0xff, 0xf1, 0xbf, 0xff, 0x60,
    0x0, 0x0, 0x0, 0xff, 0xff, 0x1b, 0xff, 0xf6,
    0x0, 0x0, 0x0, 0xf, 0xff, 0xf1, 0xaf, 0xff,
    0x70, 0x0, 0x0, 0x0, 0xff, 0xff, 0x9, 0xff,
    0xfb, 0x0, 0x0, 0x0, 0x4f, 0xff, 0xf0, 0x5f,
    0xff, 0xf4, 0x0, 0x0, 0xc, 0xff, 0xfb, 0x0,
    0xdf, 0xff, 0xfa, 0x77, 0x9e, 0xff, 0xff, 0x40,
    0x3, 0xff, 0xff, 0xff, 0xff, 0xff, 0xff, 0x80,
    0x0, 0x4, 0xef, 0xff, 0xff, 0xff, 0xff, 0x70,
    0x0, 0x0, 0x0, 0x6b, 0xef, 0xfe, 0xb7, 0x10,
    0x0, 0x0,

    /* U+0056 "V" */
    0xdf, 0xff, 0x40, 0x0, 0x0, 0x0, 0xb, 0xff,
    0xf5, 0x7f, 0xff, 0x90, 0x0, 0x0, 0x0, 0x1f,
    0xff, 0xf0, 0x2f, 0xff, 0xe0, 0x0, 0x0, 0x0,
    0x6f, 0xff, 0xa0, 0xc, 0xff, 0xf3, 0x0, 0x0,
    0x0, 0xbf, 0xff, 0x50, 0x7, 0xff, 0xf9, 0x0,
    0x0, 0x0, 0xff, 0xff, 0x0, 0x1, 0xff, 0xfe,
    0x0, 0x0, 0x5, 0xff, 0xfa, 0x0, 0x0, 0xcf,
    0xff, 0x30, 0x0, 0xa, 0xff, 0xf4, 0x0, 0x0,
    0x6f, 0xff, 0x80, 0x0, 0xf, 0xff, 0xe0, 0x0,
    0x0, 0x1f, 0xff, 0xd0, 0x0, 0x5f, 0xff, 0x90,
    0x0, 0x0, 0xb, 0xff, 0xf2, 0x0, 0xaf, 0xff,
    0x40, 0x0, 0x0, 0x6, 0xff, 0xf7, 0x0, 0xff,
    0xfe, 0x0, 0x0, 0x0, 0x1, 0xff, 0xfc, 0x4,
    0xff, 0xf9, 0x0, 0x0, 0x0, 0x0, 0xbf, 0xff,
    0x18, 0xff, 0xf3, 0x0, 0x0, 0x0, 0x0, 0x5f,
    0xff, 0x5d, 0xff, 0xe0, 0x0, 0x0, 0x0, 0x0,
    0xf, 0xff, 0xaf, 0xff, 0x80, 0x0, 0x0, 0x0,
    0x0, 0xa, 0xff, 0xff, 0xff, 0x30, 0x0, 0x0,
    0x0, 0x0, 0x5, 0xff, 0xff, 0xfd, 0x0, 0x0,
    0x0, 0x0, 0x0, 0x0, 0xff, 0xff, 0xf8, 0x0,
    0x0, 0x0, 0x0, 0x0, 0x0, 0xaf, 0xff, 0xf2,
    0x0, 0x0, 0x0,

    /* U+0057 "W" */
    0xdf, 0xff, 0x20, 0x0, 0x0, 0xf, 0xff, 0xf1,
    0x0, 0x0, 0x0, 0xff, 0xff, 0x9, 0xff, 0xf5,
    0x0, 0x0, 0x4, 0xff, 0xff, 0x60, 0x0, 0x0,
    0x4f, 0xff, 0xb0, 0x5f, 0xff, 0x90, 0x0, 0x0,
    0x8f, 0xff, 0xfa, 0x0, 0x0, 0x8, 0xff, 0xf7,
    0x1, 0xff, 0xfd, 0x0, 0x0, 0xc, 0xff, 0xff,
    0xe0, 0x0, 0x0, 0xcf, 0xff, 0x30, 0xd, 0xff,
    0xf1, 0x0, 0x1, 0xff, 0xff, 0xff, 0x20, 0x0,
    0xf, 0xff, 0xe0, 0x0, 0x9f, 0xff, 0x50, 0x0,
    0x5f, 0xfe, 0xdf, 0xf6, 0x0, 0x3, 0xff, 0xfb,
    0x0, 0x5, 0xff, 0xf9, 0x0, 0x9, 0xff, 0xba,
    0xff, 0xb0, 0x0, 0x7f, 0xff, 0x60, 0x0, 0x1f,
    0xff, 0xc0, 0x0, 0xdf, 0xf8, 0x6f, 0xff, 0x0,
    0xb, 0xff, 0xf2, 0x0, 0x0, 0xcf, 0xff, 0x0,
    0x1f, 0xff, 0x43, 0xff, 0xf3, 0x0, 0xef, 0xfe,
    0x0, 0x0, 0x8, 0xff, 0xf4, 0x6, 0xff, 0xf0,
    0xe, 0xff, 0x70, 0x2f, 0xff, 0xa0, 0x0, 0x0,
    0x4f, 0xff, 0x80, 0xaf, 0xfc, 0x0, 0xaf, 0xfc,
    0x6, 0xff, 0xf6, 0x0, 0x0, 0x0, 0xff, 0xfb,
    0xe, 0xff, 0x80, 0x6, 0xff, 0xf0, 0xaf, 0xff,
    0x20, 0x0, 0x0, 0xc, 0xff, 0xe1, 0xff, 0xf4,
    0x0, 0x2f, 0xff, 0x2d, 0xff, 0xe0, 0x0, 0x0,
    0x0, 0x8f, 0xff, 0x6f, 0xff, 0x0, 0x0, 0xef,
    0xf6, 0xff, 0xf9, 0x0, 0x0, 0x0, 0x3, 0xff,
    0xfb, 0xff, 0xb0, 0x0, 0xa, 0xff, 0xbf, 0xff,
    0x50, 0x0, 0x0, 0x0, 0xf, 0xff, 0xff, 0xf7,
    0x0, 0x0, 0x5f, 0xff, 0xff, 0xf1, 0x0, 0x0,
    0x0, 0x0, 0xbf, 0xff, 0xff, 0x30, 0x0, 0x1,
    0xff, 0xff, 0xfd, 0x0, 0x0, 0x0, 0x0, 0x7,
    0xff, 0xff, 0xf0, 0x0, 0x0, 0xd, 0xff, 0xff,
    0x90, 0x0, 0x0, 0x0, 0x0, 0x3f, 0xff, 0xfb,
    0x0, 0x0, 0x0, 0x9f, 0xff, 0xf5, 0x0, 0x0,
    0x0,

    /* U+0058 "X" */
    0x4f, 0xff, 0xf3, 0x0, 0x0, 0x0, 0x2f, 0xff,
    0xf3, 0x0, 0x9f, 0xff, 0xd0, 0x0, 0x0, 0xc,
    0xff, 0xf9, 0x0, 0x1, 0xef, 0xff, 0x70, 0x0,
    0x5, 0xff, 0xfe, 0x0, 0x0, 0x5, 0xff, 0xff,
    0x10, 0x0, 0xef, 0xff, 0x40, 0x0, 0x0, 0xa,
    0xff, 0xfa, 0x0, 0x8f, 0xff, 0xa0, 0x0, 0x0,
    0x0, 0x1e, 0xff, 0xf4, 0x2f, 0xff, 0xe1, 0x0,
    0x0, 0x0, 0x0, 0x5f, 0xff, 0xdb, 0xff, 0xf5,
    0x0, 0x0, 0x0, 0x0, 0x0, 0xbf, 0xff, 0xff,
    0xfb, 0x0, 0x0, 0x0, 0x0, 0x0, 0x1, 0xff,
    0xff, 0xff, 0x20, 0x0, 0x0, 0x0, 0x0, 0x0,
    0xd, 0xff, 0xff, 0xa0, 0x0, 0x0, 0x0, 0x0,
    0x0, 0x7, 0xff, 0xff, 0xff, 0x30, 0x0, 0x0,
    0x0, 0x0, 0x2, 0xff, 0xff, 0xff, 0xfd, 0x0,
    0x0, 0x0, 0x0, 0x0, 0xcf, 0xff, 0x6b, 0xff,
    0xf9, 0x0, 0x0, 0x0, 0x0, 0x6f, 0xff, 0xc0,
    0x2f, 0xff, 0xf4, 0x0, 0x0, 0x0, 0x1f, 0xff,
    0xf3, 0x0, 0x7f, 0xff, 0xe1, 0x0, 0x0, 0xb,
    0xff, 0xf8, 0x0, 0x0, 0xdf, 0xff, 0xa0, 0x0,
    0x5, 0xff, 0xfe, 0x0, 0x0, 0x3, 0xff, 0xff,
    0x50, 0x1, 0xef, 0xff, 0x40, 0x0, 0x0, 0x9,
    0xff, 0xfe, 0x10, 0xaf, 0xff, 0xa0, 0x0, 0x0,
    0x0, 0x1e, 0xff, 0xfa, 0x0,

    /* U+0059 "Y" */
    0xbf, 0xff, 0xa0, 0x0, 0x0, 0x0, 0xcf, 0xff,
    0x93, 0xff, 0xff, 0x30, 0x0, 0x0, 0x5f, 0xff,
    0xf1, 0xa, 0xff, 0xfb, 0x0, 0x0, 0xd, 0xff,
    0xf7, 0x0, 0x1f, 0xff, 0xf3, 0x0, 0x5, 0xff,
    0xfe, 0x0, 0x0, 0x8f, 0xff, 0xb0, 0x0, 0xdf,
    0xff, 0x50, 0x0, 0x1, 0xef, 0xff, 0x30, 0x5f,
    0xff, 0xc0, 0x0, 0x0, 0x7, 0xff, 0xfb, 0xd,
    0xff, 0xf4, 0x0, 0x0, 0x0, 0xe, 0xff, 0xf9,
    0xff, 0xfb, 0x0, 0x0, 0x0, 0x0, 0x5f, 0xff,
    0xff, 0xff, 0x20, 0x0, 0x0, 0x0, 0x0, 0xdf,
    0xff, 0xff, 0x90, 0x0, 0x0, 0x0, 0x0, 0x4,
    0xff, 0xff, 0xf1, 0x0, 0x0, 0x0, 0x0, 0x0,
    0xc, 0xff, 0xf8, 0x0, 0x0, 0x0, 0x0, 0x0,
    0x0, 0x9f, 0xff, 0x70, 0x0, 0x0, 0x0, 0x0,
    0x0, 0x9, 0xff, 0xf7, 0x0, 0x0, 0x0, 0x0,
    0x0, 0x0, 0x9f, 0xff, 0x70, 0x0, 0x0, 0x0,
    0x0, 0x0, 0x9, 0xff, 0xf7, 0x0, 0x0, 0x0,
    0x0, 0x0, 0x0, 0x9f, 0xff, 0x70, 0x0, 0x0,
    0x0, 0x0, 0x0, 0x9, 0xff, 0xf7, 0x0, 0x0,
    0x0, 0x0, 0x0, 0x0, 0x9f, 0xff, 0x70, 0x0,
    0x0, 0x0,

    /* U+005A "Z" */
    0x1f, 0xff, 0xff, 0xff, 0xff, 0xff, 0xff, 0xb1,
    0xff, 0xff, 0xff, 0xff, 0xff, 0xff, 0xfb, 0x1f,
    0xff, 0xff, 0xff, 0xff, 0xff, 0xff, 0xb0, 0x66,
    0x66, 0x66, 0x66, 0x9f, 0xff, 0xf2, 0x0, 0x0,
    0x0, 0x0, 0xd, 0xff, 0xf6, 0x0, 0x0, 0x0,
    0x0, 0xa, 0xff, 0xfb, 0x0, 0x0, 0x0, 0x0,
    0x5, 0xff, 0xfe, 0x10, 0x0, 0x0, 0x0, 0x1,
    0xef, 0xff, 0x40, 0x0, 0x0, 0x0, 0x0, 0xcf,
    0xff, 0x90, 0x0, 0x0, 0x0, 0x0, 0x7f, 0xff,
    0xd0, 0x0, 0x0, 0x0, 0x0, 0x3f, 0xff, 0xf2,
    0x0, 0x0, 0x0, 0x0, 0xd, 0xff, 0xf7, 0x0,
    0x0, 0x0, 0x0, 0x9, 0xff, 0xfb, 0x0, 0x0,
    0x0, 0x0, 0x5, 0xff, 0xfe, 0x10, 0x0, 0x0,
    0x0, 0x1, 0xef, 0xff, 0x50, 0x0, 0x0, 0x0,
    0x0, 0xbf, 0xff, 0xd6, 0x66, 0x66, 0x66, 0x65,
    0x5f, 0xff, 0xff, 0xff, 0xff, 0xff, 0xff, 0xf5,
    0xff, 0xff, 0xff, 0xff, 0xff, 0xff, 0xff, 0x5f,
    0xff, 0xff, 0xff, 0xff, 0xff, 0xff, 0xf0,

    /* U+005B "[" */
    0x1f, 0xff, 0xff, 0xf4, 0x1f, 0xff, 0xff, 0xf4,
    0x1f, 0xff, 0xdc, 0xc3, 0x1f, 0xff, 0x50, 0x0,
    0x1f, 0xff, 0x50, 0x0, 0x1f, 0xff, 0x50, 0x0,
    0x1f, 0xff, 0x50, 0x0, 0x1f, 0xff, 0x50, 0x0,
    0x1f, 0xff, 0x50, 0x0, 0x1f, 0xff, 0x50, 0x0,
    0x1f, 0xff, 0x50, 0x0, 0x1f, 0xff, 0x50, 0x0,
    0x1f, 0xff, 0x50, 0x0, 0x1f, 0xff, 0x50, 0x0,
    0x1f, 0xff, 0x50, 0x0, 0x1f, 0xff, 0x50, 0x0,
    0x1f, 0xff, 0x50, 0x0, 0x1f, 0xff, 0x50, 0x0,
    0x1f, 0xff, 0x50, 0x0, 0x1f, 0xff, 0x50, 0x0,
    0x1f, 0xff, 0x50, 0x0, 0x1f, 0xff, 0xff, 0xf4,
    0x1f, 0xff, 0xff, 0xf4, 0x1c, 0xcc, 0xcc, 0xc3,

    /* U+005C "\\" */
    0xaf, 0xff, 0x0, 0x0, 0x0, 0x4, 0xff, 0xf6,
    0x0, 0x0, 0x0, 0xe, 0xff, 0xc0, 0x0, 0x0,
    0x0, 0x8f, 0xff, 0x20, 0x0, 0x0, 0x2, 0xff,
    0xf8, 0x0, 0x0, 0x0, 0xc, 0xff, 0xe0, 0x0,
    0x0, 0x0, 0x6f, 0xff, 0x40, 0x0, 0x0, 0x0,
    0xff, 0xfa, 0x0, 0x0, 0x0, 0xa, 0xff, 0xf0,
    0x0, 0x0, 0x0, 0x4f, 0xff, 0x60, 0x0, 0x0,
    0x0, 0xdf, 0xfc, 0x0, 0x0, 0x0, 0x7, 0xff,
    0xf2, 0x0, 0x0, 0x0, 0x1f, 0xff, 0x80, 0x0,
    0x0, 0x0, 0xbf, 0xfe, 0x0, 0x0, 0x0, 0x5,
    0xff, 0xf4, 0x0, 0x0, 0x0, 0xf, 0xff, 0xa0,
    0x0, 0x0, 0x0, 0x9f, 0xff, 0x10, 0x0, 0x0,
    0x3, 0xff, 0xf6, 0x0, 0x0, 0x0, 0xd, 0xff,
    0xc0,

    /* U+005D "]" */
    0x5f, 0xff, 0xff, 0xf0, 0x5f, 0xff, 0xff, 0xf0,
    0x4c, 0xcd, 0xff, 0xf0, 0x0, 0x6, 0xff, 0xf0,
    0x0, 0x6, 0xff, 0xf0, 0x0, 0x6, 0xff, 0xf0,
    0x0, 0x6, 0xff, 0xf0, 0x0, 0x6, 0xff, 0xf0,
    0x0, 0x6, 0xff, 0xf0, 0x0, 0x6, 0xff, 0xf0,
    0x0, 0x6, 0xff, 0xf0, 0x0, 0x6, 0xff, 0xf0,
    0x0, 0x6, 0xff, 0xf0, 0x0, 0x6, 0xff, 0xf0,
    0x0, 0x6, 0xff, 0xf0, 0x0, 0x6, 0xff, 0xf0,
    0x0, 0x6, 0xff, 0xf0, 0x0, 0x6, 0xff, 0xf0,
    0x0, 0x6, 0xff, 0xf0, 0x0, 0x6, 0xff, 0xf0,
    0x0, 0x6, 0xff, 0xf0, 0x5f, 0xff, 0xff, 0xf0,
    0x5f, 0xff, 0xff, 0xf0, 0x4c, 0xcc, 0xcc, 0xc0,

    /* U+005E "^" */
    0x0, 0x0, 0x0, 0x58, 0x30, 0x0, 0x0, 0x0,
    0x0, 0x0, 0x1f, 0xfc, 0x0, 0x0, 0x0, 0x0,
    0x0, 0x8, 0xff, 0xf5, 0x0, 0x0, 0x0, 0x0,
    0x0, 0xff, 0xff, 0xd0, 0x0, 0x0, 0x0, 0x0,
    0x7f, 0xfe, 0xff, 0x60, 0x0, 0x0, 0x0, 0xe,
    0xff, 0x2f, 0xfe, 0x0, 0x0, 0x0, 0x6, 0xff,
    0x90, 0x9f, 0xf6, 0x0, 0x0, 0x0, 0xdf, 0xf2,
    0x1, 0xff, 0xe0, 0x0, 0x0, 0x4f, 0xfb, 0x0,
    0x9, 0xff, 0x70, 0x0, 0xc, 0xff, 0x40, 0x0,
    0x1f, 0xfe, 0x0, 0x3, 0xff, 0xd0, 0x0, 0x0,
    0x9f, 0xf8, 0x0, 0xaf, 0xf6, 0x0, 0x0, 0x1,
    0xff, 0xf1, 0x2f, 0xfe, 0x0, 0x0, 0x0, 0x9,
    0xff, 0x80,

    /* U+005F "_" */
    0xd, 0xdd, 0xdd, 0xdd, 0xdd, 0xdd, 0x20, 0xff,
    0xff, 0xff, 0xff, 0xff, 0xf2,

    /* U+0060 "`" */
    0x48, 0x88, 0x70, 0x0, 0x1c, 0xff, 0xf8, 0x0,
    0x0, 0xbf, 0xff, 0x40, 0x0, 0x8, 0xff, 0xe2,
    0x0, 0x0, 0x5f, 0xfd,

    /* U+0061 "a" */
    0x0, 0x27, 0xbe, 0xff, 0xeb, 0x60, 0x0, 0x4,
    0xff, 0xff, 0xff, 0xff, 0xfc, 0x10, 0x0, 0xef,
    0xff, 0xff, 0xff, 0xff, 0xa0, 0x0, 0x6b, 0x62,
    0x0, 0x7f, 0xff, 0xf0, 0x0, 0x0, 0x0, 0x0,
    0xd, 0xff, 0xf3, 0x0, 0x0, 0x13, 0x44, 0x4c,
    0xff, 0xf4, 0x1, 0x8e, 0xff, 0xff, 0xff, 0xff,
    0xf4, 0x1d, 0xff, 0xff, 0xff, 0xff, 0xff, 0xf4,
    0x8f, 0xff, 0xf6, 0x10, 0xb, 0xff, 0xf4, 0xcf,
    0xff, 0x70, 0x0, 0xc, 0xff, 0xf4, 0xdf, 0xff,
    0x40, 0x0, 0x1f, 0xff, 0xf4, 0xbf, 0xff, 0xb0,
    0x3, 0xcf, 0xff, 0xf4, 0x7f, 0xff, 0xff, 0xff,
    0xff, 0xff, 0xf4, 0xc, 0xff, 0xff, 0xff, 0xd2,
    0xff, 0xf4, 0x0, 0x8d, 0xff, 0xc7, 0x0, 0xbf,
    0xf4,

    /* U+0062 "b" */
    0xef, 0xff, 0x20, 0x0, 0x0, 0x0, 0x0, 0xef,
    0xff, 0x20, 0x0, 0x0, 0x0, 0x0, 0xef, 0xff,
    0x20, 0x0, 0x0, 0x0, 0x0, 0xef, 0xff, 0x20,
    0x0, 0x0, 0x0, 0x0, 0xef, 0xff, 0x10, 0x0,
    0x0, 0x0, 0x0, 0xef, 0xff, 0x13, 0xae, 0xfd,
    0x80, 0x0, 0xef, 0xff, 0x5f, 0xff, 0xff, 0xfd,
    0x10, 0xef, 0xff, 0xff, 0xff, 0xff, 0xff, 0xa0,
    0xef, 0xff, 0xfa, 0x44, 0xbf, 0xff, 0xf3, 0xef,
    0xff, 0xa0, 0x0, 0xd, 0xff, 0xf8, 0xef, 0xff,
    0x40, 0x0, 0x7, 0xff, 0xfb, 0xef, 0xff, 0x20,
    0x0, 0x4, 0xff, 0xfd, 0xef, 0xff, 0x20, 0x0,
    0x4, 0xff, 0xfd, 0xef, 0xff, 0x20, 0x0, 0x5,
    0xff, 0xfd, 0xef, 0xff, 0x50, 0x0, 0x8, 0xff,
    0xfb, 0xef, 0xff, 0xb0, 0x0, 0xe, 0xff, 0xf8,
    0xef, 0xff, 0xfb, 0x55, 0xcf, 0xff, 0xf2, 0xef,
    0xff, 0xff, 0xff, 0xff, 0xff, 0xa0, 0xef, 0xff,
    0xff, 0xff, 0xff, 0xfd, 0x10, 0xef, 0xf7, 0x29,
    0xdf, 0xfd, 0x70, 0x0,

    /* U+0063 "c" */
    0x0, 0x1, 0x8c, 0xef, 0xec, 0x82, 0x0, 0x6,
    0xff, 0xff, 0xff, 0xff, 0xd0, 0x5, 0xff, 0xff,
    0xff, 0xff, 0xf7, 0x0, 0xef, 0xff, 0xd6, 0x46,
    0xae, 0x10, 0x5f, 0xff, 0xe1, 0x0, 0x0, 0x0,
    0x9, 0xff, 0xf9, 0x0, 0x0, 0x0, 0x0, 0xbf,
    0xff, 0x60, 0x0, 0x0, 0x0, 0xc, 0xff, 0xf5,
    0x0, 0x0, 0x0, 0x0, 0xbf, 0xff, 0x50, 0x0,
    0x0, 0x0, 0xa, 0xff, 0xf8, 0x0, 0x0, 0x0,
    0x0, 0x6f, 0xff, 0xe1, 0x0, 0x0, 0x2, 0x1,
    0xff, 0xff, 0xd6, 0x45, 0x8e, 0x90, 0x8, 0xff,
    0xff, 0xff, 0xff, 0xf9, 0x0, 0x9, 0xff, 0xff,
    0xff, 0xff, 0x90, 0x0, 0x4, 0xad, 0xff, 0xec,
    0x70, 0x0,

    /* U+0064 "d" */
    0x0, 0x0, 0x0, 0x0, 0x0, 0xff, 0xff, 0x0,
    0x0, 0x0, 0x0, 0x0, 0xff, 0xff, 0x0, 0x0,
    0x0, 0x0, 0x0, 0xff, 0xff, 0x0, 0x0, 0x0,
    0x0, 0x0, 0xff, 0xff, 0x0, 0x0, 0x0, 0x0,
    0x0, 0xff, 0xff, 0x0, 0x7, 0xdf, 0xeb, 0x50,
    0xff, 0xff, 0x0, 0xcf, 0xff, 0xff, 0xf8, 0xdf,
    0xff, 0x9, 0xff, 0xff, 0xff, 0xff, 0xff, 0xff,
    0x1f, 0xff, 0xfd, 0x55, 0x9f, 0xff, 0xff, 0x6f,
    0xff, 0xe1, 0x0, 0x6, 0xff, 0xff, 0x9f, 0xff,
    0x90, 0x0, 0x0, 0xff, 0xff, 0xbf, 0xff, 0x60,
    0x0, 0x0, 0xdf, 0xff, 0xcf, 0xff, 0x40, 0x0,
    0x0, 0xcf, 0xff, 0xbf, 0xff, 0x50, 0x0, 0x0,
    0xcf, 0xff, 0xaf, 0xff, 0x80, 0x0, 0x0, 0xff,
    0xff, 0x6f, 0xff, 0xd0, 0x0, 0x4, 0xff, 0xff,
    0x1f, 0xff, 0xfc, 0x44, 0x7f, 0xff, 0xff, 0x9,
    0xff, 0xff, 0xff, 0xff, 0xff, 0xff, 0x0, 0xcf,
    0xff, 0xff, 0xf7, 0xaf, 0xff, 0x0, 0x7, 0xdf,
    0xeb, 0x40, 0x4f, 0xff,

    /* U+0065 "e" */
    0x0, 0x2, 0x8d, 0xff, 0xea, 0x40, 0x0, 0x0,
    0x6f, 0xff, 0xff, 0xff, 0xfa, 0x0, 0x5, 0xff,
    0xff, 0xfe, 0xff, 0xff, 0x90, 0xe, 0xff, 0xf7,
    0x0, 0x3d, 0xff, 0xf2, 0x5f, 0xff, 0xc0, 0x0,
    0x4, 0xff, 0xf8, 0x9f, 0xff, 0x70, 0x0, 0x0,
    0xff, 0xfb, 0xbf, 0xff, 0xff, 0xff, 0xff, 0xff,
    0xfc, 0xcf, 0xff, 0xff, 0xff, 0xff, 0xff, 0xfc,
    0xbf, 0xff, 0xca, 0xaa, 0xaa, 0xaa, 0xa8, 0x9f,
    0xff, 0x70, 0x0, 0x0, 0x0, 0x0, 0x5f, 0xff,
    0xd0, 0x0, 0x0, 0x0, 0x0, 0xe, 0xff, 0xfc,
    0x30, 0x2, 0x48, 0xd0, 0x4, 0xff, 0xff, 0xff,
    0xff, 0xff, 0xf0, 0x0, 0x4e, 0xff, 0xff, 0xff,
    0xff, 0xf0, 0x0, 0x0, 0x7b, 0xef, 0xfe, 0xc7,
    0x20,

    /* U+0066 "f" */
    0x0, 0x0, 0x5b, 0xef, 0xfe, 0xb4, 0x0, 0x7,
    0xff, 0xff, 0xff, 0xf5, 0x0, 0xf, 0xff, 0xff,
    0xff, 0xf0, 0x0, 0x3f, 0xff, 0xf6, 0x35, 0x40,
    0x0, 0x3f, 0xff, 0xc0, 0x0, 0x0, 0x6, 0xdf,
    0xff, 0xff, 0xff, 0x40, 0x7f, 0xff, 0xff, 0xff,
    0xff, 0x40, 0x7f, 0xff, 0xff, 0xff, 0xff, 0x40,
    0x0, 0x4f, 0xff, 0xc0, 0x0, 0x0, 0x0, 0x4f,
    0xff, 0xc0, 0x0, 0x0, 0x0, 0x4f, 0xff, 0xc0,
    0x0, 0x0, 0x0, 0x4f, 0xff, 0xc0, 0x0, 0x0,
    0x0, 0x4f, 0xff, 0xc0, 0x0, 0x0, 0x0, 0x4f,
    0xff, 0xc0, 0x0, 0x0, 0x0, 0x4f, 0xff, 0xc0,
    0x0, 0x0, 0x0, 0x4f, 0xff, 0xc0, 0x0, 0x0,
    0x0, 0x4f, 0xff, 0xc0, 0x0, 0x0, 0x0, 0x4f,
    0xff, 0xc0, 0x0, 0x0, 0x0, 0x4f, 0xff, 0xc0,
    0x0, 0x0, 0x0, 0x4f, 0xff, 0xc0, 0x0, 0x0,

    /* U+0067 "g" */
    0x0, 0x7, 0xdf, 0xec, 0x50, 0x7f, 0xff, 0x0,
    0xcf, 0xff, 0xff, 0xf9, 0xaf, 0xff, 0x9, 0xff,
    0xff, 0xff, 0xff, 0xff, 0xff, 0x1f, 0xff, 0xfc,
    0x55, 0x9f, 0xff, 0xff, 0x6f, 0xff, 0xe0, 0x0,
    0x6, 0xff, 0xff, 0x9f, 0xff, 0x80, 0x0, 0x0,
    0xff, 0xff, 0xbf, 0xff, 0x60, 0x0, 0x0, 0xdf,
    0xff, 0xcf, 0xff, 0x50, 0x0, 0x0, 0xcf, 0xff,
    0xbf, 0xff, 0x50, 0x0, 0x0, 0xcf, 0xff, 0xaf,
    0xff, 0x80, 0x0, 0x0, 0xef, 0xff, 0x6f, 0xff,
    0xd0, 0x0, 0x3, 0xff, 0xff, 0x1f, 0xff, 0xfb,
    0x43, 0x6e, 0xff, 0xff, 0x9, 0xff, 0xff, 0xff,
    0xff, 0xff, 0xff, 0x0, 0xcf, 0xff, 0xff, 0xf6,
    0xff, 0xff, 0x0, 0x7, 0xdf, 0xeb, 0x30, 0xff,
    0xff, 0x0, 0x0, 0x0, 0x0, 0x2, 0xff, 0xfe,
    0x0, 0x0, 0x0, 0x0, 0x6, 0xff, 0xfc, 0xc,
    0x84, 0x20, 0x0, 0x5e, 0xff, 0xf6, 0xe, 0xff,
    0xff, 0xff, 0xff, 0xff, 0xd0, 0xe, 0xff, 0xff,
    0xff, 0xff, 0xfc, 0x10, 0x3, 0x7b, 0xde, 0xff,
    0xda, 0x50, 0x0,

    /* U+0068 "h" */
    0xef, 0xff, 0x20, 0x0, 0x0, 0x0, 0x0, 0xef,
    0xff, 0x20, 0x0, 0x0, 0x0, 0x0, 0xef, 0xff,
    0x20, 0x0, 0x0, 0x0, 0x0, 0xef, 0xff, 0x10,
    0x0, 0x0, 0x0, 0x0, 0xef, 0xff, 0x10, 0x0,
    0x0, 0x0, 0x0, 0xef, 0xff, 0x3, 0xae, 0xfe,
    0xb3, 0x0, 0xef, 0xff, 0x5f, 0xff, 0xff, 0xff,
    0x60, 0xef, 0xff, 0xff, 0xff, 0xff, 0xff, 0xf1,
    0xef, 0xff, 0xfb, 0x54, 0x9f, 0xff, 0xf7, 0xef,
    0xff, 0xc0, 0x0, 0xb, 0xff, 0xfa, 0xef, 0xff,
    0x60, 0x0, 0x6, 0xff, 0xfb, 0xef, 0xff, 0x30,
    0x0, 0x5, 0xff, 0xfb, 0xef, 0xff, 0x20, 0x0,
    0x5, 0xff, 0xfb, 0xef, 0xff, 0x20, 0x0, 0x5,
    0xff, 0xfb, 0xef, 0xff, 0x20, 0x0, 0x5, 0xff,
    0xfb, 0xef, 0xff, 0x20, 0x0, 0x5, 0xff, 0xfb,
    0xef, 0xff, 0x20, 0x0, 0x5, 0xff, 0xfb, 0xef,
    0xff, 0x20, 0x0, 0x5, 0xff, 0xfb, 0xef, 0xff,
    0x20, 0x0, 0x5, 0xff, 0xfb, 0xef, 0xff, 0x20,
    0x0, 0x5, 0xff, 0xfb,

    /* U+0069 "i" */
    0x6, 0xef, 0x90, 0xf, 0xff, 0xf3, 0xf, 0xff,
    0xf3, 0x5, 0xde, 0x80, 0x0, 0x0, 0x0, 0xe,
    0xff, 0xf2, 0xe, 0xff, 0xf2, 0xe, 0xff, 0xf2,
    0xe, 0xff, 0xf2, 0xe, 0xff, 0xf2, 0xe, 0xff,
    0xf2, 0xe, 0xff, 0xf2, 0xe, 0xff, 0xf2, 0xe,
    0xff, 0xf2, 0xe, 0xff, 0xf2, 0xe, 0xff, 0xf2,
    0xe, 0xff, 0xf2, 0xe, 0xff, 0xf2, 0xe, 0xff,
    0xf2, 0xe, 0xff, 0xf2,

    /* U+006A "j" */
    0x0, 0x0, 0x6e, 0xf9, 0x0, 0x0, 0xf, 0xff,
    0xf3, 0x0, 0x0, 0xff, 0xff, 0x30, 0x0, 0x5,
    0xde, 0x80, 0x0, 0x0, 0x0, 0x0, 0x0, 0x0,
    0xe, 0xff, 0xf2, 0x0, 0x0, 0xef, 0xff, 0x20,
    0x0, 0xe, 0xff, 0xf2, 0x0, 0x0, 0xef, 0xff,
    0x20, 0x0, 0xe, 0xff, 0xf2, 0x0, 0x0, 0xef,
    0xff, 0x20, 0x0, 0xe, 0xff, 0xf2, 0x0, 0x0,
    0xef, 0xff, 0x20, 0x0, 0xe, 0xff, 0xf2, 0x0,
    0x0, 0xef, 0xff, 0x20, 0x0, 0xe, 0xff, 0xf2,
    0x0, 0x0, 0xef, 0xff, 0x20, 0x0, 0xe, 0xff,
    0xf2, 0x0, 0x0, 0xef, 0xff, 0x20, 0x0, 0xe,
    0xff, 0xf2, 0x0, 0x0, 0xef, 0xff, 0x20, 0x0,
    0x1f, 0xff, 0xf1, 0x55, 0x4b, 0xff, 0xff, 0xb,
    0xff, 0xff, 0xff, 0xa0, 0xbf, 0xff, 0xff, 0xd1,
    0x8, 0xef, 0xfd, 0x81, 0x0,

    /* U+006B "k" */
    0xef, 0xff, 0x20, 0x0, 0x0, 0x0, 0x0, 0xe,
    0xff, 0xf2, 0x0, 0x0, 0x0, 0x0, 0x0, 0xef,
    0xff, 0x20, 0x0, 0x0, 0x0, 0x0, 0xe, 0xff,
    0xf2, 0x0, 0x0, 0x0, 0x0, 0x0, 0xef, 0xff,
    0x20, 0x0, 0x0, 0x0, 0x0, 0xe, 0xff, 0xf2,
    0x0, 0x0, 0x9f, 0xff, 0xd1, 0xef, 0xff, 0x20,
    0x0, 0x8f, 0xff, 0xe2, 0xe, 0xff, 0xf2, 0x0,
    0x6f, 0xff, 0xf3, 0x0, 0xef, 0xff, 0x10, 0x5f,
    0xff, 0xf4, 0x0, 0xe, 0xff, 0xf1, 0x3f, 0xff,
    0xf5, 0x0, 0x0, 0xef, 0xff, 0x1e, 0xff, 0xf6,
    0x0, 0x0, 0xe, 0xff, 0xfc, 0xff, 0xfb, 0x0,
    0x0, 0x0, 0xef, 0xff, 0xff, 0xff, 0xf4, 0x0,
    0x0, 0xe, 0xff, 0xff, 0xff, 0xff, 0xe1, 0x0,
    0x0, 0xef, 0xff, 0xe3, 0xbf, 0xff, 0xb0, 0x0,
    0xe, 0xff, 0xf3, 0x1, 0xef, 0xff, 0x70, 0x0,
    0xef, 0xff, 0x20, 0x5, 0xff, 0xff, 0x30, 0xe,
    0xff, 0xf2, 0x0, 0xa, 0xff, 0xfd, 0x0, 0xef,
    0xff, 0x20, 0x0, 0xe, 0xff, 0xfa, 0xe, 0xff,
    0xf2, 0x0, 0x0, 0x4f, 0xff, 0xf6,

    /* U+006C "l" */
    0xef, 0xff, 0x2e, 0xff, 0xf2, 0xef, 0xff, 0x2e,
    0xff, 0xf2, 0xef, 0xff, 0x2e, 0xff, 0xf2, 0xef,
    0xff, 0x2e, 0xff, 0xf2, 0xef, 0xff, 0x2e, 0xff,
    0xf2, 0xef, 0xff, 0x2e, 0xff, 0xf2, 0xef, 0xff,
    0x2e, 0xff, 0xf2, 0xef, 0xff, 0x2e, 0xff, 0xf2,
    0xef, 0xff, 0x2e, 0xff, 0xf2, 0xef, 0xff, 0x2e,
    0xff, 0xf2,

    /* U+006D "m" */
    0xef, 0xf4, 0x4, 0xbe, 0xfe, 0x92, 0x0, 0x3a,
    0xef, 0xeb, 0x30, 0xe, 0xff, 0x88, 0xff, 0xff,
    0xff, 0xf3, 0x6f, 0xff, 0xff, 0xff, 0x50, 0xef,
    0xff, 0xff, 0xff, 0xff, 0xff, 0xff, 0xff, 0xff,
    0xff, 0xfe, 0xe, 0xff, 0xff, 0xb4, 0x4c, 0xff,
    0xff, 0xfc, 0x54, 0xaf, 0xff, 0xf4, 0xef, 0xff,
    0xc0, 0x0, 0x1f, 0xff, 0xfe, 0x0, 0x0, 0xdf,
    0xff, 0x7e, 0xff, 0xf6, 0x0, 0x0, 0xcf, 0xff,
    0x80, 0x0, 0x9, 0xff, 0xf7, 0xef, 0xff, 0x30,
    0x0, 0xb, 0xff, 0xf5, 0x0, 0x0, 0x8f, 0xff,
    0x8e, 0xff, 0xf2, 0x0, 0x0, 0xbf, 0xff, 0x50,
    0x0, 0x8, 0xff, 0xf8, 0xef, 0xff, 0x20, 0x0,
    0xb, 0xff, 0xf5, 0x0, 0x0, 0x8f, 0xff, 0x8e,
    0xff, 0xf2, 0x0, 0x0, 0xbf, 0xff, 0x50, 0x0,
    0x8, 0xff, 0xf8, 0xef, 0xff, 0x20, 0x0, 0xb,
    0xff, 0xf5, 0x0, 0x0, 0x8f, 0xff, 0x8e, 0xff,
    0xf2, 0x0, 0x0, 0xbf, 0xff, 0x50, 0x0, 0x8,
    0xff, 0xf8, 0xef, 0xff, 0x20, 0x0, 0xb, 0xff,
    0xf5, 0x0, 0x0, 0x8f, 0xff, 0x8e, 0xff, 0xf2,
    0x0, 0x0, 0xbf, 0xff, 0x50, 0x0, 0x8, 0xff,
    0xf8, 0xef, 0xff, 0x20, 0x0, 0xb, 0xff, 0xf5,
    0x0, 0x0, 0x8f, 0xff, 0x80,

    /* U+006E "n" */
    0xef, 0xf5, 0x4, 0xbe, 0xfe, 0xb4, 0x0, 0xef,
    0xf9, 0x8f, 0xff, 0xff, 0xff, 0x60, 0xef, 0xff,
    0xff, 0xff, 0xff, 0xff, 0xf2, 0xef, 0xff, 0xfb,
    0x54, 0x8f, 0xff, 0xf7, 0xef, 0xff, 0xc0, 0x0,
    0xa, 0xff, 0xfa, 0xef, 0xff, 0x60, 0x0, 0x6,
    0xff, 0xfb, 0xef, 0xff, 0x30, 0x0, 0x5, 0xff,
    0xfb, 0xef, 0xff, 0x20, 0x0, 0x5, 0xff, 0xfb,
    0xef, 0xff, 0x20, 0x0, 0x5, 0xff, 0xfb, 0xef,
    0xff, 0x20, 0x0, 0x5, 0xff, 0xfb, 0xef, 0xff,
    0x20, 0x0, 0x5, 0xff, 0xfb, 0xef, 0xff, 0x20,
    0x0, 0x5, 0xff, 0xfb, 0xef, 0xff, 0x20, 0x0,
    0x5, 0xff, 0xfb, 0xef, 0xff, 0x20, 0x0, 0x5,
    0xff, 0xfb, 0xef, 0xff, 0x20, 0x0, 0x5, 0xff,
    0xfb,

    /* U+006F "o" */
    0x0, 0x1, 0x8c, 0xef, 0xdb, 0x50, 0x0, 0x0,
    0x5, 0xff, 0xff, 0xff, 0xff, 0xc1, 0x0, 0x4,
    0xff, 0xff, 0xff, 0xff, 0xff, 0xd0, 0x0, 0xef,
    0xff, 0xc5, 0x47, 0xef, 0xff, 0x90, 0x5f, 0xff,
    0xe0, 0x0, 0x3, 0xff, 0xff, 0x9, 0xff, 0xf8,
    0x0, 0x0, 0xd, 0xff, 0xf4, 0xbf, 0xff, 0x50,
    0x0, 0x0, 0xaf, 0xff, 0x6c, 0xff, 0xf5, 0x0,
    0x0, 0x9, 0xff, 0xf7, 0xaf, 0xff, 0x50, 0x0,
    0x0, 0xaf, 0xff, 0x68, 0xff, 0xf8, 0x0, 0x0,
    0xd, 0xff, 0xf4, 0x4f, 0xff, 0xe0, 0x0, 0x3,
    0xff, 0xff, 0x0, 0xdf, 0xff, 0xc5, 0x46, 0xef,
    0xff, 0x90, 0x3, 0xff, 0xff, 0xff, 0xff, 0xff,
    0xe1, 0x0, 0x4, 0xef, 0xff, 0xff, 0xff, 0xd2,
    0x0, 0x0, 0x1, 0x7c, 0xef, 0xeb, 0x60, 0x0,
    0x0,

    /* U+0070 "p" */
    0xef, 0xf8, 0x3, 0xbe, 0xfd, 0x80, 0x0, 0xef,
    0xfc, 0x5f, 0xff, 0xff, 0xfd, 0x10, 0xef, 0xff,
    0xff, 0xff, 0xff, 0xff, 0xb0, 0xef, 0xff, 0xfa,
    0x44, 0xaf, 0xff, 0xf3, 0xef, 0xff, 0xa0, 0x0,
    0xc, 0xff, 0xf8, 0xef, 0xff, 0x40, 0x0, 0x7,
    0xff, 0xfb, 0xef, 0xff, 0x20, 0x0, 0x4, 0xff,
    0xfd, 0xef, 0xff, 0x20, 0x0, 0x3, 0xff, 0xfd,
    0xef, 0xff, 0x20, 0x0, 0x4, 0xff, 0xfc, 0xef,
    0xff, 0x50, 0x0, 0x7, 0xff, 0xfb, 0xef, 0xff,
    0xb0, 0x0, 0xd, 0xff, 0xf7, 0xef, 0xff, 0xfb,
    0x54, 0xbf, 0xff, 0xf2, 0xef, 0xff, 0xff, 0xff,
    0xff, 0xff, 0x90, 0xef, 0xff, 0x8f, 0xff, 0xff,
    0xfc, 0x0, 0xef, 0xff, 0x14, 0xbe, 0xfd, 0x70,
    0x0, 0xef, 0xff, 0x10, 0x0, 0x0, 0x0, 0x0,
    0xef, 0xff, 0x20, 0x0, 0x0, 0x0, 0x0, 0xef,
    0xff, 0x20, 0x0, 0x0, 0x0, 0x0, 0xef, 0xff,
    0x20, 0x0, 0x0, 0x0, 0x0, 0xef, 0xff, 0x20,
    0x0, 0x0, 0x0, 0x0, 0xef, 0xff, 0x20, 0x0,
    0x0, 0x0, 0x0,

    /* U+0071 "q" */
    0x0, 0x7, 0xdf, 0xfc, 0x50, 0x7f, 0xff, 0x0,
    0xcf, 0xff, 0xff, 0xf9, 0xaf, 0xff, 0x9, 0xff,
    0xff, 0xff, 0xff, 0xff, 0xff, 0x1f, 0xff, 0xfc,
    0x55, 0x9f, 0xff, 0xff, 0x6f, 0xff, 0xe0, 0x0,
    0x6, 0xff, 0xff, 0x9f, 0xff, 0x80, 0x0, 0x0,
    0xff, 0xff, 0xbf, 0xff, 0x60, 0x0, 0x0, 0xdf,
    0xff, 0xcf, 0xff, 0x50, 0x0, 0x0, 0xcf, 0xff,
    0xbf, 0xff, 0x50, 0x0, 0x0, 0xcf, 0xff, 0xaf,
    0xff, 0x80, 0x0, 0x0, 0xef, 0xff, 0x6f, 0xff,
    0xd0, 0x0, 0x4, 0xff, 0xff, 0x1f, 0xff, 0xfb,
    0x43, 0x6e, 0xff, 0xff, 0xa, 0xff, 0xff, 0xff,
    0xff, 0xff, 0xff, 0x1, 0xcf, 0xff, 0xff, 0xf6,
    0xff, 0xff, 0x0, 0x7, 0xdf, 0xeb, 0x40, 0xff,
    0xff, 0x0, 0x0, 0x0, 0x0, 0x0, 0xff, 0xff,
    0x0, 0x0, 0x0, 0x0, 0x0, 0xff, 0xff, 0x0,
    0x0, 0x0, 0x0, 0x0, 0xff, 0xff, 0x0, 0x0,
    0x0, 0x0, 0x0, 0xff, 0xff, 0x0, 0x0, 0x0,
    0x0, 0x0, 0xff, 0xff, 0x0, 0x0, 0x0, 0x0,
    0x0, 0xff, 0xff,

    /* U+0072 "r" */
    0xef, 0xf4, 0x1, 0x9e, 0xfa, 0xef, 0xf7, 0x3e,
    0xff, 0xf9, 0xef, 0xfc, 0xdf, 0xff, 0xf7, 0xef,
    0xff, 0xff, 0xfd, 0xc5, 0xef, 0xff, 0xf9, 0x10,
    0x0, 0xef, 0xff, 0xa0, 0x0, 0x0, 0xef, 0xff,
    0x30, 0x0, 0x0, 0xef, 0xff, 0x20, 0x0, 0x0,
    0xef, 0xff, 0x20, 0x0, 0x0, 0xef, 0xff, 0x20,
    0x0, 0x0, 0xef, 0xff, 0x20, 0x0, 0x0, 0xef,
    0xff, 0x20, 0x0, 0x0, 0xef, 0xff, 0x20, 0x0,
    0x0, 0xef, 0xff, 0x20, 0x0, 0x0, 0xef, 0xff,
    0x20, 0x0, 0x0,

    /* U+0073 "s" */
    0x0, 0x5b, 0xef, 0xfe, 0xb7, 0x20, 0xb, 0xff,
    0xff, 0xff, 0xff, 0xf1, 0x7f, 0xff, 0xff, 0xff,
    0xff, 0xa0, 0xbf, 0xff, 0x70, 0x2, 0x7d, 0x30,
    0xbf, 0xff, 0x80, 0x0, 0x0, 0x0, 0x8f, 0xff,
    0xfc, 0x50, 0x0, 0x0, 0x1e, 0xff, 0xff, 0xfe,
    0x70, 0x0, 0x2, 0xbf, 0xff, 0xff, 0xfe, 0x20,
    0x0, 0x3, 0xaf, 0xff, 0xff, 0xd0, 0x0, 0x0,
    0x2, 0xaf, 0xff, 0xf4, 0x0, 0x0, 0x0, 0xa,
    0xff, 0xf5, 0xba, 0x52, 0x0, 0x2d, 0xff, 0xf4,
    0xcf, 0xff, 0xff, 0xff, 0xff, 0xe0, 0xcf, 0xff,
    0xff, 0xff, 0xfe, 0x30, 0x38, 0xce, 0xff, 0xec,
    0x71, 0x0,

    /* U+0074 "t" */
    0x0, 0x3, 0xff, 0x90, 0x0, 0x0, 0x0, 0x9f,
    0xf9, 0x0, 0x0, 0x0, 0xe, 0xff, 0x90, 0x0,
    0x0, 0x3c, 0xff, 0xff, 0xff, 0xfb, 0x4f, 0xff,
    0xff, 0xff, 0xff, 0xb6, 0xff, 0xff, 0xff, 0xff,
    0xfb, 0x0, 0x7f, 0xff, 0x90, 0x0, 0x0, 0x7,
    0xff, 0xf9, 0x0, 0x0, 0x0, 0x7f, 0xff, 0x90,
    0x0, 0x0, 0x7, 0xff, 0xf9, 0x0, 0x0, 0x0,
    0x7f, 0xff, 0x90, 0x0, 0x0, 0x7, 0xff, 0xf9,
    0x0, 0x0, 0x0, 0x7f, 0xff, 0x90, 0x0, 0x0,
    0x6, 0xff, 0xfa, 0x0, 0x0, 0x0, 0x5f, 0xff,
    0xf6, 0x35, 0x70, 0x1, 0xff, 0xff, 0xff, 0xfd,
    0x0, 0x8, 0xff, 0xff, 0xff, 0xd0, 0x0, 0x6,
    0xcf, 0xfe, 0xb6,

    /* U+0075 "u" */
    0xff, 0xff, 0x0, 0x0, 0x6, 0xff, 0xfa, 0xff,
    0xff, 0x0, 0x0, 0x6, 0xff, 0xfa, 0xff, 0xff,
    0x0, 0x0, 0x6, 0xff, 0xfa, 0xff, 0xff, 0x0,
    0x0, 0x6, 0xff, 0xfa, 0xff, 0xff, 0x0, 0x0,
    0x6, 0xff, 0xfa, 0xff, 0xff, 0x0, 0x0, 0x6,
    0xff, 0xfa, 0xff, 0xff, 0x0, 0x0, 0x6, 0xff,
    0xfa, 0xff, 0xff, 0x0, 0x0, 0x6, 0xff, 0xfa,
    0xff, 0xff, 0x0, 0x0, 0x7, 0xff, 0xfa, 0xff,
    0xff, 0x20, 0x0, 0xa, 0xff, 0xfa, 0xef, 0xff,
    0x60, 0x0, 0x1f, 0xff, 0xfa, 0xbf, 0xff, 0xf6,
    0x35, 0xdf, 0xff, 0xfa, 0x6f, 0xff, 0xff, 0xff,
    0xff, 0xff, 0xfa, 0xb, 0xff, 0xff, 0xff, 0xf5,
    0xdf, 0xfa, 0x0, 0x6c, 0xff, 0xe9, 0x20, 0x9f,
    0xfa,

    /* U+0076 "v" */
    0xdf, 0xff, 0x50, 0x0, 0x0, 0xf, 0xff, 0xf2,
    0x7f, 0xff, 0xb0, 0x0, 0x0, 0x5f, 0xff, 0xc0,
    0x1f, 0xff, 0xf0, 0x0, 0x0, 0xaf, 0xff, 0x60,
    0xb, 0xff, 0xf5, 0x0, 0x0, 0xff, 0xff, 0x10,
    0x5, 0xff, 0xfb, 0x0, 0x5, 0xff, 0xfa, 0x0,
    0x0, 0xef, 0xff, 0x0, 0xa, 0xff, 0xf4, 0x0,
    0x0, 0x9f, 0xff, 0x50, 0xf, 0xff, 0xe0, 0x0,
    0x0, 0x3f, 0xff, 0xb0, 0x5f, 0xff, 0x80, 0x0,
    0x0, 0xd, 0xff, 0xf0, 0xaf, 0xff, 0x20, 0x0,
    0x0, 0x7, 0xff, 0xf4, 0xef, 0xfc, 0x0, 0x0,
    0x0, 0x1, 0xff, 0xf9, 0xff, 0xf6, 0x0, 0x0,
    0x0, 0x0, 0xbf, 0xfe, 0xff, 0xf1, 0x0, 0x0,
    0x0, 0x0, 0x5f, 0xff, 0xff, 0xa0, 0x0, 0x0,
    0x0, 0x0, 0xe, 0xff, 0xff, 0x40, 0x0, 0x0,
    0x0, 0x0, 0x9, 0xff, 0xfe, 0x0, 0x0, 0x0,

    /* U+0077 "w" */
    0x9f, 0xff, 0x60, 0x0, 0xc, 0xff, 0xfe, 0x0,
    0x0, 0x3f, 0xff, 0xb5, 0xff, 0xfa, 0x0, 0x0,
    0xff, 0xff, 0xf2, 0x0, 0x7, 0xff, 0xf6, 0xf,
    0xff, 0xe0, 0x0, 0x4f, 0xff, 0xff, 0x60, 0x0,
    0xcf, 0xff, 0x20, 0xcf, 0xff, 0x20, 0x8, 0xff,
    0xbf, 0xfa, 0x0, 0xf, 0xff, 0xd0, 0x7, 0xff,
    0xf6, 0x0, 0xcf, 0xf4, 0xff, 0xe0, 0x4, 0xff,
    0xf9, 0x0, 0x3f, 0xff, 0xa0, 0xf, 0xfe, 0xd,
    0xff, 0x10, 0x8f, 0xff, 0x40, 0x0, 0xef, 0xfe,
    0x4, 0xff, 0xb0, 0xaf, 0xf5, 0xd, 0xff, 0xf0,
    0x0, 0xa, 0xff, 0xf2, 0x8f, 0xf7, 0x6, 0xff,
    0x90, 0xff, 0xfb, 0x0, 0x0, 0x5f, 0xff, 0x5b,
    0xff, 0x40, 0x3f, 0xfc, 0x3f, 0xff, 0x70, 0x0,
    0x1, 0xff, 0xf7, 0xdf, 0xf0, 0x0, 0xff, 0xf6,
    0xff, 0xf2, 0x0, 0x0, 0xc, 0xff, 0xaf, 0xfc,
    0x0, 0xb, 0xff, 0xaf, 0xfe, 0x0, 0x0, 0x0,
    0x8f, 0xfe, 0xff, 0x90, 0x0, 0x8f, 0xfe, 0xff,
    0x90, 0x0, 0x0, 0x3, 0xff, 0xff, 0xf5, 0x0,
    0x5, 0xff, 0xff, 0xf5, 0x0, 0x0, 0x0, 0xf,
    0xff, 0xff, 0x10, 0x0, 0x1f, 0xff, 0xff, 0x0,
    0x0, 0x0, 0x0, 0xbf, 0xff, 0xe0, 0x0, 0x0,
    0xef, 0xff, 0xc0, 0x0, 0x0,

    /* U+0078 "x" */
    0x4f, 0xff, 0xf3, 0x0, 0x0, 0x9f, 0xff, 0xd0,
    0xa, 0xff, 0xfd, 0x0, 0x3, 0xff, 0xff, 0x40,
    0x1, 0xef, 0xff, 0x70, 0xc, 0xff, 0xf9, 0x0,
    0x0, 0x5f, 0xff, 0xf1, 0x6f, 0xff, 0xe1, 0x0,
    0x0, 0xb, 0xff, 0xfb, 0xef, 0xff, 0x40, 0x0,
    0x0, 0x1, 0xff, 0xff, 0xff, 0xfa, 0x0, 0x0,
    0x0, 0x0, 0x6f, 0xff, 0xff, 0xe1, 0x0, 0x0,
    0x0, 0x0, 0x1f, 0xff, 0xff, 0xa0, 0x0, 0x0,
    0x0, 0x0, 0xaf, 0xff, 0xff, 0xf3, 0x0, 0x0,
    0x0, 0x4, 0xff, 0xff, 0xff, 0xfd, 0x0, 0x0,
    0x0, 0xe, 0xff, 0xf6, 0xcf, 0xff, 0x80, 0x0,
    0x0, 0x9f, 0xff, 0xc0, 0x3f, 0xff, 0xf3, 0x0,
    0x3, 0xff, 0xff, 0x30, 0x9, 0xff, 0xfd, 0x0,
    0xd, 0xff, 0xf9, 0x0, 0x1, 0xef, 0xff, 0x70,
    0x8f, 0xff, 0xe1, 0x0, 0x0, 0x6f, 0xff, 0xf2,

    /* U+0079 "y" */
    0xcf, 0xff, 0x90, 0x0, 0x0, 0x1f, 0xff, 0xf2,
    0x6f, 0xff, 0xe0, 0x0, 0x0, 0x7f, 0xff, 0xc0,
    0xf, 0xff, 0xf4, 0x0, 0x0, 0xcf, 0xff, 0x60,
    0x9, 0xff, 0xf9, 0x0, 0x1, 0xff, 0xff, 0x10,
    0x2, 0xff, 0xfe, 0x0, 0x7, 0xff, 0xfa, 0x0,
    0x0, 0xcf, 0xff, 0x40, 0xc, 0xff, 0xf4, 0x0,
    0x0, 0x5f, 0xff, 0x90, 0x2f, 0xff, 0xe0, 0x0,
    0x0, 0xe, 0xff, 0xe0, 0x7f, 0xff, 0x80, 0x0,
    0x0, 0x8, 0xff, 0xf4, 0xcf, 0xff, 0x20, 0x0,
    0x0, 0x2, 0xff, 0xf8, 0xff, 0xfc, 0x0, 0x0,
    0x0, 0x0, 0xbf, 0xfd, 0xff, 0xf6, 0x0, 0x0,
    0x0, 0x0, 0x5f, 0xff, 0xff, 0xf0, 0x0, 0x0,
    0x0, 0x0, 0xe, 0xff, 0xff, 0x90, 0x0, 0x0,
    0x0, 0x0, 0x8, 0xff, 0xff, 0x30, 0x0, 0x0,
    0x0, 0x0, 0x3, 0xff, 0xfd, 0x0, 0x0, 0x0,
    0x0, 0x0, 0x8, 0xff, 0xf7, 0x0, 0x0, 0x0,
    0x0, 0x0, 0x2f, 0xff, 0xf1, 0x0, 0x0, 0x0,
    0x5, 0x47, 0xef, 0xff, 0xa0, 0x0, 0x0, 0x0,
    0x1f, 0xff, 0xff, 0xfe, 0x10, 0x0, 0x0, 0x0,
    0x1f, 0xff, 0xff, 0xe3, 0x0, 0x0, 0x0, 0x0,
    0xd, 0xff, 0xd7, 0x0, 0x0, 0x0, 0x0, 0x0,

    /* U+007A "z" */
    0xd, 0xff, 0xff, 0xff, 0xff, 0xff, 0x20, 0xdf,
    0xff, 0xff, 0xff, 0xff, 0xf2, 0xd, 0xff, 0xff,
    0xff, 0xff, 0xff, 0x10, 0x1, 0x11, 0x11, 0xcf,
    0xff, 0x70, 0x0, 0x0, 0x0, 0x7f, 0xff, 0xc0,
    0x0, 0x0, 0x0, 0x3f, 0xff, 0xf2, 0x0, 0x0,
    0x0, 0xd, 0xff, 0xf5, 0x0, 0x0, 0x0, 0x9,
    0xff, 0xfa, 0x0, 0x0, 0x0, 0x5, 0xff, 0xfd,
    0x0, 0x0, 0x0, 0x1, 0xef, 0xff, 0x30, 0x0,
    0x0, 0x0, 0xbf, 0xff, 0x80, 0x0, 0x0, 0x0,
    0x7f, 0xff, 0xd1, 0x11, 0x11, 0x10, 0x2f, 0xff,
    0xff, 0xff, 0xff, 0xff, 0x54, 0xff, 0xff, 0xff,
    0xff, 0xff, 0xf5, 0x4f, 0xff, 0xff, 0xff, 0xff,
    0xff, 0x50,

    /* U+007B "{" */
    0x0, 0x0, 0x6, 0xbe, 0xf8, 0x0, 0x0, 0xaf,
    0xff, 0xf9, 0x0, 0x1, 0xff, 0xff, 0xf8, 0x0,
    0x3, 0xff, 0xfb, 0x10, 0x0, 0x3, 0xff, 0xf4,
    0x0, 0x0, 0x3, 0xff, 0xf4, 0x0, 0x0, 0x3,
    0xff, 0xf4, 0x0, 0x0, 0x3, 0xff, 0xf4, 0x0,
    0x0, 0x6, 0xff, 0xf4, 0x0, 0x1, 0x5e, 0xff,
    0xf1, 0x0, 0x9f, 0xff, 0xff, 0x70, 0x0, 0x9f,
    0xff, 0xa2, 0x0, 0x0, 0x9f, 0xff, 0xfe, 0x40,
    0x0, 0x14, 0x9f, 0xff, 0xe0, 0x0, 0x0, 0x8,
    0xff, 0xf3, 0x0, 0x0, 0x4, 0xff, 0xf4, 0x0,
    0x0, 0x3, 0xff, 0xf4, 0x0, 0x0, 0x3, 0xff,
    0xf4, 0x0, 0x0, 0x3, 0xff, 0xf4, 0x0, 0x0,
    0x3, 0xff, 0xf5, 0x0, 0x0, 0x2, 0xff, 0xfc,
    0x20, 0x0, 0x0, 0xff, 0xff, 0xf9, 0x0, 0x0,
    0x8f, 0xff, 0xf9, 0x0, 0x0, 0x5, 0xbd, 0xf8,

    /* U+007C "|" */
    0xff, 0xef, 0xfe, 0xff, 0xef, 0xfe, 0xff, 0xef,
    0xfe, 0xff, 0xef, 0xfe, 0xff, 0xef, 0xfe, 0xff,
    0xef, 0xfe, 0xff, 0xef, 0xfe, 0xff, 0xef, 0xfe,
    0xff, 0xef, 0xfe, 0xff, 0xef, 0xfe, 0xff, 0xef,
    0xfe, 0xff, 0xef, 0xfe, 0xff, 0xef, 0xfe,

    /* U+007D "}" */
    0xee, 0xda, 0x30, 0x0, 0x0, 0xef, 0xff, 0xf4,
    0x0, 0x0, 0xef, 0xff, 0xfb, 0x0, 0x0, 0x4,
    0xff, 0xfd, 0x0, 0x0, 0x0, 0xaf, 0xfd, 0x0,
    0x0, 0x0, 0xaf, 0xfd, 0x0, 0x0, 0x0, 0xaf,
    0xfd, 0x0, 0x0, 0x0, 0xaf, 0xfd, 0x0, 0x0,
    0x0, 0x9f, 0xff, 0x0, 0x0, 0x0, 0x7f, 0xff,
    0xb3, 0x10, 0x0, 0xc, 0xff, 0xff, 0xf3, 0x0,
    0x0, 0x5d, 0xff, 0xf3, 0x0, 0x8, 0xff, 0xff,
    0xf3, 0x0, 0x5f, 0xff, 0xe6, 0x30, 0x0, 0x9f,
    0xff, 0x20, 0x0, 0x0, 0xaf, 0xfe, 0x0, 0x0,
    0x0, 0xaf, 0xfd, 0x0, 0x0, 0x0, 0xaf, 0xfd,
    0x0, 0x0, 0x0, 0xaf, 0xfd, 0x0, 0x0, 0x0,
    0xbf, 0xfd, 0x0, 0x0, 0x4, 0xff, 0xfd, 0x0,
    0x0, 0xef, 0xff, 0xfa, 0x0, 0x0, 0xef, 0xff,
    0xf3, 0x0, 0x0, 0xee, 0xc9, 0x20, 0x0, 0x0,

    /* U+007E "~" */
    0x4, 0xbd, 0xc8, 0x20, 0x0, 0x0, 0x23, 0x7f,
    0xff, 0xff, 0xfa, 0x40, 0x5, 0xe4, 0xdf, 0xff,
    0xff, 0xff, 0xff, 0xff, 0xf4, 0xdb, 0x20, 0x39,
    0xff, 0xff, 0xff, 0xd1, 0x70, 0x0, 0x0, 0x18,
    0xdf, 0xea, 0x10, 0x0, 0x0, 0x0, 0x0, 0x0,
    0x0, 0x0,

    /* U+F001 "" */
    0x0, 0x0, 0x0, 0x0, 0x0, 0x0, 0x0, 0x0,
    0x0, 0x0, 0x0, 0x15, 0xac, 0x40, 0x0, 0x0,
    0x0, 0x0, 0x0, 0x0, 0x0, 0x0, 0x0, 0x27,
    0xcf, 0xff, 0xfe, 0x0, 0x0, 0x0, 0x0, 0x0,
    0x0, 0x0, 0x0, 0x49, 0xef, 0xff, 0xff, 0xff,
    0xf0, 0x0, 0x0, 0x0, 0x0, 0x0, 0x2, 0x6b,
    0xff, 0xff, 0xff, 0xff, 0xff, 0xff, 0x0, 0x0,
    0x0, 0x0, 0x3, 0x8d, 0xff, 0xff, 0xff, 0xff,
    0xff, 0xff, 0xff, 0xf0, 0x0, 0x0, 0x0, 0x8f,
    0xff, 0xff, 0xff, 0xff, 0xff, 0xff, 0xff, 0xff,
    0xff, 0x0, 0x0, 0x0, 0x3f, 0xff, 0xff, 0xff,
    0xff, 0xff, 0xff, 0xff, 0xff, 0xff, 0xf0, 0x0,
    0x0, 0x4, 0xff, 0xff, 0xff, 0xff, 0xff, 0xff,
    0xff, 0xfd, 0xbf, 0xff, 0x0, 0x0, 0x0, 0x4f,
    0xff, 0xff, 0xff, 0xff, 0xff, 0xfb, 0x61, 0x6,
    0xff, 0xf0, 0x0, 0x0, 0x4, 0xff, 0xff, 0xff,
    0xff, 0xd9, 0x40, 0x0, 0x0, 0x6f, 0xff, 0x0,
    0x0, 0x0, 0x4f, 0xff, 0xff, 0xb7, 0x20, 0x0,
    0x0, 0x0, 0x6, 0xff, 0xf0, 0x0, 0x0, 0x4,
    0xff, 0xf6, 0x0, 0x0, 0x0, 0x0, 0x0, 0x0,
    0x6f, 0xff, 0x0, 0x0, 0x0, 0x4f, 0xff, 0x20,
    0x0, 0x0, 0x0, 0x0, 0x0, 0x6, 0xff, 0xf0,
    0x0, 0x0, 0x4, 0xff, 0xf2, 0x0, 0x0, 0x0,
    0x0, 0x0, 0x0, 0x6f, 0xff, 0x0, 0x0, 0x0,
    0x4f, 0xff, 0x20, 0x0, 0x0, 0x0, 0x0, 0x0,
    0x6, 0xff, 0xf0, 0x0, 0x0, 0x4, 0xff, 0xf2,
    0x0, 0x0, 0x0, 0x0, 0x0, 0x0, 0x6f, 0xff,
    0x0, 0x0, 0x0, 0x4f, 0xff, 0x20, 0x0, 0x0,
    0x0, 0x0, 0x0, 0x6, 0xff, 0xf0, 0x0, 0x0,
    0x4, 0xff, 0xf2, 0x0, 0x0, 0x0, 0x1, 0x8c,
    0xee, 0xef, 0xff, 0x0, 0x0, 0x0, 0x4f, 0xff,
    0x20, 0x0, 0x0, 0x4, 0xff, 0xff, 0xff, 0xff,
    0xf0, 0x0, 0x0, 0x4, 0xff, 0xf2, 0x0, 0x0,
    0x0, 0xef, 0xff, 0xff, 0xff, 0xff, 0x0, 0x16,
    0x88, 0x9f, 0xff, 0x20, 0x0, 0x0, 0x1f, 0xff,
    0xff, 0xff, 0xff, 0xf0, 0x9f, 0xff, 0xff, 0xff,
    0xf2, 0x0, 0x0, 0x0, 0xdf, 0xff, 0xff, 0xff,
    0xfb, 0x9f, 0xff, 0xff, 0xff, 0xff, 0x20, 0x0,
    0x0, 0x2, 0xdf, 0xff, 0xff, 0xfc, 0x1f, 0xff,
    0xff, 0xff, 0xff, 0xf1, 0x0, 0x0, 0x0, 0x0,
    0x59, 0xbb, 0x94, 0x0, 0xdf, 0xff, 0xff, 0xff,
    0xff, 0x0, 0x0, 0x0, 0x0, 0x0, 0x0, 0x0,
    0x0, 0x4, 0xff, 0xff, 0xff, 0xff, 0x60, 0x0,
    0x0, 0x0, 0x0, 0x0, 0x0, 0x0, 0x0, 0x2,
    0xaf, 0xff, 0xfb, 0x30, 0x0, 0x0, 0x0, 0x0,
    0x0, 0x0, 0x0, 0x0, 0x0, 0x0, 0x1, 0x10,
    0x0, 0x0, 0x0, 0x0, 0x0, 0x0, 0x0, 0x0,
    0x0, 0x0,

    /* U+F008 "" */
    0x2, 0x0, 0x3, 0x44, 0x44, 0x44, 0x44, 0x44,
    0x44, 0x44, 0x43, 0x0, 0x2, 0xd, 0xb0, 0x0,
    0xff, 0xff, 0xff, 0xff, 0xff, 0xff, 0xff, 0xff,
    0xf0, 0x0, 0xbd, 0xff, 0x99, 0xaf, 0xff, 0xff,
    0xff, 0xff, 0xff, 0xff, 0xff, 0xff, 0xa9, 0x9f,
    0xff, 0xff, 0xff, 0xff, 0xc4, 0x44, 0x44, 0x44,
    0x44, 0x44, 0xcf, 0xff, 0xff, 0xff, 0xfc, 0x22,
    0x3f, 0xf9, 0x0, 0x0, 0x0, 0x0, 0x0, 0x9,
    0xff, 0x32, 0x2c, 0xff, 0xb0, 0x0, 0xff, 0x90,
    0x0, 0x0, 0x0, 0x0, 0x0, 0x9f, 0xf0, 0x0,
    0xbf, 0xfb, 0x0, 0xf, 0xf9, 0x0, 0x0, 0x0,
    0x0, 0x0, 0x9, 0xff, 0x0, 0xb, 0xff, 0xe8,
    0x89, 0xff, 0x90, 0x0, 0x0, 0x0, 0x0, 0x0,
    0x9f, 0xf9, 0x88, 0xef, 0xff, 0xff, 0xff, 0xf9,
    0x0, 0x0, 0x0, 0x0, 0x0, 0x9, 0xff, 0xff,
    0xff, 0xff, 0xd3, 0x34, 0xff, 0xd6, 0x66, 0x66,
    0x66, 0x66, 0x66, 0xdf, 0xf4, 0x33, 0xdf, 0xfb,
    0x0, 0xf, 0xff, 0xff, 0xff, 0xff, 0xff, 0xff,
    0xff, 0xff, 0x0, 0xb, 0xff, 0xb0, 0x0, 0xff,
    0xff, 0xff, 0xff, 0xff, 0xff, 0xff, 0xff, 0xf0,
    0x0, 0xbf, 0xfe, 0x77, 0x8f, 0xfb, 0x22, 0x22,
    0x22, 0x22, 0x22, 0x2b, 0xff, 0x87, 0x7e, 0xff,
    0xff, 0xff, 0xff, 0x90, 0x0, 0x0, 0x0, 0x0,
    0x0, 0x9f, 0xff, 0xff, 0xff, 0xfd, 0x44, 0x5f,
    0xf9, 0x0, 0x0, 0x0, 0x0, 0x0, 0x9, 0xff,
    0x54, 0x4d, 0xff, 0xb0, 0x0, 0xff, 0x90, 0x0,
    0x0, 0x0, 0x0, 0x0, 0x9f, 0xf0, 0x0, 0xbf,
    0xfb, 0x0, 0xf, 0xf9, 0x0, 0x0, 0x0, 0x0,
    0x0, 0x9, 0xff, 0x0, 0xb, 0xff, 0xe6, 0x67,
    0xff, 0x90, 0x0, 0x0, 0x0, 0x0, 0x0, 0x9f,
    0xf7, 0x66, 0xef, 0xff, 0xff, 0xff, 0xfe, 0x88,
    0x88, 0x88, 0x88, 0x88, 0x8e, 0xff, 0xff, 0xff,
    0xff, 0xd5, 0x56, 0xff, 0xff, 0xff, 0xff, 0xff,
    0xff, 0xff, 0xff, 0xf6, 0x55, 0xdf, 0xaa, 0x0,
    0xf, 0xff, 0xff, 0xff, 0xff, 0xff, 0xff, 0xff,
    0xff, 0x0, 0xa, 0xa0,

    /* U+F00B "" */
    0x9f, 0xff, 0xff, 0xe7, 0x2, 0xdf, 0xff, 0xff,
    0xff, 0xff, 0xff, 0xff, 0xff, 0x9f, 0xff, 0xff,
    0xff, 0xd0, 0x7f, 0xff, 0xff, 0xff, 0xff, 0xff,
    0xff, 0xff, 0xff, 0xff, 0xff, 0xff, 0xfd, 0x7,
    0xff, 0xff, 0xff, 0xff, 0xff, 0xff, 0xff, 0xff,
    0xff, 0xff, 0xff, 0xff, 0xd0, 0x7f, 0xff, 0xff,
    0xff, 0xff, 0xff, 0xff, 0xff, 0xff, 0xff, 0xff,
    0xff, 0xfd, 0x7, 0xff, 0xff, 0xff, 0xff, 0xff,
    0xff, 0xff, 0xff, 0xff, 0xff, 0xff, 0xff, 0xd0,
    0x6f, 0xff, 0xff, 0xff, 0xff, 0xff, 0xff, 0xff,
    0xff, 0x7c, 0xcc, 0xcc, 0xc5, 0x1, 0xbc, 0xcc,
    0xcc, 0xcc, 0xcc, 0xcc, 0xcc, 0xcc, 0x70, 0x0,
    0x0, 0x0, 0x0, 0x0, 0x0, 0x0, 0x0, 0x0,
    0x0, 0x0, 0x0, 0x0, 0x5b, 0xbb, 0xbb, 0xa4,
    0x1, 0x9b, 0xbb, 0xbb, 0xbb, 0xbb, 0xbb, 0xbb,
    0xbb, 0x5f, 0xff, 0xff, 0xff, 0xd0, 0x6f, 0xff,
    0xff, 0xff, 0xff, 0xff, 0xff, 0xff, 0xff, 0xff,
    0xff, 0xff, 0xfd, 0x7, 0xff, 0xff, 0xff, 0xff,
    0xff, 0xff, 0xff, 0xff, 0xff, 0xff, 0xff, 0xff,
    0xd0, 0x7f, 0xff, 0xff, 0xff, 0xff, 0xff, 0xff,
    0xff, 0xff, 0xff, 0xff, 0xff, 0xfd, 0x7, 0xff,
    0xff, 0xff, 0xff, 0xff, 0xff, 0xff, 0xff, 0xff,
    0xff, 0xff, 0xff, 0xd0, 0x7f, 0xff, 0xff, 0xff,
    0xff, 0xff, 0xff, 0xff, 0xff, 0xbf, 0xff, 0xff,
    0xf8, 0x3, 0xff, 0xff, 0xff, 0xff, 0xff, 0xff,
    0xff, 0xff, 0xb0, 0x0, 0x0, 0x0, 0x0, 0x0,
    0x0, 0x0, 0x0, 0x0, 0x0, 0x0, 0x0, 0x0,
    0x0, 0x0, 0x0, 0x0, 0x0, 0x0, 0x0, 0x0,
    0x0, 0x0, 0x0, 0x0, 0x0, 0xb, 0xff, 0xff,
    0xff, 0x80, 0x3f, 0xff, 0xff, 0xff, 0xff, 0xff,
    0xff, 0xff, 0xfa, 0xff, 0xff, 0xff, 0xfd, 0x7,
    0xff, 0xff, 0xff, 0xff, 0xff, 0xff, 0xff, 0xff,
    0xff, 0xff, 0xff, 0xff, 0xd0, 0x7f, 0xff, 0xff,
    0xff, 0xff, 0xff, 0xff, 0xff, 0xff, 0xff, 0xff,
    0xff, 0xfd, 0x7, 0xff, 0xff, 0xff, 0xff, 0xff,
    0xff, 0xff, 0xff, 0xff, 0xff, 0xff, 0xff, 0xd0,
    0x7f, 0xff, 0xff, 0xff, 0xff, 0xff, 0xff, 0xff,
    0xff, 0xff, 0xff, 0xff, 0xfd, 0x6, 0xff, 0xff,
    0xff, 0xff, 0xff, 0xff, 0xff, 0xff, 0xf6, 0xbb,
    0xbb, 0xbb, 0x40, 0x19, 0xbb, 0xbb, 0xbb, 0xbb,
    0xbb, 0xbb, 0xbb, 0xb5,

    /* U+F00C "" */
    0x0, 0x0, 0x0, 0x0, 0x0, 0x0, 0x0, 0x0,
    0x0, 0x0, 0x0, 0x2, 0x0, 0x0, 0x0, 0x0,
    0x0, 0x0, 0x0, 0x0, 0x0, 0x0, 0x0, 0x0,
    0x7, 0xfd, 0x10, 0x0, 0x0, 0x0, 0x0, 0x0,
    0x0, 0x0, 0x0, 0x0, 0x0, 0x7, 0xff, 0xfd,
    0x10, 0x0, 0x0, 0x0, 0x0, 0x0, 0x0, 0x0,
    0x0, 0x0, 0x7, 0xff, 0xff, 0xfd, 0x0, 0x0,
    0x0, 0x0, 0x0, 0x0, 0x0, 0x0, 0x0, 0x7,
    0xff, 0xff, 0xff, 0xe0, 0x0, 0x0, 0x0, 0x0,
    0x0, 0x0, 0x0, 0x0, 0x7, 0xff, 0xff, 0xff,
    0xe3, 0x0, 0x0, 0x0, 0x0, 0x0, 0x0, 0x0,
    0x0, 0x7, 0xff, 0xff, 0xff, 0xe3, 0x0, 0x2,
    0x50, 0x0, 0x0, 0x0, 0x0, 0x0, 0x7, 0xff,
    0xff, 0xff, 0xe3, 0x0, 0x4, 0xff, 0xb0, 0x0,
    0x0, 0x0, 0x0, 0x7, 0xff, 0xff, 0xff, 0xe3,
    0x0, 0x4, 0xff, 0xff, 0xb0, 0x0, 0x0, 0x0,
    0x7, 0xff, 0xff, 0xff, 0xe3, 0x0, 0x0, 0xef,
    0xff, 0xff, 0xb0, 0x0, 0x0, 0x7, 0xff, 0xff,
    0xff, 0xe3, 0x0, 0x0, 0xc, 0xff, 0xff, 0xff,
    0xb0, 0x0, 0x7, 0xff, 0xff, 0xff, 0xe3, 0x0,
    0x0, 0x0, 0x1d, 0xff, 0xff, 0xff, 0xb0, 0x7,
    0xff, 0xff, 0xff, 0xe3, 0x0, 0x0, 0x0, 0x0,
    0x1c, 0xff, 0xff, 0xff, 0xb8, 0xff, 0xff, 0xff,
    0xe3, 0x0, 0x0, 0x0, 0x0, 0x0, 0x1c, 0xff,
    0xff, 0xff, 0xff, 0xff, 0xff, 0xe3, 0x0, 0x0,
    0x0, 0x0, 0x0, 0x0, 0x1c, 0xff, 0xff, 0xff,
    0xff, 0xff, 0xe3, 0x0, 0x0, 0x0, 0x0, 0x0,
    0x0, 0x0, 0x1c, 0xff, 0xff, 0xff, 0xff, 0xe3,
    0x0, 0x0, 0x0, 0x0, 0x0, 0x0, 0x0, 0x0,
    0x1c, 0xff, 0xff, 0xff, 0xe3, 0x0, 0x0, 0x0,
    0x0, 0x0, 0x0, 0x0, 0x0, 0x0, 0x1c, 0xff,
    0xff, 0xe3, 0x0, 0x0, 0x0, 0x0, 0x0, 0x0,
    0x0, 0x0, 0x0, 0x0, 0x1c, 0xff, 0xe2, 0x0,
    0x0, 0x0, 0x0, 0x0, 0x0, 0x0, 0x0, 0x0,
    0x0, 0x0, 0x1b, 0xd2, 0x0, 0x0, 0x0, 0x0,
    0x0, 0x0, 0x0, 0x0,

    /* U+F00D "" */
    0x0, 0x53, 0x0, 0x0, 0x0, 0x0, 0x0, 0x5,
    0x30, 0x0, 0xcf, 0xf7, 0x0, 0x0, 0x0, 0x0,
    0x1d, 0xff, 0x60, 0xbf, 0xff, 0xf7, 0x0, 0x0,
    0x0, 0x1d, 0xff, 0xff, 0x4f, 0xff, 0xff, 0xf7,
    0x0, 0x0, 0x1d, 0xff, 0xff, 0xf8, 0x8f, 0xff,
    0xff, 0xf7, 0x0, 0x1d, 0xff, 0xff, 0xff, 0x20,
    0x9f, 0xff, 0xff, 0xf7, 0x1d, 0xff, 0xff, 0xff,
    0x30, 0x0, 0x9f, 0xff, 0xff, 0xfe, 0xff, 0xff,
    0xff, 0x30, 0x0, 0x0, 0x9f, 0xff, 0xff, 0xff,
    0xff, 0xff, 0x30, 0x0, 0x0, 0x0, 0x9f, 0xff,
    0xff, 0xff, 0xff, 0x30, 0x0, 0x0, 0x0, 0x0,
    0x9f, 0xff, 0xff, 0xff, 0x30, 0x0, 0x0, 0x0,
    0x0, 0x1d, 0xff, 0xff, 0xff, 0xf7, 0x0, 0x0,
    0x0, 0x0, 0x1d, 0xff, 0xff, 0xff, 0xff, 0xf7,
    0x0, 0x0, 0x0, 0x1d, 0xff, 0xff, 0xff, 0xff,
    0xff, 0xf7, 0x0, 0x0, 0x1d, 0xff, 0xff, 0xff,
    0xaf, 0xff, 0xff, 0xf7, 0x0, 0x1d, 0xff, 0xff,
    0xff, 0x30, 0x9f, 0xff, 0xff, 0xf7, 0xb, 0xff,
    0xff, 0xff, 0x30, 0x0, 0x9f, 0xff, 0xff, 0xf4,
    0xff, 0xff, 0xff, 0x30, 0x0, 0x0, 0x9f, 0xff,
    0xff, 0x87, 0xff, 0xff, 0x30, 0x0, 0x0, 0x0,
    0x9f, 0xff, 0xe2, 0x8, 0xfe, 0x30, 0x0, 0x0,
    0x0, 0x0, 0x9f, 0xe2, 0x0, 0x1, 0x0, 0x0,
    0x0, 0x0, 0x0, 0x0, 0x10, 0x0,

    /* U+F011 "" */
    0x0, 0x0, 0x0, 0x0, 0x0, 0x0, 0xbd, 0xd6,
    0x0, 0x0, 0x0, 0x0, 0x0, 0x0, 0x0, 0x0,
    0x0, 0x0, 0x0, 0x4, 0xff, 0xfe, 0x0, 0x0,
    0x0, 0x0, 0x0, 0x0, 0x0, 0x0, 0x0, 0x0,
    0x0, 0x4, 0xff, 0xfe, 0x0, 0x0, 0x0, 0x0,
    0x0, 0x0, 0x0, 0x0, 0x5, 0xea, 0x0, 0x4,
    0xff, 0xfe, 0x0, 0x2, 0xec, 0x20, 0x0, 0x0,
    0x0, 0x0, 0x7f, 0xff, 0x50, 0x4, 0xff, 0xfe,
    0x0, 0xb, 0xff, 0xe2, 0x0, 0x0, 0x0, 0x5,
    0xff, 0xff, 0xc0, 0x4, 0xff, 0xfe, 0x0, 0x2f,
    0xff, 0xfe, 0x10, 0x0, 0x0, 0x2f, 0xff, 0xff,
    0x80, 0x4, 0xff, 0xfe, 0x0, 0xd, 0xff, 0xff,
    0xc0, 0x0, 0x0, 0xcf, 0xff, 0xf8, 0x0, 0x4,
    0xff, 0xfe, 0x0, 0x1, 0xdf, 0xff, 0xf6, 0x0,
    0x3, 0xff, 0xff, 0x90, 0x0, 0x4, 0xff, 0xfe,
    0x0, 0x0, 0x1e, 0xff, 0xfe, 0x0, 0xa, 0xff,
    0xfe, 0x0, 0x0, 0x4, 0xff, 0xfe, 0x0, 0x0,
    0x5, 0xff, 0xff, 0x40, 0xf, 0xff, 0xf7, 0x0,
    0x0, 0x4, 0xff, 0xfe, 0x0, 0x0, 0x0, 0xdf,
    0xff, 0x90, 0x3f, 0xff, 0xf1, 0x0, 0x0, 0x4,
    0xff, 0xfe, 0x0, 0x0, 0x0, 0x8f, 0xff, 0xd0,
    0x5f, 0xff, 0xe0, 0x0, 0x0, 0x4, 0xff, 0xfe,
    0x0, 0x0, 0x0, 0x4f, 0xff, 0xf0, 0x6f, 0xff,
    0xc0, 0x0, 0x0, 0x4, 0xff, 0xfe, 0x0, 0x0,
    0x0, 0x2f, 0xff, 0xf0, 0x6f, 0xff, 0xd0, 0x0,
    0x0, 0x2, 0xff, 0xfc, 0x0, 0x0, 0x0, 0x3f,
    0xff, 0xf0, 0x5f, 0xff, 0xe0, 0x0, 0x0, 0x0,
    0x35, 0x51, 0x0, 0x0, 0x0, 0x5f, 0xff, 0xe0,
    0x2f, 0xff, 0xf3, 0x0, 0x0, 0x0, 0x0, 0x0,
    0x0, 0x0, 0x0, 0x9f, 0xff, 0xc0, 0xe, 0xff,
    0xf9, 0x0, 0x0, 0x0, 0x0, 0x0, 0x0, 0x0,
    0x0, 0xef, 0xff, 0x80, 0x9, 0xff, 0xff, 0x20,
    0x0, 0x0, 0x0, 0x0, 0x0, 0x0, 0x7, 0xff,
    0xff, 0x30, 0x2, 0xff, 0xff, 0xd0, 0x0, 0x0,
    0x0, 0x0, 0x0, 0x0, 0x4f, 0xff, 0xfc, 0x0,
    0x0, 0xaf, 0xff, 0xfc, 0x10, 0x0, 0x0, 0x0,
    0x0, 0x4, 0xff, 0xff, 0xf3, 0x0, 0x0, 0x1e,
    0xff, 0xff, 0xe5, 0x0, 0x0, 0x0, 0x1, 0x9f,
    0xff, 0xff, 0x90, 0x0, 0x0, 0x3, 0xff, 0xff,
    0xff, 0xd9, 0x64, 0x56, 0xaf, 0xff, 0xff, 0xfb,
    0x0, 0x0, 0x0, 0x0, 0x3e, 0xff, 0xff, 0xff,
    0xff, 0xff, 0xff, 0xff, 0xff, 0xb0, 0x0, 0x0,
    0x0, 0x0, 0x2, 0xcf, 0xff, 0xff, 0xff, 0xff,
    0xff, 0xff, 0xf8, 0x0, 0x0, 0x0, 0x0, 0x0,
    0x0, 0x6, 0xdf, 0xff, 0xff, 0xff, 0xff, 0xfb,
    0x20, 0x0, 0x0, 0x0, 0x0, 0x0, 0x0, 0x0,
    0x3, 0x8b, 0xee, 0xec, 0xa6, 0x10, 0x0, 0x0,
    0x0, 0x0,

    /* U+F013 "" */
    0x0, 0x0, 0x0, 0x0, 0x0, 0x0, 0x23, 0x20,
    0x0, 0x0, 0x0, 0x0, 0x0, 0x0, 0x0, 0x0,
    0x0, 0x0, 0xb, 0xff, 0xff, 0xfa, 0x0, 0x0,
    0x0, 0x0, 0x0, 0x0, 0x0, 0x0, 0x0, 0x0,
    0xef, 0xff, 0xff, 0xd0, 0x0, 0x0, 0x0, 0x0,
    0x0, 0x0, 0x0, 0x0, 0x0, 0xe, 0xff, 0xff,
    0xfd, 0x0, 0x0, 0x0, 0x0, 0x0, 0x0, 0x0,
    0x10, 0x0, 0x6, 0xff, 0xff, 0xff, 0xe5, 0x0,
    0x0, 0x20, 0x0, 0x0, 0x0, 0x8f, 0x91, 0x4e,
    0xff, 0xff, 0xff, 0xff, 0xfd, 0x32, 0xaf, 0x70,
    0x0, 0x0, 0x5f, 0xff, 0xff, 0xff, 0xff, 0xff,
    0xff, 0xff, 0xff, 0xff, 0xff, 0x30, 0x0, 0xe,
    0xff, 0xff, 0xff, 0xff, 0xff, 0xff, 0xff, 0xff,
    0xff, 0xff, 0xfd, 0x0, 0x7, 0xff, 0xff, 0xff,
    0xff, 0xff, 0xff, 0xff, 0xff, 0xff, 0xff, 0xff,
    0xf5, 0x0, 0xdf, 0xff, 0xff, 0xff, 0xff, 0xfc,
    0xac, 0xff, 0xff, 0xff, 0xff, 0xff, 0xc0, 0xd,
    0xff, 0xff, 0xff, 0xff, 0xd2, 0x0, 0x3, 0xef,
    0xff, 0xff, 0xff, 0xfb, 0x0, 0x7, 0xff, 0xff,
    0xff, 0xe1, 0x0, 0x0, 0x2, 0xff, 0xff, 0xff,
    0xe6, 0x0, 0x0, 0x8, 0xff, 0xff, 0xf7, 0x0,
    0x0, 0x0, 0x9, 0xff, 0xff, 0xf7, 0x0, 0x0,
    0x0, 0xaf, 0xff, 0xff, 0x40, 0x0, 0x0, 0x0,
    0x5f, 0xff, 0xff, 0x80, 0x0, 0x0, 0x9, 0xff,
    0xff, 0xf4, 0x0, 0x0, 0x0, 0x6, 0xff, 0xff,
    0xf8, 0x0, 0x0, 0x0, 0x9f, 0xff, 0xff, 0x90,
    0x0, 0x0, 0x0, 0xaf, 0xff, 0xff, 0x80, 0x0,
    0x2, 0xbf, 0xff, 0xff, 0xff, 0x30, 0x0, 0x0,
    0x4f, 0xff, 0xff, 0xff, 0xa1, 0x0, 0xff, 0xff,
    0xff, 0xff, 0xff, 0x60, 0x1, 0x7f, 0xff, 0xff,
    0xff, 0xff, 0xe0, 0xc, 0xff, 0xff, 0xff, 0xff,
    0xff, 0xfe, 0xff, 0xff, 0xff, 0xff, 0xff, 0xfa,
    0x0, 0x5f, 0xff, 0xff, 0xff, 0xff, 0xff, 0xff,
    0xff, 0xff, 0xff, 0xff, 0xff, 0x40, 0x0, 0xcf,
    0xff, 0xff, 0xff, 0xff, 0xff, 0xff, 0xff, 0xff,
    0xff, 0xff, 0xb0, 0x0, 0x2, 0xff, 0xfc, 0xef,
    0xff, 0xff, 0xff, 0xff, 0xff, 0xed, 0xff, 0xe1,
    0x0, 0x0, 0x5, 0xd6, 0x1, 0xaf, 0xff, 0xff,
    0xff, 0xff, 0xa1, 0x6, 0xd4, 0x0, 0x0, 0x0,
    0x0, 0x0, 0x0, 0x2f, 0xff, 0xff, 0xfe, 0x20,
    0x0, 0x0, 0x0, 0x0, 0x0, 0x0, 0x0, 0x0,
    0x0, 0xef, 0xff, 0xff, 0xd0, 0x0, 0x0, 0x0,
    0x0, 0x0, 0x0, 0x0, 0x0, 0x0, 0xe, 0xff,
    0xff, 0xfd, 0x0, 0x0, 0x0, 0x0, 0x0, 0x0,
    0x0, 0x0, 0x0, 0x0, 0x8c, 0xef, 0xec, 0x70,
    0x0, 0x0, 0x0, 0x0, 0x0, 0x0, 0x0, 0x0,
    0x0, 0x0, 0x0, 0x0, 0x0, 0x0, 0x0, 0x0,
    0x0, 0x0,

    /* U+F015 "" */
    0x0, 0x0, 0x0, 0x0, 0x0, 0x0, 0x4, 0xde,
    0x80, 0x0, 0x5, 0xff, 0xf9, 0x0, 0x0, 0x0,
    0x0, 0x0, 0x0, 0x0, 0x0, 0x8, 0xff, 0xff,
    0xb1, 0x0, 0x7f, 0xff, 0xb0, 0x0, 0x0, 0x0,
    0x0, 0x0, 0x0, 0x0, 0xa, 0xff, 0xff, 0xff,
    0xd2, 0x7, 0xff, 0xfb, 0x0, 0x0, 0x0, 0x0,
    0x0, 0x0, 0x0, 0x2d, 0xff, 0xff, 0xff, 0xff,
    0xf4, 0x7f, 0xff, 0xb0, 0x0, 0x0, 0x0, 0x0,
    0x0, 0x0, 0x3e, 0xff, 0xfe, 0x31, 0xbf, 0xff,
    0xfd, 0xff, 0xfb, 0x0, 0x0, 0x0, 0x0, 0x0,
    0x0, 0x6f, 0xff, 0xfd, 0x20, 0x0, 0x9f, 0xff,
    0xff, 0xff, 0xb0, 0x0, 0x0, 0x0, 0x0, 0x0,
    0x9f, 0xff, 0xfb, 0x0, 0x9d, 0x20, 0x6f, 0xff,
    0xff, 0xfb, 0x0, 0x0, 0x0, 0x0, 0x1, 0xbf,
    0xff, 0xf8, 0x1, 0xcf, 0xff, 0x40, 0x3e, 0xff,
    0xff, 0xb0, 0x0, 0x0, 0x0, 0x2, 0xdf, 0xff,
    0xf5, 0x2, 0xef, 0xff, 0xff, 0x70, 0x1d, 0xff,
    0xff, 0x50, 0x0, 0x0, 0x4, 0xff, 0xff, 0xe3,
    0x5, 0xff, 0xff, 0xff, 0xff, 0x90, 0xa, 0xff,
    0xff, 0x80, 0x0, 0x7, 0xff, 0xff, 0xc1, 0x7,
    0xff, 0xff, 0xff, 0xff, 0xff, 0xc1, 0x8, 0xff,
    0xff, 0xb1, 0x9, 0xff, 0xff, 0xa0, 0xa, 0xff,
    0xff, 0xff, 0xff, 0xff, 0xff, 0xe2, 0x5, 0xff,
    0xff, 0xd1, 0xcf, 0xff, 0x70, 0x1c, 0xff, 0xff,
    0xff, 0xff, 0xff, 0xff, 0xff, 0xf5, 0x3, 0xef,
    0xff, 0x21, 0xef, 0x40, 0x3e, 0xff, 0xff, 0xff,
    0xff, 0xff, 0xff, 0xff, 0xff, 0xf7, 0x1, 0xcf,
    0x60, 0x2, 0x20, 0xe, 0xff, 0xff, 0xff, 0xff,
    0xff, 0xff, 0xff, 0xff, 0xff, 0xf4, 0x0, 0x40,
    0x0, 0x0, 0x0, 0xff, 0xff, 0xff, 0xff, 0xff,
    0xff, 0xff, 0xff, 0xff, 0xff, 0x50, 0x0, 0x0,
    0x0, 0x0, 0xf, 0xff, 0xff, 0xff, 0xff, 0xee,
    0xef, 0xff, 0xff, 0xff, 0xf5, 0x0, 0x0, 0x0,
    0x0, 0x0, 0xff, 0xff, 0xff, 0xfc, 0x0, 0x0,
    0x6f, 0xff, 0xff, 0xff, 0x50, 0x0, 0x0, 0x0,
    0x0, 0xf, 0xff, 0xff, 0xff, 0xa0, 0x0, 0x4,
    0xff, 0xff, 0xff, 0xf5, 0x0, 0x0, 0x0, 0x0,
    0x0, 0xff, 0xff, 0xff, 0xfa, 0x0, 0x0, 0x4f,
    0xff, 0xff, 0xff, 0x50, 0x0, 0x0, 0x0, 0x0,
    0xf, 0xff, 0xff, 0xff, 0xa0, 0x0, 0x4, 0xff,
    0xff, 0xff, 0xf5, 0x0, 0x0, 0x0, 0x0, 0x0,
    0xff, 0xff, 0xff, 0xfa, 0x0, 0x0, 0x4f, 0xff,
    0xff, 0xff, 0x50, 0x0, 0x0, 0x0, 0x0, 0xe,
    0xff, 0xff, 0xff, 0xa0, 0x0, 0x4, 0xff, 0xff,
    0xff, 0xf4, 0x0, 0x0, 0x0, 0x0, 0x0, 0x7a,
    0xaa, 0xaa, 0xa4, 0x0, 0x0, 0xa, 0xaa, 0xaa,
    0xa9, 0x10, 0x0, 0x0,

    /* U+F019 "" */
    0x0, 0x0, 0x0, 0x0, 0x0, 0x39, 0x99, 0x99,
    0x30, 0x0, 0x0, 0x0, 0x0, 0x0, 0x0, 0x0,
    0x0, 0x0, 0xd, 0xff, 0xff, 0xfd, 0x0, 0x0,
    0x0, 0x0, 0x0, 0x0, 0x0, 0x0, 0x0, 0x0,
    0xef, 0xff, 0xff, 0xe0, 0x0, 0x0, 0x0, 0x0,
    0x0, 0x0, 0x0, 0x0, 0x0, 0xe, 0xff, 0xff,
    0xfe, 0x0, 0x0, 0x0, 0x0, 0x0, 0x0, 0x0,
    0x0, 0x0, 0x0, 0xef, 0xff, 0xff, 0xe0, 0x0,
    0x0, 0x0, 0x0, 0x0, 0x0, 0x0, 0x0, 0x0,
    0xe, 0xff, 0xff, 0xfe, 0x0, 0x0, 0x0, 0x0,
    0x0, 0x0, 0x0, 0x0, 0x0, 0x0, 0xef, 0xff,
    0xff, 0xe0, 0x0, 0x0, 0x0, 0x0, 0x0, 0x0,
    0x0, 0x0, 0x0, 0xe, 0xff, 0xff, 0xfe, 0x0,
    0x0, 0x0, 0x0, 0x0, 0x0, 0x0, 0x0, 0x0,
    0x0, 0xef, 0xff, 0xff, 0xe0, 0x0, 0x0, 0x0,
    0x0, 0x0, 0x0, 0x0, 0x0, 0x0, 0xe, 0xff,
    0xff, 0xfe, 0x0, 0x0, 0x0, 0x0, 0x0, 0x0,
    0x0, 0x17, 0x77, 0x77, 0xef, 0xff, 0xff, 0xe7,
    0x77, 0x77, 0x10, 0x0, 0x0, 0x0, 0x7, 0xff,
    0xff, 0xff, 0xff, 0xff, 0xff, 0xff, 0xff, 0xf7,
    0x0, 0x0, 0x0, 0x0, 0x2e, 0xff, 0xff, 0xff,
    0xff, 0xff, 0xff, 0xff, 0xfe, 0x20, 0x0, 0x0,
    0x0, 0x0, 0x2e, 0xff, 0xff, 0xff, 0xff, 0xff,
    0xff, 0xfe, 0x20, 0x0, 0x0, 0x0, 0x0, 0x0,
    0x2e, 0xff, 0xff, 0xff, 0xff, 0xff, 0xfe, 0x20,
    0x0, 0x0, 0x0, 0x0, 0x0, 0x0, 0x2e, 0xff,
    0xff, 0xff, 0xff, 0xfe, 0x20, 0x0, 0x0, 0x0,
    0x0, 0x0, 0x0, 0x0, 0x2e, 0xff, 0xff, 0xff,
    0xfe, 0x20, 0x0, 0x0, 0x0, 0x0, 0x0, 0x0,
    0x0, 0x0, 0x2e, 0xff, 0xff, 0xfe, 0x20, 0x0,
    0x0, 0x0, 0x0, 0x0, 0x0, 0x0, 0x0, 0x0,
    0x2e, 0xff, 0xfe, 0x20, 0x0, 0x0, 0x0, 0x0,
    0xb, 0xff, 0xff, 0xff, 0xff, 0x90, 0x2e, 0xfe,
    0x20, 0x9f, 0xff, 0xff, 0xff, 0xfa, 0xff, 0xff,
    0xff, 0xff, 0xff, 0x90, 0x29, 0x20, 0x9f, 0xff,
    0xff, 0xff, 0xff, 0xff, 0xff, 0xff, 0xff, 0xff,
    0xff, 0x90, 0x0, 0x9f, 0xff, 0xff, 0xff, 0xff,
    0xff, 0xff, 0xff, 0xff, 0xff, 0xff, 0xff, 0xeb,
    0xef, 0xff, 0xff, 0xff, 0xff, 0xff, 0xff, 0xff,
    0xff, 0xff, 0xff, 0xff, 0xff, 0xff, 0xff, 0xff,
    0xdf, 0xfe, 0xff, 0xff, 0xff, 0xff, 0xff, 0xff,
    0xff, 0xff, 0xff, 0xff, 0xff, 0x70, 0xad, 0x4,
    0xff, 0xff, 0xff, 0xff, 0xff, 0xff, 0xff, 0xff,
    0xff, 0xff, 0xfa, 0x2c, 0xe3, 0x7f, 0xff, 0xef,
    0xff, 0xff, 0xff, 0xff, 0xff, 0xff, 0xff, 0xff,
    0xff, 0xff, 0xff, 0xff, 0xe2, 0x56, 0x66, 0x66,
    0x66, 0x66, 0x66, 0x66, 0x66, 0x66, 0x66, 0x66,
    0x66, 0x52,

    /* U+F01C "" */
    0x0, 0x0, 0x0, 0x1, 0x34, 0x44, 0x44, 0x44,
    0x44, 0x44, 0x44, 0x30, 0x0, 0x0, 0x0, 0x0,
    0x0, 0x0, 0x9, 0xff, 0xff, 0xff, 0xff, 0xff,
    0xff, 0xff, 0xff, 0xd1, 0x0, 0x0, 0x0, 0x0,
    0x0, 0x6, 0xff, 0xff, 0xff, 0xff, 0xff, 0xff,
    0xff, 0xff, 0xff, 0xc0, 0x0, 0x0, 0x0, 0x0,
    0x2, 0xff, 0xff, 0xff, 0xff, 0xff, 0xff, 0xff,
    0xff, 0xff, 0xff, 0x70, 0x0, 0x0, 0x0, 0x0,
    0xbf, 0xff, 0x52, 0x22, 0x22, 0x22, 0x22, 0x22,
    0x22, 0xef, 0xff, 0x20, 0x0, 0x0, 0x0, 0x6f,
    0xff, 0xa0, 0x0, 0x0, 0x0, 0x0, 0x0, 0x0,
    0x4, 0xff, 0xfc, 0x0, 0x0, 0x0, 0x2f, 0xff,
    0xe1, 0x0, 0x0, 0x0, 0x0, 0x0, 0x0, 0x0,
    0x9, 0xff, 0xf7, 0x0, 0x0, 0xb, 0xff, 0xf4,
    0x0, 0x0, 0x0, 0x0, 0x0, 0x0, 0x0, 0x0,
    0xe, 0xff, 0xf2, 0x0, 0x6, 0xff, 0xfa, 0x0,
    0x0, 0x0, 0x0, 0x0, 0x0, 0x0, 0x0, 0x0,
    0x4f, 0xff, 0xc0, 0x2, 0xff, 0xfe, 0x10, 0x0,
    0x0, 0x0, 0x0, 0x0, 0x0, 0x0, 0x0, 0x0,
    0x9f, 0xff, 0x70, 0xbf, 0xff, 0x62, 0x22, 0x22,
    0x10, 0x0, 0x0, 0x0, 0x0, 0x22, 0x22, 0x22,
    0xef, 0xff, 0x1f, 0xff, 0xff, 0xff, 0xff, 0xfd,
    0x0, 0x0, 0x0, 0x0, 0x7f, 0xff, 0xff, 0xff,
    0xff, 0xf5, 0xff, 0xff, 0xff, 0xff, 0xff, 0xf5,
    0x0, 0x0, 0x0, 0xe, 0xff, 0xff, 0xff, 0xff,
    0xff, 0x6f, 0xff, 0xff, 0xff, 0xff, 0xff, 0xd0,
    0x0, 0x0, 0x7, 0xff, 0xff, 0xff, 0xff, 0xff,
    0xf6, 0xff, 0xff, 0xff, 0xff, 0xff, 0xff, 0xcc,
    0xcc, 0xcc, 0xff, 0xff, 0xff, 0xff, 0xff, 0xff,
    0x6f, 0xff, 0xff, 0xff, 0xff, 0xff, 0xff, 0xff,
    0xff, 0xff, 0xff, 0xff, 0xff, 0xff, 0xff, 0xf6,
    0xff, 0xff, 0xff, 0xff, 0xff, 0xff, 0xff, 0xff,
    0xff, 0xff, 0xff, 0xff, 0xff, 0xff, 0xff, 0x6f,
    0xff, 0xff, 0xff, 0xff, 0xff, 0xff, 0xff, 0xff,
    0xff, 0xff, 0xff, 0xff, 0xff, 0xff, 0xf6, 0xff,
    0xff, 0xff, 0xff, 0xff, 0xff, 0xff, 0xff, 0xff,
    0xff, 0xff, 0xff, 0xff, 0xff, 0xff, 0x5b, 0xff,
    0xff, 0xff, 0xff, 0xff, 0xff, 0xff, 0xff, 0xff,
    0xff, 0xff, 0xff, 0xff, 0xff, 0xf2, 0x1b, 0xff,
    0xff, 0xff, 0xff, 0xff, 0xff, 0xff, 0xff, 0xff,
    0xff, 0xff, 0xff, 0xff, 0xd5, 0x0,

    /* U+F021 "" */
    0x0, 0x0, 0x0, 0x0, 0x0, 0x0, 0x1, 0x0,
    0x0, 0x0, 0x0, 0x7, 0xcc, 0xa0, 0x0, 0x0,
    0x0, 0x2, 0x8c, 0xff, 0xff, 0xea, 0x50, 0x0,
    0x0, 0xbf, 0xff, 0x0, 0x0, 0x0, 0x2a, 0xff,
    0xff, 0xff, 0xff, 0xff, 0xf8, 0x0, 0xa, 0xff,
    0xf0, 0x0, 0x0, 0x6f, 0xff, 0xff, 0xff, 0xff,
    0xff, 0xff, 0xfe, 0x40, 0xaf, 0xff, 0x0, 0x0,
    0x8f, 0xff, 0xff, 0xfe, 0xba, 0xbe, 0xff, 0xff,
    0xff, 0x89, 0xff, 0xf0, 0x0, 0x8f, 0xff, 0xff,
    0xa3, 0x0, 0x0, 0x4, 0xaf, 0xff, 0xff, 0xef,
    0xff, 0x0, 0x4f, 0xff, 0xfd, 0x30, 0x0, 0x0,
    0x0, 0x0, 0x3d, 0xff, 0xff, 0xff, 0xf0, 0xe,
    0xff, 0xfc, 0x10, 0x0, 0x0, 0x0, 0x0, 0x0,
    0xb, 0xff, 0xff, 0xff, 0x6, 0xff, 0xfe, 0x10,
    0x0, 0x0, 0x0, 0x7, 0xa9, 0x98, 0x8f, 0xff,
    0xff, 0xf0, 0xdf, 0xff, 0x50, 0x0, 0x0, 0x0,
    0x0, 0xdf, 0xff, 0xff, 0xff, 0xff, 0xff, 0x2f,
    0xff, 0xd0, 0x0, 0x0, 0x0, 0x0, 0xd, 0xff,
    0xff, 0xff, 0xff, 0xff, 0xf4, 0xff, 0xf7, 0x0,
    0x0, 0x0, 0x0, 0x0, 0xbf, 0xff, 0xff, 0xff,
    0xff, 0xfe, 0x0, 0x0, 0x0, 0x0, 0x0, 0x0,
    0x0, 0x0, 0x0, 0x0, 0x0, 0x0, 0x0, 0x0,
    0x0, 0x0, 0x0, 0x0, 0x0, 0x0, 0x0, 0x0,
    0x0, 0x0, 0x0, 0x0, 0x0, 0x0, 0x0, 0x0,
    0x0, 0x0, 0x0, 0x0, 0x0, 0x0, 0x0, 0x0,
    0x0, 0x0, 0x7, 0x99, 0x99, 0x99, 0x99, 0x99,
    0x50, 0x0, 0x0, 0x0, 0x0, 0x3, 0x99, 0x91,
    0xff, 0xff, 0xff, 0xff, 0xff, 0xfc, 0x0, 0x0,
    0x0, 0x0, 0x0, 0xbf, 0xff, 0x3f, 0xff, 0xff,
    0xff, 0xff, 0xff, 0xd0, 0x0, 0x0, 0x0, 0x0,
    0x1f, 0xff, 0xe0, 0xff, 0xff, 0xff, 0xef, 0xff,
    0xfc, 0x0, 0x0, 0x0, 0x0, 0xa, 0xff, 0xfa,
    0xf, 0xff, 0xff, 0xf4, 0x0, 0x12, 0x0, 0x0,
    0x0, 0x0, 0x5, 0xff, 0xff, 0x20, 0xff, 0xff,
    0xff, 0xf4, 0x0, 0x0, 0x0, 0x0, 0x0, 0x5,
    0xff, 0xff, 0xa0, 0xf, 0xff, 0xff, 0xff, 0xf8,
    0x0, 0x0, 0x0, 0x0, 0x8, 0xff, 0xff, 0xe1,
    0x0, 0xff, 0xfc, 0xff, 0xff, 0xfe, 0x72, 0x0,
    0x2, 0x7e, 0xff, 0xff, 0xf3, 0x0, 0xf, 0xff,
    0x94, 0xff, 0xff, 0xff, 0xff, 0xef, 0xff, 0xff,
    0xff, 0xf4, 0x0, 0x0, 0xff, 0xfa, 0x2, 0xbf,
    0xff, 0xff, 0xff, 0xff, 0xff, 0xff, 0xc2, 0x0,
    0x0, 0xf, 0xff, 0xb0, 0x0, 0x4c, 0xff, 0xff,
    0xff, 0xff, 0xfe, 0x70, 0x0, 0x0, 0x0, 0xff,
    0xfb, 0x0, 0x0, 0x2, 0x7b, 0xde, 0xdc, 0x84,
    0x0, 0x0, 0x0, 0x0, 0x2, 0x33, 0x10, 0x0,
    0x0, 0x0, 0x0, 0x0, 0x0, 0x0, 0x0, 0x0,
    0x0, 0x0,

    /* U+F026 "" */
    0x0, 0x0, 0x0, 0x0, 0x0, 0x0, 0x20, 0x0,
    0x0, 0x0, 0x0, 0x0, 0x2e, 0xf4, 0x0, 0x0,
    0x0, 0x0, 0x2, 0xef, 0xf7, 0x0, 0x0, 0x0,
    0x0, 0x2e, 0xff, 0xf8, 0x0, 0x0, 0x0, 0x2,
    0xef, 0xff, 0xf8, 0x2, 0x22, 0x22, 0x3e, 0xff,
    0xff, 0xf8, 0xcf, 0xff, 0xff, 0xff, 0xff, 0xff,
    0xf8, 0xff, 0xff, 0xff, 0xff, 0xff, 0xff, 0xf8,
    0xff, 0xff, 0xff, 0xff, 0xff, 0xff, 0xf8, 0xff,
    0xff, 0xff, 0xff, 0xff, 0xff, 0xf8, 0xff, 0xff,
    0xff, 0xff, 0xff, 0xff, 0xf8, 0xff, 0xff, 0xff,
    0xff, 0xff, 0xff, 0xf8, 0xff, 0xff, 0xff, 0xff,
    0xff, 0xff, 0xf8, 0xff, 0xff, 0xff, 0xff, 0xff,
    0xff, 0xf8, 0xff, 0xff, 0xff, 0xff, 0xff, 0xff,
    0xf8, 0x9f, 0xff, 0xff, 0xff, 0xff, 0xff, 0xf8,
    0x0, 0x0, 0x0, 0xc, 0xff, 0xff, 0xf8, 0x0,
    0x0, 0x0, 0x0, 0xcf, 0xff, 0xf8, 0x0, 0x0,
    0x0, 0x0, 0xc, 0xff, 0xf8, 0x0, 0x0, 0x0,
    0x0, 0x0, 0xcf, 0xf7, 0x0, 0x0, 0x0, 0x0,
    0x0, 0xb, 0xe3, 0x0, 0x0, 0x0, 0x0, 0x0,
    0x0, 0x0,

    /* U+F027 "" */
    0x0, 0x0, 0x0, 0x0, 0x0, 0x0, 0x10, 0x0,
    0x0, 0x0, 0x0, 0x0, 0x0, 0x0, 0x0, 0x1,
    0xdf, 0x40, 0x0, 0x0, 0x0, 0x0, 0x0, 0x0,
    0x0, 0x1, 0xdf, 0xf7, 0x0, 0x0, 0x0, 0x0,
    0x0, 0x0, 0x0, 0x1, 0xdf, 0xff, 0x80, 0x0,
    0x0, 0x0, 0x0, 0x0, 0x0, 0x1, 0xdf, 0xff,
    0xf8, 0x0, 0x0, 0x0, 0x0, 0x22, 0x22, 0x23,
    0xdf, 0xff, 0xff, 0x80, 0x0, 0x0, 0x0, 0xcf,
    0xff, 0xff, 0xff, 0xff, 0xff, 0xf8, 0x0, 0x13,
    0x0, 0xf, 0xff, 0xff, 0xff, 0xff, 0xff, 0xff,
    0x80, 0xe, 0xf9, 0x0, 0xff, 0xff, 0xff, 0xff,
    0xff, 0xff, 0xf8, 0x0, 0xdf, 0xf7, 0xf, 0xff,
    0xff, 0xff, 0xff, 0xff, 0xff, 0x80, 0x1, 0xdf,
    0xe0, 0xff, 0xff, 0xff, 0xff, 0xff, 0xff, 0xf8,
    0x0, 0x5, 0xff, 0x2f, 0xff, 0xff, 0xff, 0xff,
    0xff, 0xff, 0x80, 0x0, 0x6f, 0xf2, 0xff, 0xff,
    0xff, 0xff, 0xff, 0xff, 0xf8, 0x0, 0x2e, 0xfe,
    0xf, 0xff, 0xff, 0xff, 0xff, 0xff, 0xff, 0x80,
    0xe, 0xff, 0x60, 0xff, 0xff, 0xff, 0xff, 0xff,
    0xff, 0xf8, 0x0, 0xdf, 0x70, 0xa, 0xff, 0xff,
    0xff, 0xff, 0xff, 0xff, 0x80, 0x0, 0x10, 0x0,
    0x0, 0x0, 0x0, 0xc, 0xff, 0xff, 0xf8, 0x0,
    0x0, 0x0, 0x0, 0x0, 0x0, 0x0, 0xc, 0xff,
    0xff, 0x80, 0x0, 0x0, 0x0, 0x0, 0x0, 0x0,
    0x0, 0xc, 0xff, 0xf8, 0x0, 0x0, 0x0, 0x0,
    0x0, 0x0, 0x0, 0x0, 0xc, 0xff, 0x70, 0x0,
    0x0, 0x0, 0x0, 0x0, 0x0, 0x0, 0x0, 0xb,
    0xf3, 0x0, 0x0, 0x0, 0x0, 0x0, 0x0, 0x0,
    0x0, 0x0, 0x0, 0x0, 0x0, 0x0, 0x0,

    /* U+F028 "" */
    0x0, 0x0, 0x0, 0x0, 0x0, 0x0, 0x0, 0x0,
    0x0, 0x0, 0x0, 0xa9, 0x0, 0x0, 0x0, 0x0,
    0x0, 0x0, 0x0, 0x0, 0x0, 0x0, 0x0, 0x0,
    0x0, 0x0, 0x4f, 0xfd, 0x20, 0x0, 0x0, 0x0,
    0x0, 0x0, 0x0, 0x0, 0x0, 0x20, 0x0, 0x0,
    0x0, 0x0, 0xbf, 0xfe, 0x30, 0x0, 0x0, 0x0,
    0x0, 0x0, 0x0, 0x2, 0xef, 0x40, 0x0, 0x0,
    0x0, 0x0, 0x8f, 0xfe, 0x10, 0x0, 0x0, 0x0,
    0x0, 0x0, 0x2, 0xef, 0xf7, 0x0, 0x0, 0x5,
    0x70, 0x0, 0x7f, 0xfc, 0x0, 0x0, 0x0, 0x0,
    0x0, 0x2, 0xef, 0xff, 0x80, 0x0, 0x1, 0xff,
    0xc1, 0x0, 0xaf, 0xf6, 0x0, 0x0, 0x0, 0x0,
    0x2, 0xef, 0xff, 0xf8, 0x0, 0x0, 0xc, 0xff,
    0xd0, 0x1, 0xef, 0xe0, 0x0, 0x22, 0x22, 0x23,
    0xef, 0xff, 0xff, 0x80, 0x0, 0x0, 0xa, 0xff,
    0xa0, 0x6, 0xff, 0x50, 0xcf, 0xff, 0xff, 0xff,
    0xff, 0xff, 0xf8, 0x0, 0x24, 0x0, 0xb, 0xff,
    0x40, 0xf, 0xfa, 0xf, 0xff, 0xff, 0xff, 0xff,
    0xff, 0xff, 0x80, 0xe, 0xfa, 0x0, 0x1f, 0xfb,
    0x0, 0xaf, 0xf0, 0xff, 0xff, 0xff, 0xff, 0xff,
    0xff, 0xf8, 0x0, 0xdf, 0xf8, 0x0, 0xaf, 0xf0,
    0x6, 0xff, 0x2f, 0xff, 0xff, 0xff, 0xff, 0xff,
    0xff, 0x80, 0x1, 0xcf, 0xf0, 0x5, 0xff, 0x30,
    0x3f, 0xf4, 0xff, 0xff, 0xff, 0xff, 0xff, 0xff,
    0xf8, 0x0, 0x5, 0xff, 0x20, 0x4f, 0xf4, 0x2,
    0xff, 0x5f, 0xff, 0xff, 0xff, 0xff, 0xff, 0xff,
    0x80, 0x0, 0x6f, 0xf2, 0x4, 0xff, 0x40, 0x3f,
    0xf5, 0xff, 0xff, 0xff, 0xff, 0xff, 0xff, 0xf8,
    0x0, 0x3e, 0xfe, 0x0, 0x6f, 0xf2, 0x4, 0xff,
    0x4f, 0xff, 0xff, 0xff, 0xff, 0xff, 0xff, 0x80,
    0xf, 0xff, 0x50, 0xb, 0xfe, 0x0, 0x7f, 0xf1,
    0xff, 0xff, 0xff, 0xff, 0xff, 0xff, 0xf8, 0x0,
    0xcf, 0x60, 0x3, 0xff, 0x90, 0xb, 0xfe, 0x9,
    0xff, 0xff, 0xff, 0xff, 0xff, 0xff, 0x80, 0x0,
    0x0, 0x1, 0xdf, 0xf2, 0x2, 0xff, 0x90, 0x0,
    0x0, 0x0, 0xc, 0xff, 0xff, 0xf8, 0x0, 0x0,
    0x2, 0xdf, 0xf7, 0x0, 0x9f, 0xf3, 0x0, 0x0,
    0x0, 0x0, 0xc, 0xff, 0xff, 0x80, 0x0, 0x0,
    0xef, 0xfa, 0x0, 0x2f, 0xfc, 0x0, 0x0, 0x0,
    0x0, 0x0, 0xc, 0xff, 0xf8, 0x0, 0x0, 0xf,
    0xf8, 0x0, 0xc, 0xff, 0x30, 0x0, 0x0, 0x0,
    0x0, 0x0, 0xc, 0xff, 0x70, 0x0, 0x0, 0x23,
    0x0, 0xb, 0xff, 0x90, 0x0, 0x0, 0x0, 0x0,
    0x0, 0x0, 0xb, 0xe3, 0x0, 0x0, 0x0, 0x0,
    0x1c, 0xff, 0xc0, 0x0, 0x0, 0x0, 0x0, 0x0,
    0x0, 0x0, 0x0, 0x0, 0x0, 0x0, 0x0, 0x1e,
    0xff, 0xc1, 0x0, 0x0, 0x0, 0x0, 0x0, 0x0,
    0x0, 0x0, 0x0, 0x0, 0x0, 0x0, 0x4, 0xff,
    0xa0, 0x0, 0x0, 0x0, 0x0, 0x0, 0x0, 0x0,
    0x0, 0x0, 0x0, 0x0, 0x0, 0x0, 0x6, 0x50,
    0x0, 0x0, 0x0,

    /* U+F03E "" */
    0x0, 0x0, 0x0, 0x0, 0x0, 0x0, 0x0, 0x0,
    0x0, 0x0, 0x0, 0x0, 0x0, 0x2, 0xcf, 0xff,
    0xff, 0xff, 0xff, 0xff, 0xff, 0xff, 0xff, 0xff,
    0xff, 0xff, 0xc2, 0xcf, 0xff, 0xff, 0xff, 0xff,
    0xff, 0xff, 0xff, 0xff, 0xff, 0xff, 0xff, 0xff,
    0xcf, 0xff, 0xff, 0xff, 0xff, 0xff, 0xff, 0xff,
    0xff, 0xff, 0xff, 0xff, 0xff, 0xff, 0xff, 0xfe,
    0x40, 0x6, 0xff, 0xff, 0xff, 0xff, 0xff, 0xff,
    0xff, 0xff, 0xff, 0xff, 0xff, 0x50, 0x0, 0x8,
    0xff, 0xff, 0xff, 0xff, 0xff, 0xff, 0xff, 0xff,
    0xff, 0xff, 0xf0, 0x0, 0x0, 0x3f, 0xff, 0xff,
    0xff, 0xff, 0xff, 0xff, 0xff, 0xff, 0xff, 0xff,
    0x10, 0x0, 0x4, 0xff, 0xff, 0xff, 0xff, 0xb0,
    0x9f, 0xff, 0xff, 0xff, 0xff, 0xfa, 0x0, 0x0,
    0xcf, 0xff, 0xff, 0xff, 0xb0, 0x0, 0x9f, 0xff,
    0xff, 0xff, 0xff, 0xfc, 0x77, 0xdf, 0xff, 0xff,
    0xff, 0xb0, 0x0, 0x0, 0x9f, 0xff, 0xff, 0xff,
    0xff, 0xff, 0xff, 0xff, 0xff, 0xff, 0xb0, 0x0,
    0x0, 0x0, 0x9f, 0xff, 0xff, 0xff, 0xff, 0xfd,
    0x3b, 0xff, 0xff, 0xb0, 0x0, 0x0, 0x0, 0x0,
    0xaf, 0xff, 0xff, 0xff, 0xfd, 0x10, 0xb, 0xff,
    0xb0, 0x0, 0x0, 0x0, 0x0, 0x6, 0xff, 0xff,
    0xff, 0xfd, 0x10, 0x0, 0xb, 0xb0, 0x0, 0x0,
    0x0, 0x0, 0x0, 0x6f, 0xff, 0xff, 0xfd, 0x10,
    0x0, 0x0, 0x0, 0x0, 0x0, 0x0, 0x0, 0x0,
    0x6, 0xff, 0xff, 0xff, 0x60, 0x0, 0x0, 0x0,
    0x0, 0x0, 0x0, 0x0, 0x0, 0x0, 0x6f, 0xff,
    0xff, 0xf6, 0x0, 0x0, 0x0, 0x0, 0x0, 0x0,
    0x0, 0x0, 0x0, 0x6, 0xff, 0xff, 0xff, 0x96,
    0x66, 0x66, 0x66, 0x66, 0x66, 0x66, 0x66, 0x66,
    0x66, 0x9f, 0xff, 0xff, 0xff, 0xff, 0xff, 0xff,
    0xff, 0xff, 0xff, 0xff, 0xff, 0xff, 0xff, 0xff,
    0xfb, 0xff, 0xff, 0xff, 0xff, 0xff, 0xff, 0xff,
    0xff, 0xff, 0xff, 0xff, 0xff, 0xfb, 0x1b, 0xff,
    0xff, 0xff, 0xff, 0xff, 0xff, 0xff, 0xff, 0xff,
    0xff, 0xff, 0xfb, 0x10,

    /* U+F043 "" */
    0x0, 0x0, 0x0, 0x0, 0x8c, 0x40, 0x0, 0x0,
    0x0, 0x0, 0x0, 0x0, 0x0, 0x4f, 0xfd, 0x0,
    0x0, 0x0, 0x0, 0x0, 0x0, 0x0, 0xa, 0xff,
    0xf3, 0x0, 0x0, 0x0, 0x0, 0x0, 0x0, 0x0,
    0xff, 0xff, 0x90, 0x0, 0x0, 0x0, 0x0, 0x0,
    0x0, 0x7f, 0xff, 0xff, 0x10, 0x0, 0x0, 0x0,
    0x0, 0x0, 0xe, 0xff, 0xff, 0xf8, 0x0, 0x0,
    0x0, 0x0, 0x0, 0x7, 0xff, 0xff, 0xff, 0xf1,
    0x0, 0x0, 0x0, 0x0, 0x1, 0xef, 0xff, 0xff,
    0xff, 0x90, 0x0, 0x0, 0x0, 0x0, 0x9f, 0xff,
    0xff, 0xff, 0xff, 0x30, 0x0, 0x0, 0x0, 0x4f,
    0xff, 0xff, 0xff, 0xff, 0xfd, 0x0, 0x0, 0x0,
    0x1e, 0xff, 0xff, 0xff, 0xff, 0xff, 0xf9, 0x0,
    0x0, 0xb, 0xff, 0xff, 0xff, 0xff, 0xff, 0xff,
    0xf4, 0x0, 0x5, 0xff, 0xff, 0xff, 0xff, 0xff,
    0xff, 0xff, 0xe0, 0x0, 0xdf, 0xff, 0xff, 0xff,
    0xff, 0xff, 0xff, 0xff, 0x60, 0x4f, 0xff, 0xff,
    0xff, 0xff, 0xff, 0xff, 0xff, 0xfd, 0xa, 0xff,
    0xff, 0xff, 0xff, 0xff, 0xff, 0xff, 0xff, 0xf3,
    0xdf, 0xff, 0xff, 0xff, 0xff, 0xff, 0xff, 0xff,
    0xff, 0x6f, 0xff, 0x93, 0xff, 0xff, 0xff, 0xff,
    0xff, 0xff, 0xf8, 0xff, 0xf6, 0xe, 0xff, 0xff,
    0xff, 0xff, 0xff, 0xff, 0x8d, 0xff, 0x90, 0x9f,
    0xff, 0xff, 0xff, 0xff, 0xff, 0xf6, 0xaf, 0xfe,
    0x1, 0xef, 0xff, 0xff, 0xff, 0xff, 0xff, 0x35,
    0xff, 0xf8, 0x2, 0xbf, 0xff, 0xff, 0xff, 0xff,
    0xe0, 0xd, 0xff, 0xf7, 0x0, 0x3, 0xff, 0xff,
    0xff, 0xf6, 0x0, 0x3f, 0xff, 0xfb, 0x41, 0x1f,
    0xff, 0xff, 0xfb, 0x0, 0x0, 0x5f, 0xff, 0xff,
    0xff, 0xff, 0xff, 0xfd, 0x10, 0x0, 0x0, 0x4f,
    0xff, 0xff, 0xff, 0xff, 0xfb, 0x10, 0x0, 0x0,
    0x0, 0x18, 0xef, 0xff, 0xff, 0xc5, 0x0, 0x0,
    0x0, 0x0, 0x0, 0x0, 0x34, 0x54, 0x10, 0x0,
    0x0, 0x0,

    /* U+F048 "" */
    0x0, 0x0, 0x0, 0x0, 0x0, 0x0, 0x0, 0x0,
    0x0, 0x9f, 0xfe, 0x0, 0x0, 0x0, 0x0, 0x0,
    0x9f, 0x80, 0xbf, 0xff, 0x10, 0x0, 0x0, 0x0,
    0xb, 0xff, 0xf1, 0xbf, 0xff, 0x10, 0x0, 0x0,
    0x1, 0xcf, 0xff, 0xf2, 0xbf, 0xff, 0x10, 0x0,
    0x0, 0x1d, 0xff, 0xff, 0xf2, 0xbf, 0xff, 0x10,
    0x0, 0x2, 0xdf, 0xff, 0xff, 0xf2, 0xbf, 0xff,
    0x10, 0x0, 0x2e, 0xff, 0xff, 0xff, 0xf2, 0xbf,
    0xff, 0x10, 0x3, 0xff, 0xff, 0xff, 0xff, 0xf2,
    0xbf, 0xff, 0x10, 0x4f, 0xff, 0xff, 0xff, 0xff,
    0xf2, 0xbf, 0xff, 0x15, 0xff, 0xff, 0xff, 0xff,
    0xff, 0xf2, 0xbf, 0xff, 0x8f, 0xff, 0xff, 0xff,
    0xff, 0xff, 0xf2, 0xbf, 0xff, 0xff, 0xff, 0xff,
    0xff, 0xff, 0xff, 0xf2, 0xbf, 0xff, 0xff, 0xff,
    0xff, 0xff, 0xff, 0xff, 0xf2, 0xbf, 0xff, 0xff,
    0xff, 0xff, 0xff, 0xff, 0xff, 0xf2, 0xbf, 0xff,
    0xff, 0xff, 0xff, 0xff, 0xff, 0xff, 0xf2, 0xbf,
    0xff, 0x5e, 0xff, 0xff, 0xff, 0xff, 0xff, 0xf2,
    0xbf, 0xff, 0x12, 0xef, 0xff, 0xff, 0xff, 0xff,
    0xf2, 0xbf, 0xff, 0x10, 0x2d, 0xff, 0xff, 0xff,
    0xff, 0xf2, 0xbf, 0xff, 0x10, 0x1, 0xcf, 0xff,
    0xff, 0xff, 0xf2, 0xbf, 0xff, 0x10, 0x0, 0xc,
    0xff, 0xff, 0xff, 0xf2, 0xbf, 0xff, 0x10, 0x0,
    0x0, 0xbf, 0xff, 0xff, 0xf2, 0xbf, 0xff, 0x10,
    0x0, 0x0, 0x9, 0xff, 0xff, 0xf2, 0xbf, 0xff,
    0x10, 0x0, 0x0, 0x0, 0x8f, 0xff, 0xf2, 0xbf,
    0xff, 0x10, 0x0, 0x0, 0x0, 0x7, 0xff, 0xf0,
    0x6a, 0xa9, 0x0, 0x0, 0x0, 0x0, 0x0, 0x5a,
    0x40,

    /* U+F04B "" */
    0x5, 0x96, 0x0, 0x0, 0x0, 0x0, 0x0, 0x0,
    0x0, 0x0, 0x0, 0x0, 0x9f, 0xff, 0xd3, 0x0,
    0x0, 0x0, 0x0, 0x0, 0x0, 0x0, 0x0, 0x0,
    0xff, 0xff, 0xff, 0xa1, 0x0, 0x0, 0x0, 0x0,
    0x0, 0x0, 0x0, 0x0, 0xff, 0xff, 0xff, 0xff,
    0x70, 0x0, 0x0, 0x0, 0x0, 0x0, 0x0, 0x0,
    0xff, 0xff, 0xff, 0xff, 0xfd, 0x40, 0x0, 0x0,
    0x0, 0x0, 0x0, 0x0, 0xff, 0xff, 0xff, 0xff,
    0xff, 0xfb, 0x20, 0x0, 0x0, 0x0, 0x0, 0x0,
    0xff, 0xff, 0xff, 0xff, 0xff, 0xff, 0xf8, 0x0,
    0x0, 0x0, 0x0, 0x0, 0xff, 0xff, 0xff, 0xff,
    0xff, 0xff, 0xff, 0xe5, 0x0, 0x0, 0x0, 0x0,
    0xff, 0xff, 0xff, 0xff, 0xff, 0xff, 0xff, 0xff,
    0xb2, 0x0, 0x0, 0x0, 0xff, 0xff, 0xff, 0xff,
    0xff, 0xff, 0xff, 0xff, 0xff, 0x80, 0x0, 0x0,
    0xff, 0xff, 0xff, 0xff, 0xff, 0xff, 0xff, 0xff,
    0xff, 0xfe, 0x60, 0x0, 0xff, 0xff, 0xff, 0xff,
    0xff, 0xff, 0xff, 0xff, 0xff, 0xff, 0xfc, 0x30,
    0xff, 0xff, 0xff, 0xff, 0xff, 0xff, 0xff, 0xff,
    0xff, 0xff, 0xff, 0xf3, 0xff, 0xff, 0xff, 0xff,
    0xff, 0xff, 0xff, 0xff, 0xff, 0xff, 0xff, 0xf9,
    0xff, 0xff, 0xff, 0xff, 0xff, 0xff, 0xff, 0xff,
    0xff, 0xff, 0xff, 0xf8, 0xff, 0xff, 0xff, 0xff,
    0xff, 0xff, 0xff, 0xff, 0xff, 0xff, 0xff, 0xd1,
    0xff, 0xff, 0xff, 0xff, 0xff, 0xff, 0xff, 0xff,
    0xff, 0xff, 0xf8, 0x0, 0xff, 0xff, 0xff, 0xff,
    0xff, 0xff, 0xff, 0xff, 0xff, 0xfb, 0x20, 0x0,
    0xff, 0xff, 0xff, 0xff, 0xff, 0xff, 0xff, 0xff,
    0xfd, 0x50, 0x0, 0x0, 0xff, 0xff, 0xff, 0xff,
    0xff, 0xff, 0xff, 0xff, 0x70, 0x0, 0x0, 0x0,
    0xff, 0xff, 0xff, 0xff, 0xff, 0xff, 0xff, 0xa1,
    0x0, 0x0, 0x0, 0x0, 0xff, 0xff, 0xff, 0xff,
    0xff, 0xff, 0xd4, 0x0, 0x0, 0x0, 0x0, 0x0,
    0xff, 0xff, 0xff, 0xff, 0xff, 0xf7, 0x0, 0x0,
    0x0, 0x0, 0x0, 0x0, 0xff, 0xff, 0xff, 0xff,
    0xfa, 0x10, 0x0, 0x0, 0x0, 0x0, 0x0, 0x0,
    0xff, 0xff, 0xff, 0xfc, 0x30, 0x0, 0x0, 0x0,
    0x0, 0x0, 0x0, 0x0, 0xef, 0xff, 0xfe, 0x60,
    0x0, 0x0, 0x0, 0x0, 0x0, 0x0, 0x0, 0x0,
    0x5f, 0xff, 0x91, 0x0, 0x0, 0x0, 0x0, 0x0,
    0x0, 0x0, 0x0, 0x0, 0x2, 0x52, 0x0, 0x0,
    0x0, 0x0, 0x0, 0x0, 0x0, 0x0, 0x0, 0x0,

    /* U+F04C "" */
    0x1b, 0xff, 0xff, 0xff, 0xc2, 0x0, 0x0, 0x4d,
    0xff, 0xff, 0xff, 0xa0, 0xbf, 0xff, 0xff, 0xff,
    0xfd, 0x0, 0x1, 0xff, 0xff, 0xff, 0xff, 0xf9,
    0xff, 0xff, 0xff, 0xff, 0xff, 0x10, 0x4, 0xff,
    0xff, 0xff, 0xff, 0xfd, 0xff, 0xff, 0xff, 0xff,
    0xff, 0x20, 0x4, 0xff, 0xff, 0xff, 0xff, 0xfd,
    0xff, 0xff, 0xff, 0xff, 0xff, 0x20, 0x4, 0xff,
    0xff, 0xff, 0xff, 0xfd, 0xff, 0xff, 0xff, 0xff,
    0xff, 0x20, 0x4, 0xff, 0xff, 0xff, 0xff, 0xfd,
    0xff, 0xff, 0xff, 0xff, 0xff, 0x20, 0x4, 0xff,
    0xff, 0xff, 0xff, 0xfd, 0xff, 0xff, 0xff, 0xff,
    0xff, 0x20, 0x4, 0xff, 0xff, 0xff, 0xff, 0xfd,
    0xff, 0xff, 0xff, 0xff, 0xff, 0x20, 0x4, 0xff,
    0xff, 0xff, 0xff, 0xfd, 0xff, 0xff, 0xff, 0xff,
    0xff, 0x20, 0x4, 0xff, 0xff, 0xff, 0xff, 0xfd,
    0xff, 0xff, 0xff, 0xff, 0xff, 0x20, 0x4, 0xff,
    0xff, 0xff, 0xff, 0xfd, 0xff, 0xff, 0xff, 0xff,
    0xff, 0x20, 0x4, 0xff, 0xff, 0xff, 0xff, 0xfd,
    0xff, 0xff, 0xff, 0xff, 0xff, 0x20, 0x4, 0xff,
    0xff, 0xff, 0xff, 0xfd, 0xff, 0xff, 0xff, 0xff,
    0xff, 0x20, 0x4, 0xff, 0xff, 0xff, 0xff, 0xfd,
    0xff, 0xff, 0xff, 0xff, 0xff, 0x20, 0x4, 0xff,
    0xff, 0xff, 0xff, 0xfd, 0xff, 0xff, 0xff, 0xff,
    0xff, 0x20, 0x4, 0xff, 0xff, 0xff, 0xff, 0xfd,
    0xff, 0xff, 0xff, 0xff, 0xff, 0x20, 0x4, 0xff,
    0xff, 0xff, 0xff, 0xfd, 0xff, 0xff, 0xff, 0xff,
    0xff, 0x20, 0x4, 0xff, 0xff, 0xff, 0xff, 0xfd,
    0xff, 0xff, 0xff, 0xff, 0xff, 0x20, 0x4, 0xff,
    0xff, 0xff, 0xff, 0xfd, 0xff, 0xff, 0xff, 0xff,
    0xff, 0x20, 0x4, 0xff, 0xff, 0xff, 0xff, 0xfd,
    0xff, 0xff, 0xff, 0xff, 0xff, 0x20, 0x4, 0xff,
    0xff, 0xff, 0xff, 0xfd, 0xef, 0xff, 0xff, 0xff,
    0xff, 0x0, 0x3, 0xff, 0xff, 0xff, 0xff, 0xfc,
    0x8f, 0xff, 0xff, 0xff, 0xfa, 0x0, 0x0, 0xcf,
    0xff, 0xff, 0xff, 0xf6, 0x5, 0x9a, 0xaa, 0xaa,
    0x60, 0x0, 0x0, 0x7, 0xaa, 0xaa, 0xa9, 0x40,

    /* U+F04D "" */
    0x1a, 0xef, 0xff, 0xff, 0xff, 0xff, 0xff, 0xff,
    0xff, 0xff, 0xfe, 0x70, 0xbf, 0xff, 0xff, 0xff,
    0xff, 0xff, 0xff, 0xff, 0xff, 0xff, 0xff, 0xf5,
    0xff, 0xff, 0xff, 0xff, 0xff, 0xff, 0xff, 0xff,
    0xff, 0xff, 0xff, 0xf9, 0xff, 0xff, 0xff, 0xff,
    0xff, 0xff, 0xff, 0xff, 0xff, 0xff, 0xff, 0xfa,
    0xff, 0xff, 0xff, 0xff, 0xff, 0xff, 0xff, 0xff,
    0xff, 0xff, 0xff, 0xfa, 0xff, 0xff, 0xff, 0xff,
    0xff, 0xff, 0xff, 0xff, 0xff, 0xff, 0xff, 0xfa,
    0xff, 0xff, 0xff, 0xff, 0xff, 0xff, 0xff, 0xff,
    0xff, 0xff, 0xff, 0xfa, 0xff, 0xff, 0xff, 0xff,
    0xff, 0xff, 0xff, 0xff, 0xff, 0xff, 0xff, 0xfa,
    0xff, 0xff, 0xff, 0xff, 0xff, 0xff, 0xff, 0xff,
    0xff, 0xff, 0xff, 0xfa, 0xff, 0xff, 0xff, 0xff,
    0xff, 0xff, 0xff, 0xff, 0xff, 0xff, 0xff, 0xfa,
    0xff, 0xff, 0xff, 0xff, 0xff, 0xff, 0xff, 0xff,
    0xff, 0xff, 0xff, 0xfa, 0xff, 0xff, 0xff, 0xff,
    0xff, 0xff, 0xff, 0xff, 0xff, 0xff, 0xff, 0xfa,
    0xff, 0xff, 0xff, 0xff, 0xff, 0xff, 0xff, 0xff,
    0xff, 0xff, 0xff, 0xfa, 0xff, 0xff, 0xff, 0xff,
    0xff, 0xff, 0xff, 0xff, 0xff, 0xff, 0xff, 0xfa,
    0xff, 0xff, 0xff, 0xff, 0xff, 0xff, 0xff, 0xff,
    0xff, 0xff, 0xff, 0xfa, 0xff, 0xff, 0xff, 0xff,
    0xff, 0xff, 0xff, 0xff, 0xff, 0xff, 0xff, 0xfa,
    0xff, 0xff, 0xff, 0xff, 0xff, 0xff, 0xff, 0xff,
    0xff, 0xff, 0xff, 0xfa, 0xff, 0xff, 0xff, 0xff,
    0xff, 0xff, 0xff, 0xff, 0xff, 0xff, 0xff, 0xfa,
    0xff, 0xff, 0xff, 0xff, 0xff, 0xff, 0xff, 0xff,
    0xff, 0xff, 0xff, 0xfa, 0xff, 0xff, 0xff, 0xff,
    0xff, 0xff, 0xff, 0xff, 0xff, 0xff, 0xff, 0xfa,
    0xff, 0xff, 0xff, 0xff, 0xff, 0xff, 0xff, 0xff,
    0xff, 0xff, 0xff, 0xfa, 0xef, 0xff, 0xff, 0xff,
    0xff, 0xff, 0xff, 0xff, 0xff, 0xff, 0xff, 0xf8,
    0x8f, 0xff, 0xff, 0xff, 0xff, 0xff, 0xff, 0xff,
    0xff, 0xff, 0xff, 0xf3, 0x6, 0xaa, 0xaa, 0xaa,
    0xaa, 0xaa, 0xaa, 0xaa, 0xaa, 0xaa, 0xa9, 0x30,

    /* U+F051 "" */
    0x0, 0x0, 0x0, 0x0, 0x0, 0x0, 0x0, 0x0,
    0x0, 0x3e, 0xd2, 0x0, 0x0, 0x0, 0x0, 0x9,
    0xff, 0xe0, 0xbf, 0xfe, 0x30, 0x0, 0x0, 0x0,
    0xb, 0xff, 0xf1, 0xcf, 0xff, 0xf4, 0x0, 0x0,
    0x0, 0xb, 0xff, 0xf1, 0xcf, 0xff, 0xff, 0x50,
    0x0, 0x0, 0xb, 0xff, 0xf1, 0xcf, 0xff, 0xff,
    0xf6, 0x0, 0x0, 0xb, 0xff, 0xf1, 0xcf, 0xff,
    0xff, 0xff, 0x70, 0x0, 0xb, 0xff, 0xf1, 0xcf,
    0xff, 0xff, 0xff, 0xf9, 0x0, 0xb, 0xff, 0xf1,
    0xcf, 0xff, 0xff, 0xff, 0xff, 0xa0, 0xb, 0xff,
    0xf1, 0xcf, 0xff, 0xff, 0xff, 0xff, 0xfb, 0xb,
    0xff, 0xf1, 0xcf, 0xff, 0xff, 0xff, 0xff, 0xff,
    0xcc, 0xff, 0xf1, 0xcf, 0xff, 0xff, 0xff, 0xff,
    0xff, 0xff, 0xff, 0xf1, 0xcf, 0xff, 0xff, 0xff,
    0xff, 0xff, 0xff, 0xff, 0xf1, 0xcf, 0xff, 0xff,
    0xff, 0xff, 0xff, 0xff, 0xff, 0xf1, 0xcf, 0xff,
    0xff, 0xff, 0xff, 0xff, 0xff, 0xff, 0xf1, 0xcf,
    0xff, 0xff, 0xff, 0xff, 0xff, 0x7b, 0xff, 0xf1,
    0xcf, 0xff, 0xff, 0xff, 0xff, 0xf6, 0xb, 0xff,
    0xf1, 0xcf, 0xff, 0xff, 0xff, 0xff, 0x50, 0xb,
    0xff, 0xf1, 0xcf, 0xff, 0xff, 0xff, 0xf4, 0x0,
    0xb, 0xff, 0xf1, 0xcf, 0xff, 0xff, 0xfe, 0x30,
    0x0, 0xb, 0xff, 0xf1, 0xcf, 0xff, 0xff, 0xe2,
    0x0, 0x0, 0xb, 0xff, 0xf1, 0xcf, 0xff, 0xfd,
    0x20, 0x0, 0x0, 0xb, 0xff, 0xf1, 0xcf, 0xff,
    0xc1, 0x0, 0x0, 0x0, 0xb, 0xff, 0xf1, 0xaf,
    0xfc, 0x0, 0x0, 0x0, 0x0, 0xb, 0xff, 0xf1,
    0x19, 0x80, 0x0, 0x0, 0x0, 0x0, 0x6, 0xaa,
    0x90,

    /* U+F052 "" */
    0x0, 0x0, 0x0, 0x0, 0x0, 0x8, 0xec, 0x30,
    0x0, 0x0, 0x0, 0x0, 0x0, 0x0, 0x0, 0x0,
    0x0, 0x0, 0x9f, 0xff, 0xf3, 0x0, 0x0, 0x0,
    0x0, 0x0, 0x0, 0x0, 0x0, 0x0, 0x8, 0xff,
    0xff, 0xff, 0x30, 0x0, 0x0, 0x0, 0x0, 0x0,
    0x0, 0x0, 0x0, 0x6f, 0xff, 0xff, 0xff, 0xe2,
    0x0, 0x0, 0x0, 0x0, 0x0, 0x0, 0x0, 0x5,
    0xff, 0xff, 0xff, 0xff, 0xfd, 0x10, 0x0, 0x0,
    0x0, 0x0, 0x0, 0x0, 0x4f, 0xff, 0xff, 0xff,
    0xff, 0xff, 0xd0, 0x0, 0x0, 0x0, 0x0, 0x0,
    0x3, 0xff, 0xff, 0xff, 0xff, 0xff, 0xff, 0xfc,
    0x0, 0x0, 0x0, 0x0, 0x0, 0x2e, 0xff, 0xff,
    0xff, 0xff, 0xff, 0xff, 0xff, 0xb0, 0x0, 0x0,
    0x0, 0x1, 0xef, 0xff, 0xff, 0xff, 0xff, 0xff,
    0xff, 0xff, 0xfa, 0x0, 0x0, 0x0, 0x1d, 0xff,
    0xff, 0xff, 0xff, 0xff, 0xff, 0xff, 0xff, 0xff,
    0x80, 0x0, 0x0, 0xcf, 0xff, 0xff, 0xff, 0xff,
    0xff, 0xff, 0xff, 0xff, 0xff, 0xf7, 0x0, 0xa,
    0xff, 0xff, 0xff, 0xff, 0xff, 0xff, 0xff, 0xff,
    0xff, 0xff, 0xff, 0x40, 0xf, 0xff, 0xff, 0xff,
    0xff, 0xff, 0xff, 0xff, 0xff, 0xff, 0xff, 0xff,
    0x90, 0xd, 0xff, 0xff, 0xff, 0xff, 0xff, 0xff,
    0xff, 0xff, 0xff, 0xff, 0xff, 0x70, 0x4, 0xff,
    0xff, 0xff, 0xff, 0xff, 0xff, 0xff, 0xff, 0xff,
    0xff, 0xfc, 0x0, 0x0, 0x3, 0x33, 0x33, 0x33,
    0x33, 0x33, 0x33, 0x33, 0x33, 0x33, 0x20, 0x0,
    0x0, 0x0, 0x0, 0x0, 0x0, 0x0, 0x0, 0x0,
    0x0, 0x0, 0x0, 0x0, 0x0, 0x7, 0xff, 0xff,
    0xff, 0xff, 0xff, 0xff, 0xff, 0xff, 0xff, 0xff,
    0xfe, 0x20, 0xf, 0xff, 0xff, 0xff, 0xff, 0xff,
    0xff, 0xff, 0xff, 0xff, 0xff, 0xff, 0x90, 0xf,
    0xff, 0xff, 0xff, 0xff, 0xff, 0xff, 0xff, 0xff,
    0xff, 0xff, 0xff, 0xa0, 0xf, 0xff, 0xff, 0xff,
    0xff, 0xff, 0xff, 0xff, 0xff, 0xff, 0xff, 0xff,
    0xa0, 0xf, 0xff, 0xff, 0xff, 0xff, 0xff, 0xff,
    0xff, 0xff, 0xff, 0xff, 0xff, 0xa0, 0xe, 0xff,
    0xff, 0xff, 0xff, 0xff, 0xff, 0xff, 0xff, 0xff,
    0xff, 0xff, 0x80, 0x3, 0xab, 0xbb, 0xbb, 0xbb,
    0xbb, 0xbb, 0xbb, 0xbb, 0xbb, 0xbb, 0xb8, 0x0,

    /* U+F053 "" */
    0x0, 0x0, 0x0, 0x0, 0x0, 0x1b, 0xa0, 0x0,
    0x0, 0x0, 0x0, 0x0, 0x1d, 0xff, 0xc0, 0x0,
    0x0, 0x0, 0x0, 0x1d, 0xff, 0xff, 0x50, 0x0,
    0x0, 0x0, 0x1d, 0xff, 0xff, 0xe1, 0x0, 0x0,
    0x0, 0x1d, 0xff, 0xff, 0xe2, 0x0, 0x0, 0x0,
    0x1d, 0xff, 0xff, 0xe2, 0x0, 0x0, 0x0, 0x1d,
    0xff, 0xff, 0xe2, 0x0, 0x0, 0x0, 0x1d, 0xff,
    0xff, 0xe2, 0x0, 0x0, 0x0, 0x1d, 0xff, 0xff,
    0xe2, 0x0, 0x0, 0x0, 0x1d, 0xff, 0xff, 0xe2,
    0x0, 0x0, 0x0, 0x1d, 0xff, 0xff, 0xe2, 0x0,
    0x0, 0x0, 0x8, 0xff, 0xff, 0xf3, 0x0, 0x0,
    0x0, 0x0, 0x3f, 0xff, 0xff, 0xb0, 0x0, 0x0,
    0x0, 0x0, 0x3f, 0xff, 0xff, 0xb0, 0x0, 0x0,
    0x0, 0x0, 0x3f, 0xff, 0xff, 0xb0, 0x0, 0x0,
    0x0, 0x0, 0x3f, 0xff, 0xff, 0xb0, 0x0, 0x0,
    0x0, 0x0, 0x3f, 0xff, 0xff, 0xb0, 0x0, 0x0,
    0x0, 0x0, 0x3f, 0xff, 0xff, 0xb0, 0x0, 0x0,
    0x0, 0x0, 0x3f, 0xff, 0xff, 0xb0, 0x0, 0x0,
    0x0, 0x0, 0x3f, 0xff, 0xff, 0xb0, 0x0, 0x0,
    0x0, 0x0, 0x3f, 0xff, 0xff, 0x50, 0x0, 0x0,
    0x0, 0x0, 0x3f, 0xff, 0xf2, 0x0, 0x0, 0x0,
    0x0, 0x0, 0x3f, 0xe3, 0x0, 0x0, 0x0, 0x0,
    0x0, 0x0, 0x0, 0x0,

    /* U+F054 "" */
    0x1, 0xba, 0x0, 0x0, 0x0, 0x0, 0x0, 0x1,
    0xdf, 0xfb, 0x0, 0x0, 0x0, 0x0, 0x0, 0x7f,
    0xff, 0xfb, 0x0, 0x0, 0x0, 0x0, 0x3, 0xff,
    0xff, 0xfb, 0x0, 0x0, 0x0, 0x0, 0x3, 0xff,
    0xff, 0xfb, 0x0, 0x0, 0x0, 0x0, 0x3, 0xff,
    0xff, 0xfb, 0x0, 0x0, 0x0, 0x0, 0x3, 0xff,
    0xff, 0xfb, 0x0, 0x0, 0x0, 0x0, 0x3, 0xff,
    0xff, 0xfb, 0x0, 0x0, 0x0, 0x0, 0x3, 0xff,
    0xff, 0xfb, 0x0, 0x0, 0x0, 0x0, 0x3, 0xff,
    0xff, 0xfb, 0x0, 0x0, 0x0, 0x0, 0x3, 0xff,
    0xff, 0xfb, 0x0, 0x0, 0x0, 0x0, 0x4, 0xff,
    0xff, 0xf6, 0x0, 0x0, 0x0, 0x1, 0xcf, 0xff,
    0xfe, 0x20, 0x0, 0x0, 0x1, 0xcf, 0xff, 0xfe,
    0x20, 0x0, 0x0, 0x1, 0xcf, 0xff, 0xfe, 0x20,
    0x0, 0x0, 0x1, 0xcf, 0xff, 0xfe, 0x20, 0x0,
    0x0, 0x1, 0xcf, 0xff, 0xfe, 0x20, 0x0, 0x0,
    0x1, 0xcf, 0xff, 0xfe, 0x20, 0x0, 0x0, 0x1,
    0xcf, 0xff, 0xfe, 0x20, 0x0, 0x0, 0x1, 0xcf,
    0xff, 0xfe, 0x20, 0x0, 0x0, 0x0, 0x7f, 0xff,
    0xfe, 0x20, 0x0, 0x0, 0x0, 0x3, 0xff, 0xfe,
    0x20, 0x0, 0x0, 0x0, 0x0, 0x4, 0xfe, 0x20,
    0x0, 0x0, 0x0, 0x0, 0x0, 0x1, 0x0, 0x0,
    0x0, 0x0, 0x0, 0x0,

    /* U+F067 "" */
    0x0, 0x0, 0x0, 0x0, 0x2, 0xdf, 0xea, 0x0,
    0x0, 0x0, 0x0, 0x0, 0x0, 0x0, 0x0, 0x0,
    0xa, 0xff, 0xff, 0x40, 0x0, 0x0, 0x0, 0x0,
    0x0, 0x0, 0x0, 0x0, 0xb, 0xff, 0xff, 0x50,
    0x0, 0x0, 0x0, 0x0, 0x0, 0x0, 0x0, 0x0,
    0xb, 0xff, 0xff, 0x50, 0x0, 0x0, 0x0, 0x0,
    0x0, 0x0, 0x0, 0x0, 0xb, 0xff, 0xff, 0x50,
    0x0, 0x0, 0x0, 0x0, 0x0, 0x0, 0x0, 0x0,
    0xb, 0xff, 0xff, 0x50, 0x0, 0x0, 0x0, 0x0,
    0x0, 0x0, 0x0, 0x0, 0xb, 0xff, 0xff, 0x50,
    0x0, 0x0, 0x0, 0x0, 0x0, 0x0, 0x0, 0x0,
    0xb, 0xff, 0xff, 0x50, 0x0, 0x0, 0x0, 0x0,
    0x0, 0x0, 0x0, 0x0, 0xb, 0xff, 0xff, 0x50,
    0x0, 0x0, 0x0, 0x0, 0x29, 0xaa, 0xaa, 0xaa,
    0xae, 0xff, 0xff, 0xca, 0xaa, 0xaa, 0xaa, 0x80,
    0xdf, 0xff, 0xff, 0xff, 0xff, 0xff, 0xff, 0xff,
    0xff, 0xff, 0xff, 0xf7, 0xff, 0xff, 0xff, 0xff,
    0xff, 0xff, 0xff, 0xff, 0xff, 0xff, 0xff, 0xf9,
    0xff, 0xff, 0xff, 0xff, 0xff, 0xff, 0xff, 0xff,
    0xff, 0xff, 0xff, 0xf9, 0xbf, 0xff, 0xff, 0xff,
    0xff, 0xff, 0xff, 0xff, 0xff, 0xff, 0xff, 0xf5,
    0x5, 0x66, 0x66, 0x66, 0x6d, 0xff, 0xff, 0x96,
    0x66, 0x66, 0x66, 0x40, 0x0, 0x0, 0x0, 0x0,
    0xb, 0xff, 0xff, 0x50, 0x0, 0x0, 0x0, 0x0,
    0x0, 0x0, 0x0, 0x0, 0xb, 0xff, 0xff, 0x50,
    0x0, 0x0, 0x0, 0x0, 0x0, 0x0, 0x0, 0x0,
    0xb, 0xff, 0xff, 0x50, 0x0, 0x0, 0x0, 0x0,
    0x0, 0x0, 0x0, 0x0, 0xb, 0xff, 0xff, 0x50,
    0x0, 0x0, 0x0, 0x0, 0x0, 0x0, 0x0, 0x0,
    0xb, 0xff, 0xff, 0x50, 0x0, 0x0, 0x0, 0x0,
    0x0, 0x0, 0x0, 0x0, 0xb, 0xff, 0xff, 0x50,
    0x0, 0x0, 0x0, 0x0, 0x0, 0x0, 0x0, 0x0,
    0xb, 0xff, 0xff, 0x50, 0x0, 0x0, 0x0, 0x0,
    0x0, 0x0, 0x0, 0x0, 0x9, 0xff, 0xff, 0x30,
    0x0, 0x0, 0x0, 0x0, 0x0, 0x0, 0x0, 0x0,
    0x1, 0x9b, 0xa6, 0x0, 0x0, 0x0, 0x0, 0x0,

    /* U+F068 "" */
    0x5d, 0xee, 0xee, 0xee, 0xee, 0xee, 0xee, 0xee,
    0xee, 0xee, 0xed, 0xb1, 0xef, 0xff, 0xff, 0xff,
    0xff, 0xff, 0xff, 0xff, 0xff, 0xff, 0xff, 0xf8,
    0xff, 0xff, 0xff, 0xff, 0xff, 0xff, 0xff, 0xff,
    0xff, 0xff, 0xff, 0xfa, 0xff, 0xff, 0xff, 0xff,
    0xff, 0xff, 0xff, 0xff, 0xff, 0xff, 0xff, 0xf9,
    0x9f, 0xff, 0xff, 0xff, 0xff, 0xff, 0xff, 0xff,
    0xff, 0xff, 0xff, 0xf3, 0x2, 0x33, 0x33, 0x33,
    0x33, 0x33, 0x33, 0x33, 0x33, 0x33, 0x32, 0x10,

    /* U+F06E "" */
    0x0, 0x0, 0x0, 0x0, 0x0, 0x0, 0x0, 0x11,
    0x0, 0x0, 0x0, 0x0, 0x0, 0x0, 0x0, 0x0,
    0x0, 0x0, 0x0, 0x0, 0x17, 0xbe, 0xff, 0xff,
    0xfc, 0x83, 0x0, 0x0, 0x0, 0x0, 0x0, 0x0,
    0x0, 0x0, 0x3, 0xbf, 0xff, 0xff, 0xff, 0xff,
    0xff, 0xfd, 0x60, 0x0, 0x0, 0x0, 0x0, 0x0,
    0x0, 0x1a, 0xff, 0xff, 0xfe, 0x97, 0x68, 0xcf,
    0xff, 0xff, 0xd3, 0x0, 0x0, 0x0, 0x0, 0x0,
    0x3e, 0xff, 0xff, 0xe5, 0x0, 0x0, 0x0, 0x2b,
    0xff, 0xff, 0xf7, 0x0, 0x0, 0x0, 0x0, 0x4f,
    0xff, 0xff, 0xd1, 0x0, 0x1, 0x20, 0x0, 0x9,
    0xff, 0xff, 0xfa, 0x0, 0x0, 0x0, 0x4f, 0xff,
    0xff, 0xe2, 0x0, 0x0, 0xef, 0xf9, 0x10, 0xa,
    0xff, 0xff, 0xfa, 0x0, 0x0, 0x2f, 0xff, 0xff,
    0xf6, 0x0, 0x0, 0xb, 0xff, 0xfd, 0x10, 0x1f,
    0xff, 0xff, 0xf7, 0x0, 0xd, 0xff, 0xff, 0xff,
    0x0, 0x0, 0x0, 0xef, 0xff, 0xfa, 0x0, 0xaf,
    0xff, 0xff, 0xf3, 0x7, 0xff, 0xff, 0xff, 0xb0,
    0x3, 0x1, 0xaf, 0xff, 0xff, 0xf1, 0x5, 0xff,
    0xff, 0xff, 0xc0, 0xef, 0xff, 0xff, 0xfa, 0x0,
    0xcf, 0xff, 0xff, 0xff, 0xff, 0x30, 0x4f, 0xff,
    0xff, 0xff, 0x4d, 0xff, 0xff, 0xff, 0xa0, 0xd,
    0xff, 0xff, 0xff, 0xff, 0xf2, 0x4, 0xff, 0xff,
    0xff, 0xf3, 0x5f, 0xff, 0xff, 0xfc, 0x0, 0x9f,
    0xff, 0xff, 0xff, 0xff, 0x0, 0x6f, 0xff, 0xff,
    0xfb, 0x0, 0xbf, 0xff, 0xff, 0xf1, 0x2, 0xff,
    0xff, 0xff, 0xff, 0x70, 0xa, 0xff, 0xff, 0xff,
    0x20, 0x1, 0xef, 0xff, 0xff, 0x80, 0x4, 0xff,
    0xff, 0xff, 0xa0, 0x2, 0xff, 0xff, 0xff, 0x50,
    0x0, 0x2, 0xef, 0xff, 0xff, 0x30, 0x2, 0x9d,
    0xec, 0x50, 0x0, 0xcf, 0xff, 0xff, 0x80, 0x0,
    0x0, 0x3, 0xef, 0xff, 0xfe, 0x30, 0x0, 0x0,
    0x0, 0x0, 0xbf, 0xff, 0xff, 0x80, 0x0, 0x0,
    0x0, 0x1, 0xcf, 0xff, 0xff, 0x70, 0x0, 0x0,
    0x4, 0xdf, 0xff, 0xff, 0x50, 0x0, 0x0, 0x0,
    0x0, 0x0, 0x7f, 0xff, 0xff, 0xfb, 0x98, 0xae,
    0xff, 0xff, 0xfb, 0x20, 0x0, 0x0, 0x0, 0x0,
    0x0, 0x0, 0x18, 0xff, 0xff, 0xff, 0xff, 0xff,
    0xff, 0xb4, 0x0, 0x0, 0x0, 0x0, 0x0, 0x0,
    0x0, 0x0, 0x0, 0x49, 0xce, 0xff, 0xed, 0xa6,
    0x10, 0x0, 0x0, 0x0, 0x0, 0x0,

    /* U+F070 "" */
    0x5, 0x30, 0x0, 0x0, 0x0, 0x0, 0x0, 0x0,
    0x0, 0x0, 0x0, 0x0, 0x0, 0x0, 0x0, 0x0,
    0x0, 0x5f, 0xf7, 0x0, 0x0, 0x0, 0x0, 0x0,
    0x0, 0x0, 0x0, 0x0, 0x0, 0x0, 0x0, 0x0,
    0x0, 0x0, 0xef, 0xff, 0xb1, 0x0, 0x0, 0x0,
    0x0, 0x0, 0x0, 0x0, 0x0, 0x0, 0x0, 0x0,
    0x0, 0x0, 0x0, 0x6f, 0xff, 0xfd, 0x30, 0x0,
    0x0, 0x0, 0x0, 0x11, 0x0, 0x0, 0x0, 0x0,
    0x0, 0x0, 0x0, 0x0, 0x3, 0xef, 0xff, 0xf6,
    0x0, 0x2, 0x6a, 0xef, 0xff, 0xfe, 0xb7, 0x20,
    0x0, 0x0, 0x0, 0x0, 0x0, 0x0, 0x1c, 0xff,
    0xff, 0x95, 0xcf, 0xff, 0xff, 0xff, 0xff, 0xff,
    0xfb, 0x30, 0x0, 0x0, 0x0, 0x0, 0x0, 0x0,
    0x8f, 0xff, 0xff, 0xff, 0xff, 0xd9, 0x67, 0x9d,
    0xff, 0xff, 0xfa, 0x10, 0x0, 0x0, 0x0, 0x0,
    0x0, 0x4, 0xff, 0xff, 0xff, 0xc3, 0x0, 0x0,
    0x0, 0x4e, 0xff, 0xff, 0xe4, 0x0, 0x0, 0x0,
    0x0, 0x0, 0x0, 0x2c, 0xff, 0xff, 0x90, 0x0,
    0x12, 0x0, 0x1, 0xcf, 0xff, 0xff, 0x50, 0x0,
    0x0, 0x0, 0x0, 0x0, 0x0, 0x9f, 0xff, 0xfc,
    0x23, 0xff, 0xe6, 0x0, 0x1e, 0xff, 0xff, 0xf5,
    0x0, 0x0, 0x0, 0x6, 0x40, 0x0, 0x6, 0xff,
    0xff, 0xe5, 0xff, 0xff, 0x90, 0x5, 0xff, 0xff,
    0xff, 0x30, 0x0, 0x0, 0x3f, 0xf7, 0x0, 0x0,
    0x3d, 0xff, 0xff, 0xff, 0xff, 0xf5, 0x0, 0xef,
    0xff, 0xff, 0xd0, 0x0, 0x0, 0xcf, 0xff, 0xb1,
    0x0, 0x0, 0xbf, 0xff, 0xff, 0xff, 0xfb, 0x0,
    0xaf, 0xff, 0xff, 0xf8, 0x0, 0x3, 0xff, 0xff,
    0xfe, 0x30, 0x0, 0x7, 0xff, 0xff, 0xff, 0xfe,
    0x0, 0x9f, 0xff, 0xff, 0xff, 0x0, 0x2, 0xff,
    0xff, 0xff, 0xf4, 0x0, 0x0, 0x3e, 0xff, 0xff,
    0xfe, 0x0, 0x9f, 0xff, 0xff, 0xfe, 0x0, 0x0,
    0xaf, 0xff, 0xff, 0xf8, 0x0, 0x0, 0x1, 0xcf,
    0xff, 0xfd, 0x0, 0xbf, 0xff, 0xff, 0xf6, 0x0,
    0x0, 0x1e, 0xff, 0xff, 0xfc, 0x0, 0x0, 0x0,
    0x8, 0xff, 0xff, 0xd4, 0xff, 0xff, 0xff, 0xb0,
    0x0, 0x0, 0x4, 0xff, 0xff, 0xff, 0x40, 0x0,
    0x0, 0x0, 0x5f, 0xff, 0xff, 0xff, 0xff, 0xfe,
    0x10, 0x0, 0x0, 0x0, 0x7f, 0xff, 0xff, 0xd1,
    0x0, 0x0, 0x0, 0x2, 0xdf, 0xff, 0xff, 0xff,
    0xf2, 0x0, 0x0, 0x0, 0x0, 0x6, 0xff, 0xff,
    0xfc, 0x10, 0x0, 0x0, 0x0, 0x9, 0xff, 0xff,
    0xfe, 0x30, 0x0, 0x0, 0x0, 0x0, 0x0, 0x5e,
    0xff, 0xff, 0xe5, 0x0, 0x0, 0x0, 0x0, 0x6f,
    0xff, 0xfe, 0x40, 0x0, 0x0, 0x0, 0x0, 0x0,
    0x1, 0xbf, 0xff, 0xff, 0xeb, 0x99, 0x70, 0x0,
    0x3, 0xdf, 0xff, 0xf7, 0x0, 0x0, 0x0, 0x0,
    0x0, 0x0, 0x3, 0xbf, 0xff, 0xff, 0xff, 0xfb,
    0x0, 0x0, 0x1b, 0xff, 0xff, 0xb1, 0x0, 0x0,
    0x0, 0x0, 0x0, 0x0, 0x1, 0x6a, 0xde, 0xff,
    0xec, 0x60, 0x0, 0x0, 0x7f, 0xff, 0xfe, 0x30,
    0x0, 0x0, 0x0, 0x0, 0x0, 0x0, 0x0, 0x0,
    0x0, 0x0, 0x0, 0x0, 0x0, 0x4, 0xef, 0xff,
    0xf5, 0x0, 0x0, 0x0, 0x0, 0x0, 0x0, 0x0,
    0x0, 0x0, 0x0, 0x0, 0x0, 0x0, 0x0, 0x1c,
    0xff, 0xfa, 0x0, 0x0, 0x0, 0x0, 0x0, 0x0,
    0x0, 0x0, 0x0, 0x0, 0x0, 0x0, 0x0, 0x0,
    0x0, 0x8f, 0xe1, 0x0, 0x0, 0x0, 0x0, 0x0,
    0x0, 0x0, 0x0, 0x0, 0x0, 0x0, 0x0, 0x0,
    0x0, 0x0, 0x3, 0x20,

    /* U+F071 "" */
    0x0, 0x0, 0x0, 0x0, 0x0, 0x0, 0x0, 0x4,
    0x51, 0x0, 0x0, 0x0, 0x0, 0x0, 0x0, 0x0,
    0x0, 0x0, 0x0, 0x0, 0x0, 0x0, 0x0, 0xbf,
    0xff, 0x20, 0x0, 0x0, 0x0, 0x0, 0x0, 0x0,
    0x0, 0x0, 0x0, 0x0, 0x0, 0x0, 0x6, 0xff,
    0xff, 0xc0, 0x0, 0x0, 0x0, 0x0, 0x0, 0x0,
    0x0, 0x0, 0x0, 0x0, 0x0, 0x0, 0x1e, 0xff,
    0xff, 0xf5, 0x0, 0x0, 0x0, 0x0, 0x0, 0x0,
    0x0, 0x0, 0x0, 0x0, 0x0, 0x0, 0x9f, 0xff,
    0xff, 0xfe, 0x0, 0x0, 0x0, 0x0, 0x0, 0x0,
    0x0, 0x0, 0x0, 0x0, 0x0, 0x2, 0xff, 0xff,
    0xff, 0xff, 0x80, 0x0, 0x0, 0x0, 0x0, 0x0,
    0x0, 0x0, 0x0, 0x0, 0x0, 0xb, 0xff, 0xff,
    0xff, 0xff, 0xf2, 0x0, 0x0, 0x0, 0x0, 0x0,
    0x0, 0x0, 0x0, 0x0, 0x0, 0x5f, 0xff, 0xff,
    0xff, 0xff, 0xfb, 0x0, 0x0, 0x0, 0x0, 0x0,
    0x0, 0x0, 0x0, 0x0, 0x0, 0xdf, 0xff, 0xff,
    0xff, 0xff, 0xff, 0x40, 0x0, 0x0, 0x0, 0x0,
    0x0, 0x0, 0x0, 0x0, 0x7, 0xff, 0xff, 0xee,
    0xee, 0xff, 0xff, 0xd0, 0x0, 0x0, 0x0, 0x0,
    0x0, 0x0, 0x0, 0x0, 0x1f, 0xff, 0xfe, 0x0,
    0x0, 0x8f, 0xff, 0xf7, 0x0, 0x0, 0x0, 0x0,
    0x0, 0x0, 0x0, 0x0, 0xaf, 0xff, 0xfe, 0x0,
    0x0, 0x8f, 0xff, 0xff, 0x10, 0x0, 0x0, 0x0,
    0x0, 0x0, 0x0, 0x3, 0xff, 0xff, 0xff, 0x0,
    0x0, 0x9f, 0xff, 0xff, 0x90, 0x0, 0x0, 0x0,
    0x0, 0x0, 0x0, 0xc, 0xff, 0xff, 0xff, 0x0,
    0x0, 0xaf, 0xff, 0xff, 0xf3, 0x0, 0x0, 0x0,
    0x0, 0x0, 0x0, 0x6f, 0xff, 0xff, 0xff, 0x10,
    0x0, 0xbf, 0xff, 0xff, 0xfc, 0x0, 0x0, 0x0,
    0x0, 0x0, 0x0, 0xef, 0xff, 0xff, 0xff, 0x20,
    0x0, 0xcf, 0xff, 0xff, 0xff, 0x50, 0x0, 0x0,
    0x0, 0x0, 0x8, 0xff, 0xff, 0xff, 0xff, 0x30,
    0x0, 0xdf, 0xff, 0xff, 0xff, 0xe0, 0x0, 0x0,
    0x0, 0x0, 0x2f, 0xff, 0xff, 0xff, 0xff, 0x50,
    0x0, 0xef, 0xff, 0xff, 0xff, 0xf8, 0x0, 0x0,
    0x0, 0x0, 0xbf, 0xff, 0xff, 0xff, 0xff, 0xff,
    0xff, 0xff, 0xff, 0xff, 0xff, 0xff, 0x20, 0x0,
    0x0, 0x4, 0xff, 0xff, 0xff, 0xff, 0xff, 0xb2,
    0x17, 0xff, 0xff, 0xff, 0xff, 0xff, 0xa0, 0x0,
    0x0, 0xd, 0xff, 0xff, 0xff, 0xff, 0xff, 0x0,
    0x0, 0xaf, 0xff, 0xff, 0xff, 0xff, 0xf4, 0x0,
    0x0, 0x7f, 0xff, 0xff, 0xff, 0xff, 0xfd, 0x0,
    0x0, 0x7f, 0xff, 0xff, 0xff, 0xff, 0xfd, 0x0,
    0x1, 0xff, 0xff, 0xff, 0xff, 0xff, 0xff, 0x10,
    0x0, 0xbf, 0xff, 0xff, 0xff, 0xff, 0xff, 0x60,
    0x9, 0xff, 0xff, 0xff, 0xff, 0xff, 0xff, 0xc4,
    0x39, 0xff, 0xff, 0xff, 0xff, 0xff, 0xff, 0xe0,
    0xf, 0xff, 0xff, 0xff, 0xff, 0xff, 0xff, 0xff,
    0xff, 0xff, 0xff, 0xff, 0xff, 0xff, 0xff, 0xf5,
    0xe, 0xff, 0xff, 0xff, 0xff, 0xff, 0xff, 0xff,
    0xff, 0xff, 0xff, 0xff, 0xff, 0xff, 0xff, 0xf4,
    0x5, 0xff, 0xff, 0xff, 0xff, 0xff, 0xff, 0xff,
    0xff, 0xff, 0xff, 0xff, 0xff, 0xff, 0xff, 0xb0,
    0x0, 0x25, 0x55, 0x55, 0x55, 0x55, 0x55, 0x55,
    0x55, 0x55, 0x55, 0x55, 0x55, 0x55, 0x54, 0x0,

    /* U+F074 "" */
    0x0, 0x0, 0x0, 0x0, 0x0, 0x0, 0x0, 0x0,
    0x0, 0x0, 0x3a, 0x30, 0x0, 0x0, 0x0, 0x0,
    0x0, 0x0, 0x0, 0x0, 0x0, 0x0, 0x0, 0xb,
    0xff, 0x40, 0x0, 0x0, 0x0, 0x0, 0x0, 0x0,
    0x0, 0x0, 0x0, 0x0, 0x0, 0xcf, 0xff, 0x40,
    0x4, 0x55, 0x55, 0x54, 0x0, 0x0, 0x0, 0x0,
    0x1, 0x55, 0x5d, 0xff, 0xff, 0x40, 0xff, 0xff,
    0xff, 0xf8, 0x0, 0x0, 0x0, 0x1, 0xdf, 0xff,
    0xff, 0xff, 0xff, 0x4f, 0xff, 0xff, 0xff, 0xf7,
    0x0, 0x0, 0x1, 0xdf, 0xff, 0xff, 0xff, 0xff,
    0xfe, 0xff, 0xff, 0xff, 0xff, 0xf6, 0x0, 0x0,
    0xcf, 0xff, 0xff, 0xff, 0xff, 0xff, 0xbc, 0xee,
    0xee, 0xff, 0xff, 0xf5, 0x0, 0xcf, 0xff, 0xff,
    0xef, 0xff, 0xff, 0xb0, 0x0, 0x0, 0x5, 0xff,
    0xfe, 0x20, 0xbf, 0xff, 0xfd, 0x10, 0xcf, 0xff,
    0xb0, 0x0, 0x0, 0x0, 0x6, 0xfe, 0x20, 0xaf,
    0xff, 0xfe, 0x20, 0xb, 0xff, 0xb0, 0x0, 0x0,
    0x0, 0x0, 0x6, 0x30, 0xaf, 0xff, 0xfe, 0x20,
    0x0, 0x8f, 0xb0, 0x0, 0x0, 0x0, 0x0, 0x0,
    0x0, 0x9f, 0xff, 0xfe, 0x20, 0x0, 0x0, 0x20,
    0x0, 0x0, 0x0, 0x0, 0x0, 0x0, 0x8f, 0xff,
    0xff, 0x30, 0x0, 0x0, 0x4, 0x0, 0x0, 0x0,
    0x0, 0x0, 0x0, 0x8f, 0xff, 0xff, 0x30, 0x82,
    0x0, 0x9, 0xfc, 0x10, 0x0, 0x0, 0x0, 0x0,
    0x7f, 0xff, 0xff, 0x40, 0x8f, 0xe2, 0x0, 0xcf,
    0xfc, 0x10, 0x0, 0x0, 0x0, 0x6f, 0xff, 0xff,
    0x50, 0x7f, 0xff, 0xe2, 0xc, 0xff, 0xfc, 0x10,
    0xdf, 0xff, 0xff, 0xff, 0xff, 0x50, 0xa, 0xff,
    0xff, 0xff, 0xff, 0xff, 0xfc, 0x1f, 0xff, 0xff,
    0xff, 0xff, 0x60, 0x0, 0xb, 0xff, 0xff, 0xff,
    0xff, 0xff, 0xfb, 0xff, 0xff, 0xff, 0xff, 0x70,
    0x0, 0x0, 0xb, 0xff, 0xff, 0xff, 0xff, 0xff,
    0xef, 0xff, 0xff, 0xff, 0x70, 0x0, 0x0, 0x0,
    0xc, 0xff, 0xff, 0xff, 0xff, 0xf3, 0x24, 0x44,
    0x44, 0x30, 0x0, 0x0, 0x0, 0x0, 0x4, 0x44,
    0xdf, 0xff, 0xf3, 0x0, 0x0, 0x0, 0x0, 0x0,
    0x0, 0x0, 0x0, 0x0, 0x0, 0xc, 0xff, 0xf3,
    0x0, 0x0, 0x0, 0x0, 0x0, 0x0, 0x0, 0x0,
    0x0, 0x0, 0x0, 0xbf, 0xf3, 0x0, 0x0, 0x0,
    0x0, 0x0, 0x0, 0x0, 0x0, 0x0, 0x0, 0x0,
    0x2, 0x93, 0x0, 0x0,

    /* U+F077 "" */
    0x0, 0x0, 0x0, 0x0, 0x0, 0x1, 0x0, 0x0,
    0x0, 0x0, 0x0, 0x0, 0x0, 0x0, 0x0, 0x0,
    0x0, 0x6f, 0xc0, 0x0, 0x0, 0x0, 0x0, 0x0,
    0x0, 0x0, 0x0, 0x0, 0x6, 0xff, 0xfc, 0x0,
    0x0, 0x0, 0x0, 0x0, 0x0, 0x0, 0x0, 0x0,
    0x6f, 0xff, 0xff, 0xc0, 0x0, 0x0, 0x0, 0x0,
    0x0, 0x0, 0x0, 0x6, 0xff, 0xff, 0xff, 0xfc,
    0x0, 0x0, 0x0, 0x0, 0x0, 0x0, 0x0, 0x6f,
    0xff, 0xff, 0xff, 0xff, 0xc0, 0x0, 0x0, 0x0,
    0x0, 0x0, 0x6, 0xff, 0xff, 0xfa, 0xef, 0xff,
    0xfc, 0x0, 0x0, 0x0, 0x0, 0x0, 0x6f, 0xff,
    0xff, 0x90, 0x3e, 0xff, 0xff, 0xc0, 0x0, 0x0,
    0x0, 0x6, 0xff, 0xff, 0xf9, 0x0, 0x3, 0xef,
    0xff, 0xfc, 0x0, 0x0, 0x0, 0x6f, 0xff, 0xff,
    0x90, 0x0, 0x0, 0x3e, 0xff, 0xff, 0xc0, 0x0,
    0x6, 0xff, 0xff, 0xf9, 0x0, 0x0, 0x0, 0x3,
    0xef, 0xff, 0xfc, 0x0, 0x5f, 0xff, 0xff, 0x90,
    0x0, 0x0, 0x0, 0x0, 0x3e, 0xff, 0xff, 0xc0,
    0xbf, 0xff, 0xf9, 0x0, 0x0, 0x0, 0x0, 0x0,
    0x3, 0xef, 0xff, 0xf2, 0x3f, 0xff, 0x90, 0x0,
    0x0, 0x0, 0x0, 0x0, 0x0, 0x3e, 0xff, 0xa0,
    0x3, 0xc8, 0x0, 0x0, 0x0, 0x0, 0x0, 0x0,
    0x0, 0x2, 0xc9, 0x0,

    /* U+F078 "" */
    0x0, 0x0, 0x0, 0x0, 0x0, 0x0, 0x0, 0x0,
    0x0, 0x0, 0x0, 0x0, 0x7, 0xfc, 0x0, 0x0,
    0x0, 0x0, 0x0, 0x0, 0x0, 0x5, 0xfd, 0x10,
    0x6f, 0xff, 0xc0, 0x0, 0x0, 0x0, 0x0, 0x0,
    0x0, 0x5f, 0xff, 0xd0, 0xbf, 0xff, 0xfc, 0x0,
    0x0, 0x0, 0x0, 0x0, 0x5, 0xff, 0xff, 0xf2,
    0x3e, 0xff, 0xff, 0xc0, 0x0, 0x0, 0x0, 0x0,
    0x5f, 0xff, 0xff, 0x90, 0x3, 0xef, 0xff, 0xfc,
    0x0, 0x0, 0x0, 0x5, 0xff, 0xff, 0xf9, 0x0,
    0x0, 0x3e, 0xff, 0xff, 0xc0, 0x0, 0x0, 0x5f,
    0xff, 0xff, 0x90, 0x0, 0x0, 0x3, 0xef, 0xff,
    0xfc, 0x0, 0x5, 0xff, 0xff, 0xf9, 0x0, 0x0,
    0x0, 0x0, 0x3e, 0xff, 0xff, 0xc0, 0x5f, 0xff,
    0xff, 0x90, 0x0, 0x0, 0x0, 0x0, 0x3, 0xef,
    0xff, 0xfd, 0xff, 0xff, 0xf9, 0x0, 0x0, 0x0,
    0x0, 0x0, 0x0, 0x3e, 0xff, 0xff, 0xff, 0xff,
    0x90, 0x0, 0x0, 0x0, 0x0, 0x0, 0x0, 0x3,
    0xef, 0xff, 0xff, 0xf9, 0x0, 0x0, 0x0, 0x0,
    0x0, 0x0, 0x0, 0x0, 0x3e, 0xff, 0xff, 0x90,
    0x0, 0x0, 0x0, 0x0, 0x0, 0x0, 0x0, 0x0,
    0x3, 0xef, 0xf9, 0x0, 0x0, 0x0, 0x0, 0x0,
    0x0, 0x0, 0x0, 0x0, 0x0, 0x3c, 0x80, 0x0,
    0x0, 0x0, 0x0, 0x0,

    /* U+F079 "" */
    0x0, 0x0, 0x0, 0x31, 0x0, 0x0, 0x0, 0x0,
    0x0, 0x0, 0x0, 0x0, 0x0, 0x0, 0x0, 0x0,
    0x0, 0x0, 0x0, 0x8, 0xfe, 0x20, 0x0, 0x0,
    0x0, 0x0, 0x0, 0x0, 0x0, 0x0, 0x0, 0x0,
    0x0, 0x0, 0x0, 0x0, 0x8f, 0xff, 0xe2, 0x0,
    0x1, 0x66, 0x66, 0x66, 0x66, 0x66, 0x66, 0x65,
    0x0, 0x0, 0x0, 0x0, 0x9, 0xff, 0xff, 0xfe,
    0x20, 0xc, 0xff, 0xff, 0xff, 0xff, 0xff, 0xff,
    0xff, 0x50, 0x0, 0x0, 0x0, 0x9f, 0xff, 0xff,
    0xff, 0xe2, 0xa, 0xff, 0xff, 0xff, 0xff, 0xff,
    0xff, 0xff, 0x70, 0x0, 0x0, 0x9, 0xff, 0xff,
    0xff, 0xff, 0xfe, 0x20, 0xbf, 0xff, 0xff, 0xff,
    0xff, 0xff, 0xff, 0x70, 0x0, 0x0, 0x8f, 0xff,
    0xef, 0xff, 0xdf, 0xff, 0xe1, 0x0, 0x0, 0x0,
    0x0, 0x0, 0xe, 0xff, 0x70, 0x0, 0x0, 0xcf,
    0xfe, 0x2f, 0xff, 0x79, 0xff, 0xf4, 0x0, 0x0,
    0x0, 0x0, 0x0, 0xe, 0xff, 0x70, 0x0, 0x0,
    0x2e, 0xe3, 0xf, 0xff, 0x70, 0xaf, 0x90, 0x0,
    0x0, 0x0, 0x0, 0x0, 0xe, 0xff, 0x70, 0x0,
    0x0, 0x0, 0x0, 0xf, 0xff, 0x70, 0x0, 0x0,
    0x0, 0x0, 0x0, 0x0, 0x0, 0xe, 0xff, 0x70,
    0x0, 0x0, 0x0, 0x0, 0xf, 0xff, 0x70, 0x0,
    0x0, 0x0, 0x0, 0x0, 0x0, 0x0, 0xe, 0xff,
    0x70, 0x0, 0x0, 0x0, 0x0, 0xf, 0xff, 0x70,
    0x0, 0x0, 0x0, 0x0, 0x0, 0x0, 0x0, 0xe,
    0xff, 0x70, 0x0, 0x0, 0x0, 0x0, 0xf, 0xff,
    0x70, 0x0, 0x0, 0x0, 0x0, 0x0, 0x1, 0x10,
    0xe, 0xff, 0x70, 0x2, 0x0, 0x0, 0x0, 0xf,
    0xff, 0x70, 0x0, 0x0, 0x0, 0x0, 0x0, 0x3e,
    0xf4, 0xe, 0xff, 0x70, 0xbf, 0xb0, 0x0, 0x0,
    0xf, 0xff, 0x70, 0x0, 0x0, 0x0, 0x0, 0x0,
    0xcf, 0xff, 0x4e, 0xff, 0x7a, 0xff, 0xf5, 0x0,
    0x0, 0xf, 0xff, 0x71, 0x11, 0x11, 0x11, 0x11,
    0x0, 0x6f, 0xff, 0xff, 0xff, 0xef, 0xff, 0xe1,
    0x0, 0x0, 0xf, 0xff, 0xff, 0xff, 0xff, 0xff,
    0xff, 0xf6, 0x7, 0xff, 0xff, 0xff, 0xff, 0xfe,
    0x20, 0x0, 0x0, 0xf, 0xff, 0xff, 0xff, 0xff,
    0xff, 0xff, 0xff, 0x40, 0x7f, 0xff, 0xff, 0xff,
    0xe2, 0x0, 0x0, 0x0, 0xc, 0xff, 0xff, 0xff,
    0xff, 0xff, 0xff, 0xff, 0x40, 0x6, 0xff, 0xff,
    0xfd, 0x10, 0x0, 0x0, 0x0, 0x1, 0x45, 0x55,
    0x55, 0x55, 0x55, 0x55, 0x53, 0x0, 0x0, 0x6f,
    0xff, 0xd1, 0x0, 0x0, 0x0, 0x0, 0x0, 0x0,
    0x0, 0x0, 0x0, 0x0, 0x0, 0x0, 0x0, 0x0,
    0x6, 0xfd, 0x10, 0x0, 0x0, 0x0, 0x0, 0x0,
    0x0, 0x0, 0x0, 0x0, 0x0, 0x0, 0x0, 0x0,
    0x0, 0x0, 0x10, 0x0, 0x0, 0x0,

    /* U+F07B "" */
    0x0, 0x34, 0x44, 0x44, 0x44, 0x30, 0x0, 0x0,
    0x0, 0x0, 0x0, 0x0, 0x0, 0x4, 0xef, 0xff,
    0xff, 0xff, 0xff, 0xb0, 0x0, 0x0, 0x0, 0x0,
    0x0, 0x0, 0x0, 0xdf, 0xff, 0xff, 0xff, 0xff,
    0xff, 0xb0, 0x0, 0x0, 0x0, 0x0, 0x0, 0x0,
    0xf, 0xff, 0xff, 0xff, 0xff, 0xff, 0xff, 0xb0,
    0x0, 0x0, 0x0, 0x0, 0x0, 0x0, 0xff, 0xff,
    0xff, 0xff, 0xff, 0xff, 0xff, 0xee, 0xee, 0xee,
    0xee, 0xee, 0xd9, 0x1f, 0xff, 0xff, 0xff, 0xff,
    0xff, 0xff, 0xff, 0xff, 0xff, 0xff, 0xff, 0xff,
    0xfa, 0xff, 0xff, 0xff, 0xff, 0xff, 0xff, 0xff,
    0xff, 0xff, 0xff, 0xff, 0xff, 0xff, 0xff, 0xff,
    0xff, 0xff, 0xff, 0xff, 0xff, 0xff, 0xff, 0xff,
    0xff, 0xff, 0xff, 0xff, 0xff, 0xff, 0xff, 0xff,
    0xff, 0xff, 0xff, 0xff, 0xff, 0xff, 0xff, 0xff,
    0xff, 0xff, 0xff, 0xff, 0xff, 0xff, 0xff, 0xff,
    0xff, 0xff, 0xff, 0xff, 0xff, 0xff, 0xff, 0xff,
    0xff, 0xff, 0xff, 0xff, 0xff, 0xff, 0xff, 0xff,
    0xff, 0xff, 0xff, 0xff, 0xff, 0xff, 0xff, 0xff,
    0xff, 0xff, 0xff, 0xff, 0xff, 0xff, 0xff, 0xff,
    0xff, 0xff, 0xff, 0xff, 0xff, 0xff, 0xff, 0xff,
    0xff, 0xff, 0xff, 0xff, 0xff, 0xff, 0xff, 0xff,
    0xff, 0xff, 0xff, 0xff, 0xff, 0xff, 0xff, 0xff,
    0xff, 0xff, 0xff, 0xff, 0xff, 0xff, 0xff, 0xff,
    0xff, 0xff, 0xff, 0xff, 0xff, 0xff, 0xff, 0xff,
    0xff, 0xff, 0xff, 0xff, 0xff, 0xff, 0xff, 0xff,
    0xff, 0xff, 0xff, 0xff, 0xff, 0xff, 0xff, 0xff,
    0xff, 0xff, 0xff, 0xff, 0xff, 0xff, 0xff, 0xff,
    0xff, 0xff, 0xff, 0xff, 0xff, 0xff, 0xff, 0xff,
    0xff, 0xff, 0xff, 0xff, 0xff, 0xff, 0xff, 0xff,
    0xff, 0xff, 0xff, 0xff, 0xff, 0xff, 0xff, 0xff,
    0xff, 0xff, 0xff, 0xff, 0xff, 0xff, 0xff, 0xff,
    0xfb, 0xff, 0xff, 0xff, 0xff, 0xff, 0xff, 0xff,
    0xff, 0xff, 0xff, 0xff, 0xff, 0xfb, 0x1b, 0xff,
    0xff, 0xff, 0xff, 0xff, 0xff, 0xff, 0xff, 0xff,
    0xff, 0xff, 0xfb, 0x10,

    /* U+F093 "" */
    0x0, 0x0, 0x0, 0x0, 0x0, 0x0, 0x28, 0x10,
    0x0, 0x0, 0x0, 0x0, 0x0, 0x0, 0x0, 0x0,
    0x0, 0x0, 0x0, 0x2e, 0xfd, 0x10, 0x0, 0x0,
    0x0, 0x0, 0x0, 0x0, 0x0, 0x0, 0x0, 0x0,
    0x2e, 0xff, 0xfd, 0x10, 0x0, 0x0, 0x0, 0x0,
    0x0, 0x0, 0x0, 0x0, 0x0, 0x2e, 0xff, 0xff,
    0xfd, 0x10, 0x0, 0x0, 0x0, 0x0, 0x0, 0x0,
    0x0, 0x0, 0x2e, 0xff, 0xff, 0xff, 0xfd, 0x10,
    0x0, 0x0, 0x0, 0x0, 0x0, 0x0, 0x0, 0x2e,
    0xff, 0xff, 0xff, 0xff, 0xfd, 0x10, 0x0, 0x0,
    0x0, 0x0, 0x0, 0x0, 0x2e, 0xff, 0xff, 0xff,
    0xff, 0xff, 0xfd, 0x10, 0x0, 0x0, 0x0, 0x0,
    0x0, 0x2e, 0xff, 0xff, 0xff, 0xff, 0xff, 0xff,
    0xfd, 0x10, 0x0, 0x0, 0x0, 0x0, 0x2e, 0xff,
    0xff, 0xff, 0xff, 0xff, 0xff, 0xff, 0xfd, 0x10,
    0x0, 0x0, 0x0, 0x8, 0xff, 0xff, 0xff, 0xff,
    0xff, 0xff, 0xff, 0xff, 0xf7, 0x0, 0x0, 0x0,
    0x0, 0x17, 0x88, 0x88, 0xff, 0xff, 0xff, 0xe8,
    0x88, 0x87, 0x10, 0x0, 0x0, 0x0, 0x0, 0x0,
    0x0, 0xe, 0xff, 0xff, 0xfd, 0x0, 0x0, 0x0,
    0x0, 0x0, 0x0, 0x0, 0x0, 0x0, 0x0, 0xef,
    0xff, 0xff, 0xd0, 0x0, 0x0, 0x0, 0x0, 0x0,
    0x0, 0x0, 0x0, 0x0, 0xe, 0xff, 0xff, 0xfd,
    0x0, 0x0, 0x0, 0x0, 0x0, 0x0, 0x0, 0x0,
    0x0, 0x0, 0xef, 0xff, 0xff, 0xd0, 0x0, 0x0,
    0x0, 0x0, 0x0, 0x0, 0x0, 0x0, 0x0, 0xe,
    0xff, 0xff, 0xfd, 0x0, 0x0, 0x0, 0x0, 0x0,
    0x0, 0x0, 0x0, 0x0, 0x0, 0xef, 0xff, 0xff,
    0xd0, 0x0, 0x0, 0x0, 0x0, 0x0, 0x0, 0x0,
    0x0, 0x0, 0xe, 0xff, 0xff, 0xfd, 0x0, 0x0,
    0x0, 0x0, 0x0, 0x0, 0x0, 0x0, 0x0, 0x0,
    0xef, 0xff, 0xff, 0xd0, 0x0, 0x0, 0x0, 0x0,
    0xb, 0xff, 0xff, 0xff, 0xf7, 0xe, 0xff, 0xff,
    0xfc, 0x7, 0xff, 0xff, 0xff, 0xfa, 0xff, 0xff,
    0xff, 0xff, 0xb0, 0x49, 0xaa, 0xa9, 0x30, 0xbf,
    0xff, 0xff, 0xff, 0xff, 0xff, 0xff, 0xff, 0xff,
    0x70, 0x0, 0x0, 0x0, 0x7f, 0xff, 0xff, 0xff,
    0xff, 0xff, 0xff, 0xff, 0xff, 0xff, 0xdb, 0xbb,
    0xbb, 0xdf, 0xff, 0xff, 0xff, 0xff, 0xff, 0xff,
    0xff, 0xff, 0xff, 0xff, 0xff, 0xff, 0xff, 0xff,
    0xdf, 0xfe, 0xff, 0xff, 0xff, 0xff, 0xff, 0xff,
    0xff, 0xff, 0xff, 0xff, 0xff, 0x70, 0xad, 0x4,
    0xff, 0xff, 0xff, 0xff, 0xff, 0xff, 0xff, 0xff,
    0xff, 0xff, 0xfa, 0x2c, 0xe3, 0x7f, 0xff, 0xef,
    0xff, 0xff, 0xff, 0xff, 0xff, 0xff, 0xff, 0xff,
    0xff, 0xff, 0xff, 0xff, 0xe2, 0x56, 0x66, 0x66,
    0x66, 0x66, 0x66, 0x66, 0x66, 0x66, 0x66, 0x66,
    0x66, 0x52,

    /* U+F095 "" */
    0x0, 0x0, 0x0, 0x0, 0x0, 0x0, 0x0, 0x0,
    0x0, 0x0, 0x59, 0x51, 0x0, 0x0, 0x0, 0x0,
    0x0, 0x0, 0x0, 0x0, 0x0, 0x0, 0x0, 0x1,
    0xff, 0xff, 0xea, 0x61, 0x0, 0x0, 0x0, 0x0,
    0x0, 0x0, 0x0, 0x0, 0x0, 0x8, 0xff, 0xff,
    0xff, 0xfd, 0x0, 0x0, 0x0, 0x0, 0x0, 0x0,
    0x0, 0x0, 0x0, 0xe, 0xff, 0xff, 0xff, 0xff,
    0x0, 0x0, 0x0, 0x0, 0x0, 0x0, 0x0, 0x0,
    0x0, 0x5f, 0xff, 0xff, 0xff, 0xfe, 0x0, 0x0,
    0x0, 0x0, 0x0, 0x0, 0x0, 0x0, 0x0, 0xcf,
    0xff, 0xff, 0xff, 0xfd, 0x0, 0x0, 0x0, 0x0,
    0x0, 0x0, 0x0, 0x0, 0x3, 0xff, 0xff, 0xff,
    0xff, 0xfb, 0x0, 0x0, 0x0, 0x0, 0x0, 0x0,
    0x0, 0x0, 0x8, 0xff, 0xff, 0xff, 0xff, 0xf9,
    0x0, 0x0, 0x0, 0x0, 0x0, 0x0, 0x0, 0x0,
    0x2, 0xef, 0xff, 0xff, 0xff, 0xf5, 0x0, 0x0,
    0x0, 0x0, 0x0, 0x0, 0x0, 0x0, 0x0, 0x1c,
    0xff, 0xff, 0xff, 0xf2, 0x0, 0x0, 0x0, 0x0,
    0x0, 0x0, 0x0, 0x0, 0x0, 0x0, 0xaf, 0xff,
    0xff, 0xd0, 0x0, 0x0, 0x0, 0x0, 0x0, 0x0,
    0x0, 0x0, 0x0, 0x0, 0x2f, 0xff, 0xff, 0x70,
    0x0, 0x0, 0x0, 0x0, 0x0, 0x0, 0x0, 0x0,
    0x0, 0x0, 0xbf, 0xff, 0xff, 0x10, 0x0, 0x0,
    0x0, 0x0, 0x0, 0x0, 0x0, 0x0, 0x0, 0x4,
    0xff, 0xff, 0xfa, 0x0, 0x0, 0x0, 0x0, 0x0,
    0x0, 0x0, 0x0, 0x0, 0x0, 0x1e, 0xff, 0xff,
    0xf2, 0x0, 0x0, 0x0, 0x0, 0x0, 0x0, 0x0,
    0x0, 0x0, 0x0, 0xcf, 0xff, 0xff, 0x80, 0x0,
    0x0, 0x0, 0x0, 0x0, 0x10, 0x0, 0x0, 0x0,
    0xa, 0xff, 0xff, 0xfd, 0x0, 0x0, 0x0, 0x0,
    0x2, 0x8e, 0xf5, 0x0, 0x0, 0x0, 0xbf, 0xff,
    0xff, 0xf3, 0x0, 0x0, 0x0, 0x4, 0xbf, 0xff,
    0xff, 0x30, 0x0, 0x2d, 0xff, 0xff, 0xff, 0x60,
    0x0, 0x0, 0x5, 0xdf, 0xff, 0xff, 0xff, 0xe1,
    0x8, 0xff, 0xff, 0xff, 0xf7, 0x0, 0x0, 0x0,
    0xf, 0xff, 0xff, 0xff, 0xff, 0xfd, 0xef, 0xff,
    0xff, 0xff, 0x80, 0x0, 0x0, 0x0, 0xd, 0xff,
    0xff, 0xff, 0xff, 0xff, 0xff, 0xff, 0xff, 0xf6,
    0x0, 0x0, 0x0, 0x0, 0x9, 0xff, 0xff, 0xff,
    0xff, 0xff, 0xff, 0xff, 0xfe, 0x40, 0x0, 0x0,
    0x0, 0x0, 0x5, 0xff, 0xff, 0xff, 0xff, 0xff,
    0xff, 0xff, 0xa1, 0x0, 0x0, 0x0, 0x0, 0x0,
    0x1, 0xff, 0xff, 0xff, 0xff, 0xff, 0xff, 0xd4,
    0x0, 0x0, 0x0, 0x0, 0x0, 0x0, 0x0, 0xef,
    0xff, 0xff, 0xff, 0xff, 0xb4, 0x0, 0x0, 0x0,
    0x0, 0x0, 0x0, 0x0, 0x0, 0x9f, 0xff, 0xff,
    0xea, 0x61, 0x0, 0x0, 0x0, 0x0, 0x0, 0x0,
    0x0, 0x0, 0x0, 0x5, 0x54, 0x30, 0x0, 0x0,
    0x0, 0x0, 0x0, 0x0, 0x0, 0x0, 0x0, 0x0,

    /* U+F0C4 "" */
    0x0, 0x3a, 0xee, 0xb4, 0x0, 0x0, 0x0, 0x0,
    0x0, 0x0, 0x10, 0x0, 0x7, 0xff, 0xff, 0xff,
    0x80, 0x0, 0x0, 0x0, 0x2, 0xbf, 0xfe, 0x70,
    0x4f, 0xff, 0xff, 0xff, 0xf5, 0x0, 0x0, 0x0,
    0x2e, 0xff, 0xff, 0xf7, 0xbf, 0xff, 0x98, 0xff,
    0xfd, 0x0, 0x0, 0x2, 0xef, 0xff, 0xff, 0xe2,
    0xff, 0xf8, 0x0, 0x6f, 0xff, 0x10, 0x0, 0x3e,
    0xff, 0xff, 0xfe, 0x20, 0xff, 0xf7, 0x0, 0x5f,
    0xff, 0x10, 0x3, 0xef, 0xff, 0xff, 0xe2, 0x0,
    0xcf, 0xfe, 0x54, 0xdf, 0xfe, 0x0, 0x3e, 0xff,
    0xff, 0xfe, 0x20, 0x0, 0x6f, 0xff, 0xff, 0xff,
    0xff, 0x43, 0xef, 0xff, 0xff, 0xe2, 0x0, 0x0,
    0xb, 0xff, 0xff, 0xff, 0xff, 0xff, 0xff, 0xff,
    0xfe, 0x20, 0x0, 0x0, 0x0, 0x7e, 0xff, 0xff,
    0xff, 0xff, 0xff, 0xff, 0xe2, 0x0, 0x0, 0x0,
    0x0, 0x0, 0x23, 0xdf, 0xff, 0xff, 0xff, 0xfe,
    0x30, 0x0, 0x0, 0x0, 0x0, 0x0, 0x0, 0x1d,
    0xff, 0xff, 0xff, 0xe3, 0x0, 0x0, 0x0, 0x0,
    0x0, 0x0, 0x0, 0x3e, 0xff, 0xff, 0xff, 0xf3,
    0x0, 0x0, 0x0, 0x0, 0x0, 0x2, 0x67, 0xef,
    0xff, 0xff, 0xff, 0xff, 0x30, 0x0, 0x0, 0x0,
    0x1, 0xbf, 0xff, 0xff, 0xff, 0xff, 0xff, 0xff,
    0xf3, 0x0, 0x0, 0x0, 0xd, 0xff, 0xff, 0xff,
    0xff, 0xed, 0xff, 0xff, 0xff, 0x30, 0x0, 0x0,
    0x8f, 0xff, 0xff, 0xff, 0xfe, 0x21, 0xdf, 0xff,
    0xff, 0xf3, 0x0, 0x0, 0xdf, 0xfd, 0x11, 0xcf,
    0xff, 0x0, 0x1d, 0xff, 0xff, 0xff, 0x30, 0x0,
    0xff, 0xf6, 0x0, 0x4f, 0xff, 0x10, 0x1, 0xdf,
    0xff, 0xff, 0xf3, 0x0, 0xef, 0xf9, 0x0, 0x7f,
    0xff, 0x0, 0x0, 0x1d, 0xff, 0xff, 0xff, 0x30,
    0xaf, 0xff, 0xaa, 0xff, 0xfc, 0x0, 0x0, 0x1,
    0xdf, 0xff, 0xff, 0xe3, 0x3f, 0xff, 0xff, 0xff,
    0xf4, 0x0, 0x0, 0x0, 0x1d, 0xff, 0xff, 0xf7,
    0x5, 0xff, 0xff, 0xff, 0x70, 0x0, 0x0, 0x0,
    0x1, 0x9e, 0xfd, 0x60, 0x0, 0x29, 0xcd, 0xa3,
    0x0, 0x0, 0x0, 0x0, 0x0, 0x0, 0x0, 0x0,

    /* U+F0C5 "" */
    0x0, 0x0, 0x0, 0xa, 0xdd, 0xdd, 0xdd, 0xdd,
    0xc0, 0x2b, 0x10, 0x0, 0x0, 0x0, 0x0, 0x2f,
    0xff, 0xff, 0xff, 0xff, 0xe0, 0x3f, 0xd1, 0x0,
    0x0, 0x0, 0x0, 0x3f, 0xff, 0xff, 0xff, 0xff,
    0xe0, 0x3f, 0xfd, 0x10, 0x0, 0x0, 0x0, 0x3f,
    0xff, 0xff, 0xff, 0xff, 0xe0, 0x3f, 0xff, 0xd1,
    0x0, 0x0, 0x0, 0x3f, 0xff, 0xff, 0xff, 0xff,
    0xe0, 0x3f, 0xff, 0xfb, 0x7c, 0xcc, 0xc0, 0x3f,
    0xff, 0xff, 0xff, 0xff, 0xe0, 0x3, 0x33, 0x32,
    0xff, 0xff, 0xf1, 0x3f, 0xff, 0xff, 0xff, 0xff,
    0xf3, 0x0, 0x0, 0x0, 0xff, 0xff, 0xf1, 0x3f,
    0xff, 0xff, 0xff, 0xff, 0xff, 0xff, 0xff, 0xfc,
    0xff, 0xff, 0xf1, 0x3f, 0xff, 0xff, 0xff, 0xff,
    0xff, 0xff, 0xff, 0xfd, 0xff, 0xff, 0xf1, 0x3f,
    0xff, 0xff, 0xff, 0xff, 0xff, 0xff, 0xff, 0xfd,
    0xff, 0xff, 0xf1, 0x3f, 0xff, 0xff, 0xff, 0xff,
    0xff, 0xff, 0xff, 0xfd, 0xff, 0xff, 0xf1, 0x3f,
    0xff, 0xff, 0xff, 0xff, 0xff, 0xff, 0xff, 0xfd,
    0xff, 0xff, 0xf1, 0x3f, 0xff, 0xff, 0xff, 0xff,
    0xff, 0xff, 0xff, 0xfd, 0xff, 0xff, 0xf1, 0x3f,
    0xff, 0xff, 0xff, 0xff, 0xff, 0xff, 0xff, 0xfd,
    0xff, 0xff, 0xf1, 0x3f, 0xff, 0xff, 0xff, 0xff,
    0xff, 0xff, 0xff, 0xfd, 0xff, 0xff, 0xf1, 0x3f,
    0xff, 0xff, 0xff, 0xff, 0xff, 0xff, 0xff, 0xfd,
    0xff, 0xff, 0xf1, 0x3f, 0xff, 0xff, 0xff, 0xff,
    0xff, 0xff, 0xff, 0xfd, 0xff, 0xff, 0xf1, 0x3f,
    0xff, 0xff, 0xff, 0xff, 0xff, 0xff, 0xff, 0xfd,
    0xff, 0xff, 0xf1, 0x3f, 0xff, 0xff, 0xff, 0xff,
    0xff, 0xff, 0xff, 0xfd, 0xff, 0xff, 0xf1, 0x3f,
    0xff, 0xff, 0xff, 0xff, 0xff, 0xff, 0xff, 0xfd,
    0xff, 0xff, 0xf1, 0x3f, 0xff, 0xff, 0xff, 0xff,
    0xff, 0xff, 0xff, 0xfd, 0xff, 0xff, 0xf2, 0x1f,
    0xff, 0xff, 0xff, 0xff, 0xff, 0xff, 0xff, 0xfa,
    0xff, 0xff, 0xf8, 0x1, 0x33, 0x33, 0x33, 0x33,
    0x33, 0x33, 0x33, 0x30, 0xff, 0xff, 0xff, 0x71,
    0x0, 0x0, 0x0, 0x0, 0x0, 0x0, 0x0, 0x0,
    0xff, 0xff, 0xff, 0xff, 0xff, 0xff, 0xff, 0xff,
    0xe0, 0x0, 0x0, 0x0, 0xff, 0xff, 0xff, 0xff,
    0xff, 0xff, 0xff, 0xff, 0xe0, 0x0, 0x0, 0x0,
    0xef, 0xff, 0xff, 0xff, 0xff, 0xff, 0xff, 0xff,
    0xc0, 0x0, 0x0, 0x0, 0x25, 0x66, 0x66, 0x66,
    0x66, 0x66, 0x66, 0x65, 0x10, 0x0, 0x0, 0x0,

    /* U+F0C7 "" */
    0x1a, 0xef, 0xff, 0xff, 0xff, 0xff, 0xff, 0xff,
    0xfc, 0x30, 0x0, 0x0, 0xbf, 0xff, 0xff, 0xff,
    0xff, 0xff, 0xff, 0xff, 0xff, 0xf3, 0x0, 0x0,
    0xff, 0xff, 0xff, 0xff, 0xff, 0xff, 0xff, 0xff,
    0xff, 0xff, 0x30, 0x0, 0xff, 0xfb, 0x66, 0x66,
    0x66, 0x66, 0x66, 0x66, 0xaf, 0xff, 0xf3, 0x0,
    0xff, 0xf6, 0x0, 0x0, 0x0, 0x0, 0x0, 0x0,
    0x1f, 0xff, 0xff, 0x30, 0xff, 0xf6, 0x0, 0x0,
    0x0, 0x0, 0x0, 0x0, 0x1f, 0xff, 0xff, 0xf2,
    0xff, 0xf6, 0x0, 0x0, 0x0, 0x0, 0x0, 0x0,
    0x1f, 0xff, 0xff, 0xf8, 0xff, 0xf6, 0x0, 0x0,
    0x0, 0x0, 0x0, 0x0, 0x1f, 0xff, 0xff, 0xfa,
    0xff, 0xf6, 0x0, 0x0, 0x0, 0x0, 0x0, 0x0,
    0x1f, 0xff, 0xff, 0xfa, 0xff, 0xf7, 0x0, 0x0,
    0x0, 0x0, 0x0, 0x0, 0x2f, 0xff, 0xff, 0xfa,
    0xff, 0xff, 0xff, 0xff, 0xff, 0xff, 0xff, 0xff,
    0xff, 0xff, 0xff, 0xfa, 0xff, 0xff, 0xff, 0xff,
    0xff, 0xff, 0xff, 0xff, 0xff, 0xff, 0xff, 0xfa,
    0xff, 0xff, 0xff, 0xff, 0xff, 0xff, 0xff, 0xff,
    0xff, 0xff, 0xff, 0xfa, 0xff, 0xff, 0xff, 0xff,
    0xff, 0xb7, 0x8d, 0xff, 0xff, 0xff, 0xff, 0xfa,
    0xff, 0xff, 0xff, 0xff, 0xf7, 0x0, 0x0, 0xbf,
    0xff, 0xff, 0xff, 0xfa, 0xff, 0xff, 0xff, 0xff,
    0xc0, 0x0, 0x0, 0x1f, 0xff, 0xff, 0xff, 0xfa,
    0xff, 0xff, 0xff, 0xff, 0x80, 0x0, 0x0, 0xd,
    0xff, 0xff, 0xff, 0xfa, 0xff, 0xff, 0xff, 0xff,
    0x80, 0x0, 0x0, 0xd, 0xff, 0xff, 0xff, 0xfa,
    0xff, 0xff, 0xff, 0xff, 0xc0, 0x0, 0x0, 0x2f,
    0xff, 0xff, 0xff, 0xfa, 0xff, 0xff, 0xff, 0xff,
    0xf7, 0x0, 0x0, 0xcf, 0xff, 0xff, 0xff, 0xfa,
    0xff, 0xff, 0xff, 0xff, 0xff, 0xc8, 0x8e, 0xff,
    0xff, 0xff, 0xff, 0xfa, 0xff, 0xff, 0xff, 0xff,
    0xff, 0xff, 0xff, 0xff, 0xff, 0xff, 0xff, 0xfa,
    0xaf, 0xff, 0xff, 0xff, 0xff, 0xff, 0xff, 0xff,
    0xff, 0xff, 0xff, 0xf5, 0x1a, 0xee, 0xee, 0xee,
    0xee, 0xee, 0xee, 0xee, 0xee, 0xee, 0xed, 0x70,

    /* U+F0C9 "" */
    0x7b, 0xbb, 0xbb, 0xbb, 0xbb, 0xbb, 0xbb, 0xbb,
    0xbb, 0xbb, 0xbb, 0xa3, 0xff, 0xff, 0xff, 0xff,
    0xff, 0xff, 0xff, 0xff, 0xff, 0xff, 0xff, 0xf9,
    0xff, 0xff, 0xff, 0xff, 0xff, 0xff, 0xff, 0xff,
    0xff, 0xff, 0xff, 0xfa, 0xef, 0xff, 0xff, 0xff,
    0xff, 0xff, 0xff, 0xff, 0xff, 0xff, 0xff, 0xf8,
    0x1, 0x11, 0x11, 0x11, 0x11, 0x11, 0x11, 0x11,
    0x11, 0x11, 0x11, 0x10, 0x0, 0x0, 0x0, 0x0,
    0x0, 0x0, 0x0, 0x0, 0x0, 0x0, 0x0, 0x0,
    0x0, 0x0, 0x0, 0x0, 0x0, 0x0, 0x0, 0x0,
    0x0, 0x0, 0x0, 0x0, 0x0, 0x0, 0x0, 0x0,
    0x0, 0x0, 0x0, 0x0, 0x0, 0x0, 0x0, 0x0,
    0x0, 0x0, 0x0, 0x0, 0x0, 0x0, 0x0, 0x0,
    0x0, 0x0, 0x0, 0x0, 0xdf, 0xff, 0xff, 0xff,
    0xff, 0xff, 0xff, 0xff, 0xff, 0xff, 0xff, 0xf7,
    0xff, 0xff, 0xff, 0xff, 0xff, 0xff, 0xff, 0xff,
    0xff, 0xff, 0xff, 0xfa, 0xff, 0xff, 0xff, 0xff,
    0xff, 0xff, 0xff, 0xff, 0xff, 0xff, 0xff, 0xf9,
    0x9c, 0xcc, 0xcc, 0xcc, 0xcc, 0xcc, 0xcc, 0xcc,
    0xcc, 0xcc, 0xcc, 0xc4, 0x0, 0x0, 0x0, 0x0,
    0x0, 0x0, 0x0, 0x0, 0x0, 0x0, 0x0, 0x0,
    0x0, 0x0, 0x0, 0x0, 0x0, 0x0, 0x0, 0x0,
    0x0, 0x0, 0x0, 0x0, 0x0, 0x0, 0x0, 0x0,
    0x0, 0x0, 0x0, 0x0, 0x0, 0x0, 0x0, 0x0,
    0x0, 0x0, 0x0, 0x0, 0x0, 0x0, 0x0, 0x0,
    0x0, 0x0, 0x0, 0x0, 0x9c, 0xcc, 0xcc, 0xcc,
    0xcc, 0xcc, 0xcc, 0xcc, 0xcc, 0xcc, 0xcc, 0xc4,
    0xff, 0xff, 0xff, 0xff, 0xff, 0xff, 0xff, 0xff,
    0xff, 0xff, 0xff, 0xf9, 0xff, 0xff, 0xff, 0xff,
    0xff, 0xff, 0xff, 0xff, 0xff, 0xff, 0xff, 0xfa,
    0xdf, 0xff, 0xff, 0xff, 0xff, 0xff, 0xff, 0xff,
    0xff, 0xff, 0xff, 0xf7, 0x0, 0x0, 0x0, 0x0,
    0x0, 0x0, 0x0, 0x0, 0x0, 0x0, 0x0, 0x0,

    /* U+F0E0 "" */
    0x3, 0x67, 0x77, 0x77, 0x77, 0x77, 0x77, 0x77,
    0x77, 0x77, 0x77, 0x77, 0x63, 0x6, 0xff, 0xff,
    0xff, 0xff, 0xff, 0xff, 0xff, 0xff, 0xff, 0xff,
    0xff, 0xff, 0xf6, 0xef, 0xff, 0xff, 0xff, 0xff,
    0xff, 0xff, 0xff, 0xff, 0xff, 0xff, 0xff, 0xff,
    0xef, 0xff, 0xff, 0xff, 0xff, 0xff, 0xff, 0xff,
    0xff, 0xff, 0xff, 0xff, 0xff, 0xff, 0xef, 0xff,
    0xff, 0xff, 0xff, 0xff, 0xff, 0xff, 0xff, 0xff,
    0xff, 0xff, 0xff, 0xd2, 0xdf, 0xff, 0xff, 0xff,
    0xff, 0xff, 0xff, 0xff, 0xff, 0xff, 0xff, 0xff,
    0xd2, 0x0, 0x9f, 0xff, 0xff, 0xff, 0xff, 0xff,
    0xff, 0xff, 0xff, 0xff, 0xff, 0x90, 0xa, 0x10,
    0x5f, 0xff, 0xff, 0xff, 0xff, 0xff, 0xff, 0xff,
    0xff, 0xff, 0x50, 0x7, 0xfe, 0x40, 0x2c, 0xff,
    0xff, 0xff, 0xff, 0xff, 0xff, 0xff, 0xfd, 0x20,
    0x2c, 0xff, 0xff, 0x80, 0x9, 0xff, 0xff, 0xff,
    0xff, 0xff, 0xff, 0xf9, 0x0, 0x5f, 0xff, 0xff,
    0xff, 0xb1, 0x5, 0xef, 0xff, 0xff, 0xff, 0xff,
    0xe5, 0x0, 0x9f, 0xff, 0xff, 0xff, 0xff, 0xe4,
    0x1, 0xcf, 0xff, 0xff, 0xff, 0xc1, 0x2, 0xdf,
    0xff, 0xff, 0xff, 0xff, 0xff, 0xf8, 0x0, 0x8f,
    0xff, 0xff, 0x70, 0x6, 0xff, 0xff, 0xff, 0xff,
    0xff, 0xff, 0xff, 0xfb, 0x10, 0x3c, 0xfc, 0x30,
    0xa, 0xff, 0xff, 0xff, 0xff, 0xff, 0xff, 0xff,
    0xff, 0xfe, 0x30, 0x0, 0x0, 0x3d, 0xff, 0xff,
    0xff, 0xff, 0xff, 0xff, 0xff, 0xff, 0xff, 0xff,
    0xa3, 0x13, 0x9f, 0xff, 0xff, 0xff, 0xff, 0xff,
    0xff, 0xff, 0xff, 0xff, 0xff, 0xff, 0xff, 0xff,
    0xff, 0xff, 0xff, 0xff, 0xff, 0xff, 0xff, 0xff,
    0xff, 0xff, 0xff, 0xff, 0xff, 0xff, 0xff, 0xff,
    0xff, 0xff, 0xff, 0xff, 0xff, 0xff, 0xff, 0xff,
    0xff, 0xff, 0xff, 0xff, 0xff, 0xff, 0xff, 0xff,
    0xfb, 0xff, 0xff, 0xff, 0xff, 0xff, 0xff, 0xff,
    0xff, 0xff, 0xff, 0xff, 0xff, 0xfb, 0x1b, 0xff,
    0xff, 0xff, 0xff, 0xff, 0xff, 0xff, 0xff, 0xff,
    0xff, 0xff, 0xfb, 0x10,

    /* U+F0E7 "" */
    0x0, 0xb, 0xdd, 0xdd, 0xdd, 0xdd, 0x50, 0x0,
    0x0, 0x0, 0x5, 0xff, 0xff, 0xff, 0xff, 0xfc,
    0x0, 0x0, 0x0, 0x0, 0x7f, 0xff, 0xff, 0xff,
    0xff, 0x80, 0x0, 0x0, 0x0, 0x9, 0xff, 0xff,
    0xff, 0xff, 0xf3, 0x0, 0x0, 0x0, 0x0, 0xbf,
    0xff, 0xff, 0xff, 0xfd, 0x0, 0x0, 0x0, 0x0,
    0xe, 0xff, 0xff, 0xff, 0xff, 0x80, 0x0, 0x0,
    0x0, 0x0, 0xff, 0xff, 0xff, 0xff, 0xf3, 0x0,
    0x0, 0x0, 0x0, 0x2f, 0xff, 0xff, 0xff, 0xfe,
    0x0, 0x0, 0x0, 0x0, 0x4, 0xff, 0xff, 0xff,
    0xff, 0xc6, 0x66, 0x66, 0x61, 0x0, 0x6f, 0xff,
    0xff, 0xff, 0xff, 0xff, 0xff, 0xff, 0xc0, 0x8,
    0xff, 0xff, 0xff, 0xff, 0xff, 0xff, 0xff, 0xfa,
    0x0, 0xaf, 0xff, 0xff, 0xff, 0xff, 0xff, 0xff,
    0xff, 0x20, 0xd, 0xff, 0xff, 0xff, 0xff, 0xff,
    0xff, 0xff, 0x80, 0x0, 0xff, 0xff, 0xff, 0xff,
    0xff, 0xff, 0xff, 0xe0, 0x0, 0xd, 0xff, 0xff,
    0xff, 0xff, 0xff, 0xff, 0xf6, 0x0, 0x0, 0x15,
    0x55, 0x55, 0x5b, 0xff, 0xff, 0xfc, 0x0, 0x0,
    0x0, 0x0, 0x0, 0x0, 0xbf, 0xff, 0xff, 0x30,
    0x0, 0x0, 0x0, 0x0, 0x0, 0xf, 0xff, 0xff,
    0xa0, 0x0, 0x0, 0x0, 0x0, 0x0, 0x3, 0xff,
    0xff, 0xf1, 0x0, 0x0, 0x0, 0x0, 0x0, 0x0,
    0x7f, 0xff, 0xf8, 0x0, 0x0, 0x0, 0x0, 0x0,
    0x0, 0xa, 0xff, 0xfe, 0x0, 0x0, 0x0, 0x0,
    0x0, 0x0, 0x0, 0xef, 0xff, 0x50, 0x0, 0x0,
    0x0, 0x0, 0x0, 0x0, 0x2f, 0xff, 0xc0, 0x0,
    0x0, 0x0, 0x0, 0x0, 0x0, 0x6, 0xff, 0xf3,
    0x0, 0x0, 0x0, 0x0, 0x0, 0x0, 0x0, 0xaf,
    0xf9, 0x0, 0x0, 0x0, 0x0, 0x0, 0x0, 0x0,
    0xd, 0xff, 0x10, 0x0, 0x0, 0x0, 0x0, 0x0,
    0x0, 0x0, 0xbf, 0x60, 0x0, 0x0, 0x0, 0x0,
    0x0, 0x0, 0x0, 0x0, 0x10, 0x0, 0x0, 0x0,
    0x0, 0x0,

    /* U+F0EA "" */
    0x0, 0x0, 0x0, 0x3b, 0xda, 0x30, 0x0, 0x0,
    0x0, 0x0, 0x0, 0x0, 0x2, 0x22, 0x24, 0xff,
    0xff, 0xf4, 0x22, 0x22, 0x0, 0x0, 0x0, 0x0,
    0xcf, 0xff, 0xff, 0xfb, 0x5c, 0xff, 0xff, 0xff,
    0xa0, 0x0, 0x0, 0x0, 0xff, 0xff, 0xff, 0xf3,
    0x4, 0xff, 0xff, 0xff, 0xe0, 0x0, 0x0, 0x0,
    0xff, 0xff, 0xff, 0xf8, 0x9, 0xff, 0xff, 0xff,
    0xe0, 0x0, 0x0, 0x0, 0xff, 0xff, 0xff, 0xff,
    0xff, 0xff, 0xff, 0xff, 0xe0, 0x0, 0x0, 0x0,
    0xff, 0xff, 0xff, 0xff, 0xff, 0xff, 0xff, 0xff,
    0xe0, 0x0, 0x0, 0x0, 0xff, 0xff, 0xff, 0xff,
    0x72, 0x22, 0x22, 0x22, 0x10, 0x0, 0x0, 0x0,
    0xff, 0xff, 0xff, 0xf4, 0x0, 0x11, 0x11, 0x11,
    0x10, 0x0, 0x0, 0x0, 0xff, 0xff, 0xff, 0xd0,
    0x4f, 0xff, 0xff, 0xff, 0xe0, 0x3f, 0x40, 0x0,
    0xff, 0xff, 0xff, 0xc0, 0x8f, 0xff, 0xff, 0xff,
    0xe0, 0x3f, 0xf4, 0x0, 0xff, 0xff, 0xff, 0xc0,
    0x8f, 0xff, 0xff, 0xff, 0xe0, 0x3f, 0xff, 0x40,
    0xff, 0xff, 0xff, 0xc0, 0x8f, 0xff, 0xff, 0xff,
    0xe0, 0x3f, 0xff, 0xf4, 0xff, 0xff, 0xff, 0xc0,
    0x8f, 0xff, 0xff, 0xff, 0xe0, 0x3f, 0xff, 0xfc,
    0xff, 0xff, 0xff, 0xc0, 0x8f, 0xff, 0xff, 0xff,
    0xf0, 0x0, 0x0, 0x0, 0xff, 0xff, 0xff, 0xc0,
    0x8f, 0xff, 0xff, 0xff, 0xfd, 0xaa, 0xaa, 0xa8,
    0xff, 0xff, 0xff, 0xc0, 0x8f, 0xff, 0xff, 0xff,
    0xff, 0xff, 0xff, 0xfd, 0xff, 0xff, 0xff, 0xc0,
    0x8f, 0xff, 0xff, 0xff, 0xff, 0xff, 0xff, 0xfd,
    0xff, 0xff, 0xff, 0xc0, 0x8f, 0xff, 0xff, 0xff,
    0xff, 0xff, 0xff, 0xfd, 0xff, 0xff, 0xff, 0xc0,
    0x8f, 0xff, 0xff, 0xff, 0xff, 0xff, 0xff, 0xfd,
    0xff, 0xff, 0xff, 0xc0, 0x8f, 0xff, 0xff, 0xff,
    0xff, 0xff, 0xff, 0xfd, 0xbf, 0xff, 0xff, 0xc0,
    0x8f, 0xff, 0xff, 0xff, 0xff, 0xff, 0xff, 0xfd,
    0x1, 0x11, 0x11, 0x10, 0x8f, 0xff, 0xff, 0xff,
    0xff, 0xff, 0xff, 0xfd, 0x0, 0x0, 0x0, 0x0,
    0x8f, 0xff, 0xff, 0xff, 0xff, 0xff, 0xff, 0xfd,
    0x0, 0x0, 0x0, 0x0, 0x8f, 0xff, 0xff, 0xff,
    0xff, 0xff, 0xff, 0xfd, 0x0, 0x0, 0x0, 0x0,
    0x8f, 0xff, 0xff, 0xff, 0xff, 0xff, 0xff, 0xfd,
    0x0, 0x0, 0x0, 0x0, 0x4f, 0xff, 0xff, 0xff,
    0xff, 0xff, 0xff, 0xf9, 0x0, 0x0, 0x0, 0x0,
    0x1, 0x22, 0x22, 0x22, 0x22, 0x22, 0x22, 0x20,

    /* U+F0F3 "" */
    0x0, 0x0, 0x0, 0x0, 0x0, 0x3c, 0xa0, 0x0,
    0x0, 0x0, 0x0, 0x0, 0x0, 0x0, 0x0, 0x0,
    0x0, 0xcf, 0xf6, 0x0, 0x0, 0x0, 0x0, 0x0,
    0x0, 0x0, 0x0, 0x0, 0x0, 0xef, 0xf8, 0x0,
    0x0, 0x0, 0x0, 0x0, 0x0, 0x0, 0x0, 0x1,
    0x8d, 0xff, 0xff, 0xb6, 0x0, 0x0, 0x0, 0x0,
    0x0, 0x0, 0x0, 0x5f, 0xff, 0xff, 0xff, 0xff,
    0xc2, 0x0, 0x0, 0x0, 0x0, 0x0, 0x6, 0xff,
    0xff, 0xff, 0xff, 0xff, 0xfe, 0x20, 0x0, 0x0,
    0x0, 0x0, 0x3f, 0xff, 0xff, 0xff, 0xff, 0xff,
    0xff, 0xc0, 0x0, 0x0, 0x0, 0x0, 0xcf, 0xff,
    0xff, 0xff, 0xff, 0xff, 0xff, 0xf6, 0x0, 0x0,
    0x0, 0x3, 0xff, 0xff, 0xff, 0xff, 0xff, 0xff,
    0xff, 0xfc, 0x0, 0x0, 0x0, 0x7, 0xff, 0xff,
    0xff, 0xff, 0xff, 0xff, 0xff, 0xff, 0x10, 0x0,
    0x0, 0x9, 0xff, 0xff, 0xff, 0xff, 0xff, 0xff,
    0xff, 0xff, 0x20, 0x0, 0x0, 0xa, 0xff, 0xff,
    0xff, 0xff, 0xff, 0xff, 0xff, 0xff, 0x40, 0x0,
    0x0, 0xb, 0xff, 0xff, 0xff, 0xff, 0xff, 0xff,
    0xff, 0xff, 0x50, 0x0, 0x0, 0xc, 0xff, 0xff,
    0xff, 0xff, 0xff, 0xff, 0xff, 0xff, 0x60, 0x0,
    0x0, 0xf, 0xff, 0xff, 0xff, 0xff, 0xff, 0xff,
    0xff, 0xff, 0xa0, 0x0, 0x0, 0x3f, 0xff, 0xff,
    0xff, 0xff, 0xff, 0xff, 0xff, 0xff, 0xd0, 0x0,
    0x0, 0x9f, 0xff, 0xff, 0xff, 0xff, 0xff, 0xff,
    0xff, 0xff, 0xf3, 0x0, 0x1, 0xff, 0xff, 0xff,
    0xff, 0xff, 0xff, 0xff, 0xff, 0xff, 0xfb, 0x0,
    0xc, 0xff, 0xff, 0xff, 0xff, 0xff, 0xff, 0xff,
    0xff, 0xff, 0xff, 0x70, 0xaf, 0xff, 0xff, 0xff,
    0xff, 0xff, 0xff, 0xff, 0xff, 0xff, 0xff, 0xf4,
    0xff, 0xff, 0xff, 0xff, 0xff, 0xff, 0xff, 0xff,
    0xff, 0xff, 0xff, 0xf9, 0x8f, 0xff, 0xff, 0xff,
    0xff, 0xff, 0xff, 0xff, 0xff, 0xff, 0xff, 0xe3,
    0x0, 0x11, 0x11, 0x11, 0x11, 0x11, 0x11, 0x11,
    0x11, 0x11, 0x11, 0x0, 0x0, 0x0, 0x0, 0x0,
    0x0, 0x0, 0x0, 0x0, 0x0, 0x0, 0x0, 0x0,
    0x0, 0x0, 0x0, 0x0, 0x7f, 0xff, 0xff, 0xf1,
    0x0, 0x0, 0x0, 0x0, 0x0, 0x0, 0x0, 0x0,
    0x2f, 0xff, 0xff, 0xc0, 0x0, 0x0, 0x0, 0x0,
    0x0, 0x0, 0x0, 0x0, 0x6, 0xff, 0xfd, 0x20,
    0x0, 0x0, 0x0, 0x0, 0x0, 0x0, 0x0, 0x0,
    0x0, 0x14, 0x30, 0x0, 0x0, 0x0, 0x0, 0x0,

    /* U+F11C "" */
    0x0, 0x34, 0x44, 0x44, 0x44, 0x44, 0x44, 0x44,
    0x44, 0x44, 0x44, 0x44, 0x44, 0x43, 0x10, 0x4,
    0xef, 0xff, 0xff, 0xff, 0xff, 0xff, 0xff, 0xff,
    0xff, 0xff, 0xff, 0xff, 0xff, 0xff, 0x80, 0xdf,
    0xff, 0xff, 0xff, 0xff, 0xff, 0xff, 0xff, 0xff,
    0xff, 0xff, 0xff, 0xff, 0xff, 0xff, 0x3f, 0xff,
    0xff, 0xff, 0xff, 0xff, 0xff, 0xff, 0xff, 0xff,
    0xff, 0xff, 0xff, 0xff, 0xff, 0xf5, 0xff, 0xf8,
    0x22, 0x4f, 0xb2, 0x24, 0xfb, 0x22, 0x4f, 0xb2,
    0x24, 0xfc, 0x22, 0x3f, 0xff, 0x6f, 0xff, 0x60,
    0x1, 0xf9, 0x0, 0x1f, 0x90, 0x1, 0xf9, 0x0,
    0x1f, 0xa0, 0x0, 0xff, 0xf6, 0xff, 0xf6, 0x0,
    0x1f, 0x90, 0x1, 0xf9, 0x0, 0x1f, 0x90, 0x1,
    0xfa, 0x0, 0xf, 0xff, 0x6f, 0xff, 0xda, 0xac,
    0xfe, 0xaa, 0xcf, 0xea, 0xac, 0xfe, 0xaa, 0xbf,
    0xfa, 0xab, 0xff, 0xf6, 0xff, 0xff, 0xff, 0xff,
    0xff, 0xff, 0xff, 0xff, 0xff, 0xff, 0xff, 0xff,
    0xff, 0xff, 0xff, 0x6f, 0xff, 0xff, 0xf1, 0x0,
    0xaf, 0x30, 0xa, 0xf3, 0x0, 0xaf, 0x30, 0xa,
    0xff, 0xff, 0xf6, 0xff, 0xff, 0xfe, 0x0, 0x9,
    0xf1, 0x0, 0x9f, 0x10, 0x9, 0xf1, 0x0, 0x8f,
    0xff, 0xff, 0x6f, 0xff, 0xff, 0xe0, 0x0, 0x9f,
    0x10, 0x9, 0xf1, 0x0, 0x9f, 0x10, 0x8, 0xff,
    0xff, 0xf6, 0xff, 0xff, 0xff, 0xba, 0xae, 0xfc,
    0xaa, 0xef, 0xca, 0xae, 0xfc, 0xaa, 0xef, 0xff,
    0xff, 0x6f, 0xff, 0xff, 0xff, 0xff, 0xff, 0xff,
    0xff, 0xff, 0xff, 0xff, 0xff, 0xff, 0xff, 0xff,
    0xf6, 0xff, 0xf8, 0x0, 0x3f, 0xb0, 0x0, 0x0,
    0x0, 0x0, 0x0, 0x3, 0xfb, 0x0, 0x2f, 0xff,
    0x6f, 0xff, 0x60, 0x1, 0xf9, 0x0, 0x0, 0x0,
    0x0, 0x0, 0x0, 0x1f, 0xa0, 0x0, 0xff, 0xf6,
    0xff, 0xf6, 0x0, 0x1f, 0x90, 0x0, 0x0, 0x0,
    0x0, 0x0, 0x1, 0xfa, 0x0, 0xf, 0xff, 0x6f,
    0xff, 0xb6, 0x68, 0xfd, 0x66, 0x66, 0x66, 0x66,
    0x66, 0x66, 0x8f, 0xd6, 0x67, 0xff, 0xf6, 0xff,
    0xff, 0xff, 0xff, 0xff, 0xff, 0xff, 0xff, 0xff,
    0xff, 0xff, 0xff, 0xff, 0xff, 0xff, 0x5b, 0xff,
    0xff, 0xff, 0xff, 0xff, 0xff, 0xff, 0xff, 0xff,
    0xff, 0xff, 0xff, 0xff, 0xff, 0xf2, 0x1b, 0xff,
    0xff, 0xff, 0xff, 0xff, 0xff, 0xff, 0xff, 0xff,
    0xff, 0xff, 0xff, 0xff, 0xd5, 0x0,

    /* U+F124 "" */
    0x0, 0x0, 0x0, 0x0, 0x0, 0x0, 0x0, 0x0,
    0x0, 0x0, 0x0, 0x0, 0x0, 0x0, 0x0, 0x0,
    0x0, 0x0, 0x0, 0x0, 0x0, 0x0, 0x0, 0x0,
    0x0, 0x0, 0x6, 0x94, 0x0, 0x0, 0x0, 0x0,
    0x0, 0x0, 0x0, 0x0, 0x0, 0x0, 0x0, 0x1,
    0x8e, 0xff, 0xf6, 0x0, 0x0, 0x0, 0x0, 0x0,
    0x0, 0x0, 0x0, 0x0, 0x0, 0x29, 0xff, 0xff,
    0xff, 0xe0, 0x0, 0x0, 0x0, 0x0, 0x0, 0x0,
    0x0, 0x0, 0x3, 0xaf, 0xff, 0xff, 0xff, 0xfe,
    0x0, 0x0, 0x0, 0x0, 0x0, 0x0, 0x0, 0x0,
    0x4c, 0xff, 0xff, 0xff, 0xff, 0xff, 0x80, 0x0,
    0x0, 0x0, 0x0, 0x0, 0x0, 0x6, 0xdf, 0xff,
    0xff, 0xff, 0xff, 0xff, 0xf1, 0x0, 0x0, 0x0,
    0x0, 0x0, 0x0, 0x7e, 0xff, 0xff, 0xff, 0xff,
    0xff, 0xff, 0xf9, 0x0, 0x0, 0x0, 0x0, 0x0,
    0x18, 0xff, 0xff, 0xff, 0xff, 0xff, 0xff, 0xff,
    0xff, 0x20, 0x0, 0x0, 0x0, 0x2, 0xaf, 0xff,
    0xff, 0xff, 0xff, 0xff, 0xff, 0xff, 0xff, 0xa0,
    0x0, 0x0, 0x0, 0x3b, 0xff, 0xff, 0xff, 0xff,
    0xff, 0xff, 0xff, 0xff, 0xff, 0xf3, 0x0, 0x0,
    0x4, 0xcf, 0xff, 0xff, 0xff, 0xff, 0xff, 0xff,
    0xff, 0xff, 0xff, 0xfc, 0x0, 0x0, 0x7, 0xff,
    0xff, 0xff, 0xff, 0xff, 0xff, 0xff, 0xff, 0xff,
    0xff, 0xff, 0x40, 0x0, 0x0, 0xef, 0xff, 0xff,
    0xff, 0xff, 0xff, 0xff, 0xff, 0xff, 0xff, 0xff,
    0xd0, 0x0, 0x0, 0xe, 0xff, 0xff, 0xff, 0xff,
    0xff, 0xff, 0xff, 0xff, 0xff, 0xff, 0xf6, 0x0,
    0x0, 0x0, 0x7f, 0xff, 0xff, 0xff, 0xff, 0xff,
    0xff, 0xff, 0xff, 0xff, 0xfe, 0x0, 0x0, 0x0,
    0x0, 0x48, 0x99, 0x99, 0x99, 0x99, 0xaf, 0xff,
    0xff, 0xff, 0xff, 0x70, 0x0, 0x0, 0x0, 0x0,
    0x0, 0x0, 0x0, 0x0, 0x3, 0xff, 0xff, 0xff,
    0xff, 0xf1, 0x0, 0x0, 0x0, 0x0, 0x0, 0x0,
    0x0, 0x0, 0x0, 0x3f, 0xff, 0xff, 0xff, 0xf8,
    0x0, 0x0, 0x0, 0x0, 0x0, 0x0, 0x0, 0x0,
    0x0, 0x3, 0xff, 0xff, 0xff, 0xff, 0x10, 0x0,
    0x0, 0x0, 0x0, 0x0, 0x0, 0x0, 0x0, 0x0,
    0x3f, 0xff, 0xff, 0xff, 0xa0, 0x0, 0x0, 0x0,
    0x0, 0x0, 0x0, 0x0, 0x0, 0x0, 0x3, 0xff,
    0xff, 0xff, 0xf2, 0x0, 0x0, 0x0, 0x0, 0x0,
    0x0, 0x0, 0x0, 0x0, 0x0, 0x3f, 0xff, 0xff,
    0xfb, 0x0, 0x0, 0x0, 0x0, 0x0, 0x0, 0x0,
    0x0, 0x0, 0x0, 0x3, 0xff, 0xff, 0xff, 0x40,
    0x0, 0x0, 0x0, 0x0, 0x0, 0x0, 0x0, 0x0,
    0x0, 0x0, 0x3f, 0xff, 0xff, 0xc0, 0x0, 0x0,
    0x0, 0x0, 0x0, 0x0, 0x0, 0x0, 0x0, 0x0,
    0x2, 0xff, 0xff, 0xf5, 0x0, 0x0, 0x0, 0x0,
    0x0, 0x0, 0x0, 0x0, 0x0, 0x0, 0x0, 0x1f,
    0xff, 0xfd, 0x0, 0x0, 0x0, 0x0, 0x0, 0x0,
    0x0, 0x0, 0x0, 0x0, 0x0, 0x0, 0x7f, 0xff,
    0x40, 0x0, 0x0, 0x0, 0x0, 0x0, 0x0, 0x0,
    0x0, 0x0, 0x0, 0x0, 0x0, 0x35, 0x10, 0x0,
    0x0, 0x0, 0x0, 0x0, 0x0,

    /* U+F15B "" */
    0x5b, 0xbb, 0xbb, 0xbb, 0xbb, 0xb9, 0x7, 0x50,
    0x0, 0x0, 0xf, 0xff, 0xff, 0xff, 0xff, 0xff,
    0xd0, 0xaf, 0x60, 0x0, 0x0, 0xff, 0xff, 0xff,
    0xff, 0xff, 0xfd, 0xa, 0xff, 0x60, 0x0, 0xf,
    0xff, 0xff, 0xff, 0xff, 0xff, 0xd0, 0xaf, 0xff,
    0x60, 0x0, 0xff, 0xff, 0xff, 0xff, 0xff, 0xfd,
    0xa, 0xff, 0xff, 0x60, 0xf, 0xff, 0xff, 0xff,
    0xff, 0xff, 0xd0, 0xaf, 0xff, 0xff, 0x60, 0xff,
    0xff, 0xff, 0xff, 0xff, 0xfd, 0xa, 0xff, 0xff,
    0xff, 0xf, 0xff, 0xff, 0xff, 0xff, 0xff, 0xd0,
    0x0, 0x0, 0x0, 0x0, 0xff, 0xff, 0xff, 0xff,
    0xff, 0xff, 0x30, 0x0, 0x0, 0x0, 0xf, 0xff,
    0xff, 0xff, 0xff, 0xff, 0xff, 0xff, 0xff, 0xff,
    0xf1, 0xff, 0xff, 0xff, 0xff, 0xff, 0xff, 0xff,
    0xff, 0xff, 0xff, 0x1f, 0xff, 0xff, 0xff, 0xff,
    0xff, 0xff, 0xff, 0xff, 0xff, 0xf1, 0xff, 0xff,
    0xff, 0xff, 0xff, 0xff, 0xff, 0xff, 0xff, 0xff,
    0x1f, 0xff, 0xff, 0xff, 0xff, 0xff, 0xff, 0xff,
    0xff, 0xff, 0xf1, 0xff, 0xff, 0xff, 0xff, 0xff,
    0xff, 0xff, 0xff, 0xff, 0xff, 0x1f, 0xff, 0xff,
    0xff, 0xff, 0xff, 0xff, 0xff, 0xff, 0xff, 0xf1,
    0xff, 0xff, 0xff, 0xff, 0xff, 0xff, 0xff, 0xff,
    0xff, 0xff, 0x1f, 0xff, 0xff, 0xff, 0xff, 0xff,
    0xff, 0xff, 0xff, 0xff, 0xf1, 0xff, 0xff, 0xff,
    0xff, 0xff, 0xff, 0xff, 0xff, 0xff, 0xff, 0x1f,
    0xff, 0xff, 0xff, 0xff, 0xff, 0xff, 0xff, 0xff,
    0xff, 0xf1, 0xff, 0xff, 0xff, 0xff, 0xff, 0xff,
    0xff, 0xff, 0xff, 0xff, 0x1f, 0xff, 0xff, 0xff,
    0xff, 0xff, 0xff, 0xff, 0xff, 0xff, 0xf1, 0xff,
    0xff, 0xff, 0xff, 0xff, 0xff, 0xff, 0xff, 0xff,
    0xff, 0x1f, 0xff, 0xff, 0xff, 0xff, 0xff, 0xff,
    0xff, 0xff, 0xff, 0xf1, 0xff, 0xff, 0xff, 0xff,
    0xff, 0xff, 0xff, 0xff, 0xff, 0xff, 0x1f, 0xff,
    0xff, 0xff, 0xff, 0xff, 0xff, 0xff, 0xff, 0xff,
    0xf1, 0xef, 0xff, 0xff, 0xff, 0xff, 0xff, 0xff,
    0xff, 0xff, 0xff, 0x3, 0x88, 0x88, 0x88, 0x88,
    0x88, 0x88, 0x88, 0x88, 0x88, 0x40,

    /* U+F1EB "" */
    0x0, 0x0, 0x0, 0x0, 0x0, 0x0, 0x0, 0x0,
    0x0, 0x0, 0x0, 0x0, 0x0, 0x0, 0x0, 0x0,
    0x0, 0x0, 0x0, 0x0, 0x0, 0x0, 0x3, 0x69,
    0xab, 0xcc, 0xba, 0x85, 0x20, 0x0, 0x0, 0x0,
    0x0, 0x0, 0x0, 0x0, 0x0, 0x0, 0x5a, 0xff,
    0xff, 0xff, 0xff, 0xff, 0xff, 0xfe, 0x93, 0x0,
    0x0, 0x0, 0x0, 0x0, 0x0, 0x1, 0x7e, 0xff,
    0xff, 0xff, 0xff, 0xff, 0xff, 0xff, 0xff, 0xff,
    0xd5, 0x0, 0x0, 0x0, 0x0, 0x0, 0x6f, 0xff,
    0xff, 0xff, 0xff, 0xff, 0xff, 0xff, 0xff, 0xff,
    0xff, 0xff, 0xd4, 0x0, 0x0, 0x0, 0x2c, 0xff,
    0xff, 0xff, 0xff, 0xeb, 0x97, 0x77, 0x79, 0xbe,
    0xff, 0xff, 0xff, 0xff, 0xa1, 0x0, 0x5, 0xff,
    0xff, 0xff, 0xfc, 0x61, 0x0, 0x0, 0x0, 0x0,
    0x0, 0x28, 0xdf, 0xff, 0xff, 0xfd, 0x20, 0x7f,
    0xff, 0xff, 0xfa, 0x30, 0x0, 0x0, 0x0, 0x0,
    0x0, 0x0, 0x0, 0x4, 0xdf, 0xff, 0xff, 0xf4,
    0xef, 0xff, 0xfd, 0x30, 0x0, 0x0, 0x0, 0x0,
    0x0, 0x0, 0x0, 0x0, 0x0, 0x6, 0xff, 0xff,
    0xfa, 0x3e, 0xff, 0xa0, 0x0, 0x0, 0x0, 0x0,
    0x23, 0x54, 0x32, 0x0, 0x0, 0x0, 0x0, 0x2c,
    0xff, 0xc1, 0x3, 0xe7, 0x0, 0x0, 0x0, 0x17,
    0xbf, 0xff, 0xff, 0xff, 0xea, 0x50, 0x0, 0x0,
    0x0, 0xac, 0x10, 0x0, 0x0, 0x0, 0x0, 0x19,
    0xff, 0xff, 0xff, 0xff, 0xff, 0xff, 0xfe, 0x70,
    0x0, 0x0, 0x0, 0x0, 0x0, 0x0, 0x0, 0x5,
    0xff, 0xff, 0xff, 0xff, 0xff, 0xff, 0xff, 0xff,
    0xfd, 0x20, 0x0, 0x0, 0x0, 0x0, 0x0, 0x0,
    0x9f, 0xff, 0xff, 0xff, 0xff, 0xee, 0xff, 0xff,
    0xff, 0xff, 0xf5, 0x0, 0x0, 0x0, 0x0, 0x0,
    0x0, 0xff, 0xff, 0xff, 0xa5, 0x10, 0x0, 0x2,
    0x6c, 0xff, 0xff, 0xfb, 0x0, 0x0, 0x0, 0x0,
    0x0, 0x0, 0x4f, 0xff, 0xb2, 0x0, 0x0, 0x0,
    0x0, 0x0, 0x4d, 0xff, 0xd1, 0x0, 0x0, 0x0,
    0x0, 0x0, 0x0, 0x4, 0xe6, 0x0, 0x0, 0x0,
    0x0, 0x0, 0x0, 0x0, 0x9d, 0x10, 0x0, 0x0,
    0x0, 0x0, 0x0, 0x0, 0x0, 0x0, 0x0, 0x0,
    0x0, 0x0, 0x0, 0x0, 0x0, 0x0, 0x0, 0x0,
    0x0, 0x0, 0x0, 0x0, 0x0, 0x0, 0x0, 0x0,
    0x0, 0x2b, 0xff, 0x90, 0x0, 0x0, 0x0, 0x0,
    0x0, 0x0, 0x0, 0x0, 0x0, 0x0, 0x0, 0x0,
    0x0, 0x0, 0xdf, 0xff, 0xfa, 0x0, 0x0, 0x0,
    0x0, 0x0, 0x0, 0x0, 0x0, 0x0, 0x0, 0x0,
    0x0, 0x0, 0x5, 0xff, 0xff, 0xff, 0x10, 0x0,
    0x0, 0x0, 0x0, 0x0, 0x0, 0x0, 0x0, 0x0,
    0x0, 0x0, 0x0, 0x7, 0xff, 0xff, 0xff, 0x30,
    0x0, 0x0, 0x0, 0x0, 0x0, 0x0, 0x0, 0x0,
    0x0, 0x0, 0x0, 0x0, 0x3, 0xff, 0xff, 0xff,
    0x0, 0x0, 0x0, 0x0, 0x0, 0x0, 0x0, 0x0,
    0x0, 0x0, 0x0, 0x0, 0x0, 0x0, 0xaf, 0xff,
    0xf6, 0x0, 0x0, 0x0, 0x0, 0x0, 0x0, 0x0,
    0x0, 0x0, 0x0, 0x0, 0x0, 0x0, 0x0, 0x5,
    0x99, 0x30, 0x0, 0x0, 0x0, 0x0, 0x0, 0x0,
    0x0,

    /* U+F240 "" */
    0x2, 0x66, 0x66, 0x66, 0x66, 0x66, 0x66, 0x66,
    0x66, 0x66, 0x66, 0x66, 0x66, 0x66, 0x66, 0x30,
    0x0, 0x5f, 0xff, 0xff, 0xff, 0xff, 0xff, 0xff,
    0xff, 0xff, 0xff, 0xff, 0xff, 0xff, 0xff, 0xff,
    0xf9, 0x0, 0xef, 0xff, 0xff, 0xff, 0xff, 0xff,
    0xff, 0xff, 0xff, 0xff, 0xff, 0xff, 0xff, 0xff,
    0xff, 0xff, 0x10, 0xff, 0xff, 0xff, 0xff, 0xff,
    0xff, 0xff, 0xff, 0xff, 0xff, 0xff, 0xff, 0xff,
    0xff, 0xff, 0xff, 0x40, 0xff, 0xf6, 0x0, 0x0,
    0x0, 0x0, 0x0, 0x0, 0x0, 0x0, 0x0, 0x0,
    0x0, 0x0, 0x2f, 0xff, 0xf9, 0xff, 0xf6, 0xa,
    0xbb, 0xbb, 0xbb, 0xbb, 0xbb, 0xbb, 0xbb, 0xbb,
    0xbb, 0xbb, 0xb0, 0x2f, 0xff, 0xfe, 0xff, 0xf6,
    0xf, 0xff, 0xff, 0xff, 0xff, 0xff, 0xff, 0xff,
    0xff, 0xff, 0xff, 0xf0, 0x2f, 0xff, 0xfe, 0xff,
    0xf6, 0xf, 0xff, 0xff, 0xff, 0xff, 0xff, 0xff,
    0xff, 0xff, 0xff, 0xff, 0xf0, 0x5, 0xaf, 0xfe,
    0xff, 0xf6, 0xf, 0xff, 0xff, 0xff, 0xff, 0xff,
    0xff, 0xff, 0xff, 0xff, 0xff, 0xf0, 0x0, 0x7f,
    0xfe, 0xff, 0xf6, 0xf, 0xff, 0xff, 0xff, 0xff,
    0xff, 0xff, 0xff, 0xff, 0xff, 0xff, 0xf0, 0x0,
    0x7f, 0xfe, 0xff, 0xf6, 0xf, 0xff, 0xff, 0xff,
    0xff, 0xff, 0xff, 0xff, 0xff, 0xff, 0xff, 0xf0,
    0x7, 0xbf, 0xfe, 0xff, 0xf6, 0xf, 0xff, 0xff,
    0xff, 0xff, 0xff, 0xff, 0xff, 0xff, 0xff, 0xff,
    0xf0, 0x2f, 0xff, 0xfe, 0xff, 0xf6, 0x0, 0x0,
    0x0, 0x0, 0x0, 0x0, 0x0, 0x0, 0x0, 0x0,
    0x0, 0x0, 0x2f, 0xff, 0xfe, 0xff, 0xf6, 0x11,
    0x11, 0x11, 0x11, 0x11, 0x11, 0x11, 0x11, 0x11,
    0x11, 0x11, 0x11, 0x3f, 0xff, 0xf8, 0xff, 0xff,
    0xff, 0xff, 0xff, 0xff, 0xff, 0xff, 0xff, 0xff,
    0xff, 0xff, 0xff, 0xff, 0xff, 0xff, 0x30, 0xdf,
    0xff, 0xff, 0xff, 0xff, 0xff, 0xff, 0xff, 0xff,
    0xff, 0xff, 0xff, 0xff, 0xff, 0xff, 0xff, 0x10,
    0x4f, 0xff, 0xff, 0xff, 0xff, 0xff, 0xff, 0xff,
    0xff, 0xff, 0xff, 0xff, 0xff, 0xff, 0xff, 0xf7,
    0x0, 0x1, 0x45, 0x55, 0x55, 0x55, 0x55, 0x55,
    0x55, 0x55, 0x55, 0x55, 0x55, 0x55, 0x55, 0x54,
    0x20, 0x0,

    /* U+F241 "" */
    0x2, 0x66, 0x66, 0x66, 0x66, 0x66, 0x66, 0x66,
    0x66, 0x66, 0x66, 0x66, 0x66, 0x66, 0x66, 0x30,
    0x0, 0x5f, 0xff, 0xff, 0xff, 0xff, 0xff, 0xff,
    0xff, 0xff, 0xff, 0xff, 0xff, 0xff, 0xff, 0xff,
    0xf9, 0x0, 0xef, 0xff, 0xff, 0xff, 0xff, 0xff,
    0xff, 0xff, 0xff, 0xff, 0xff, 0xff, 0xff, 0xff,
    0xff, 0xff, 0x10, 0xff, 0xff, 0xff, 0xff, 0xff,
    0xff, 0xff, 0xff, 0xff, 0xff, 0xff, 0xff, 0xff,
    0xff, 0xff, 0xff, 0x40, 0xff, 0xf6, 0x0, 0x0,
    0x0, 0x0, 0x0, 0x0, 0x0, 0x0, 0x0, 0x0,
    0x0, 0x0, 0x2f, 0xff, 0xf9, 0xff, 0xf6, 0xa,
    0xbb, 0xbb, 0xbb, 0xbb, 0xbb, 0xbb, 0xbb, 0xba,
    0x0, 0x0, 0x0, 0x2f, 0xff, 0xfe, 0xff, 0xf6,
    0xf, 0xff, 0xff, 0xff, 0xff, 0xff, 0xff, 0xff,
    0xff, 0x0, 0x0, 0x0, 0x2f, 0xff, 0xfe, 0xff,
    0xf6, 0xf, 0xff, 0xff, 0xff, 0xff, 0xff, 0xff,
    0xff, 0xff, 0x0, 0x0, 0x0, 0x5, 0xaf, 0xfe,
    0xff, 0xf6, 0xf, 0xff, 0xff, 0xff, 0xff, 0xff,
    0xff, 0xff, 0xff, 0x0, 0x0, 0x0, 0x0, 0x7f,
    0xfe, 0xff, 0xf6, 0xf, 0xff, 0xff, 0xff, 0xff,
    0xff, 0xff, 0xff, 0xff, 0x0, 0x0, 0x0, 0x0,
    0x7f, 0xfe, 0xff, 0xf6, 0xf, 0xff, 0xff, 0xff,
    0xff, 0xff, 0xff, 0xff, 0xff, 0x0, 0x0, 0x0,
    0x7, 0xbf, 0xfe, 0xff, 0xf6, 0xf, 0xff, 0xff,
    0xff, 0xff, 0xff, 0xff, 0xff, 0xff, 0x0, 0x0,
    0x0, 0x2f, 0xff, 0xfe, 0xff, 0xf6, 0x0, 0x0,
    0x0, 0x0, 0x0, 0x0, 0x0, 0x0, 0x0, 0x0,
    0x0, 0x0, 0x2f, 0xff, 0xfe, 0xff, 0xf6, 0x11,
    0x11, 0x11, 0x11, 0x11, 0x11, 0x11, 0x11, 0x11,
    0x11, 0x11, 0x11, 0x3f, 0xff, 0xf8, 0xff, 0xff,
    0xff, 0xff, 0xff, 0xff, 0xff, 0xff, 0xff, 0xff,
    0xff, 0xff, 0xff, 0xff, 0xff, 0xff, 0x30, 0xdf,
    0xff, 0xff, 0xff, 0xff, 0xff, 0xff, 0xff, 0xff,
    0xff, 0xff, 0xff, 0xff, 0xff, 0xff, 0xff, 0x10,
    0x4f, 0xff, 0xff, 0xff, 0xff, 0xff, 0xff, 0xff,
    0xff, 0xff, 0xff, 0xff, 0xff, 0xff, 0xff, 0xf7,
    0x0, 0x1, 0x45, 0x55, 0x55, 0x55, 0x55, 0x55,
    0x55, 0x55, 0x55, 0x55, 0x55, 0x55, 0x55, 0x54,
    0x20, 0x0,

    /* U+F242 "" */
    0x2, 0x66, 0x66, 0x66, 0x66, 0x66, 0x66, 0x66,
    0x66, 0x66, 0x66, 0x66, 0x66, 0x66, 0x66, 0x30,
    0x0, 0x5f, 0xff, 0xff, 0xff, 0xff, 0xff, 0xff,
    0xff, 0xff, 0xff, 0xff, 0xff, 0xff, 0xff, 0xff,
    0xf9, 0x0, 0xef, 0xff, 0xff, 0xff, 0xff, 0xff,
    0xff, 0xff, 0xff, 0xff, 0xff, 0xff, 0xff, 0xff,
    0xff, 0xff, 0x10, 0xff, 0xff, 0xff, 0xff, 0xff,
    0xff, 0xff, 0xff, 0xff, 0xff, 0xff, 0xff, 0xff,
    0xff, 0xff, 0xff, 0x40, 0xff, 0xf6, 0x0, 0x0,
    0x0, 0x0, 0x0, 0x0, 0x0, 0x0, 0x0, 0x0,
    0x0, 0x0, 0x2f, 0xff, 0xf9, 0xff, 0xf6, 0xa,
    0xbb, 0xbb, 0xbb, 0xbb, 0xbb, 0x90, 0x0, 0x0,
    0x0, 0x0, 0x0, 0x2f, 0xff, 0xfe, 0xff, 0xf6,
    0xf, 0xff, 0xff, 0xff, 0xff, 0xff, 0xe0, 0x0,
    0x0, 0x0, 0x0, 0x0, 0x2f, 0xff, 0xfe, 0xff,
    0xf6, 0xf, 0xff, 0xff, 0xff, 0xff, 0xff, 0xe0,
    0x0, 0x0, 0x0, 0x0, 0x0, 0x5, 0xaf, 0xfe,
    0xff, 0xf6, 0xf, 0xff, 0xff, 0xff, 0xff, 0xff,
    0xe0, 0x0, 0x0, 0x0, 0x0, 0x0, 0x0, 0x7f,
    0xfe, 0xff, 0xf6, 0xf, 0xff, 0xff, 0xff, 0xff,
    0xff, 0xe0, 0x0, 0x0, 0x0, 0x0, 0x0, 0x0,
    0x7f, 0xfe, 0xff, 0xf6, 0xf, 0xff, 0xff, 0xff,
    0xff, 0xff, 0xe0, 0x0, 0x0, 0x0, 0x0, 0x0,
    0x7, 0xbf, 0xfe, 0xff, 0xf6, 0xf, 0xff, 0xff,
    0xff, 0xff, 0xff, 0xe0, 0x0, 0x0, 0x0, 0x0,
    0x0, 0x2f, 0xff, 0xfe, 0xff, 0xf6, 0x0, 0x0,
    0x0, 0x0, 0x0, 0x0, 0x0, 0x0, 0x0, 0x0,
    0x0, 0x0, 0x2f, 0xff, 0xfe, 0xff, 0xf6, 0x11,
    0x11, 0x11, 0x11, 0x11, 0x11, 0x11, 0x11, 0x11,
    0x11, 0x11, 0x11, 0x3f, 0xff, 0xf8, 0xff, 0xff,
    0xff, 0xff, 0xff, 0xff, 0xff, 0xff, 0xff, 0xff,
    0xff, 0xff, 0xff, 0xff, 0xff, 0xff, 0x30, 0xdf,
    0xff, 0xff, 0xff, 0xff, 0xff, 0xff, 0xff, 0xff,
    0xff, 0xff, 0xff, 0xff, 0xff, 0xff, 0xff, 0x10,
    0x4f, 0xff, 0xff, 0xff, 0xff, 0xff, 0xff, 0xff,
    0xff, 0xff, 0xff, 0xff, 0xff, 0xff, 0xff, 0xf7,
    0x0, 0x1, 0x45, 0x55, 0x55, 0x55, 0x55, 0x55,
    0x55, 0x55, 0x55, 0x55, 0x55, 0x55, 0x55, 0x54,
    0x20, 0x0,

    /* U+F243 "" */
    0x2, 0x66, 0x66, 0x66, 0x66, 0x66, 0x66, 0x66,
    0x66, 0x66, 0x66, 0x66, 0x66, 0x66, 0x66, 0x30,
    0x0, 0x5f, 0xff, 0xff, 0xff, 0xff, 0xff, 0xff,
    0xff, 0xff, 0xff, 0xff, 0xff, 0xff, 0xff, 0xff,
    0xf9, 0x0, 0xef, 0xff, 0xff, 0xff, 0xff, 0xff,
    0xff, 0xff, 0xff, 0xff, 0xff, 0xff, 0xff, 0xff,
    0xff, 0xff, 0x10, 0xff, 0xff, 0xff, 0xff, 0xff,
    0xff, 0xff, 0xff, 0xff, 0xff, 0xff, 0xff, 0xff,
    0xff, 0xff, 0xff, 0x40, 0xff, 0xf6, 0x0, 0x0,
    0x0, 0x0, 0x0, 0x0, 0x0, 0x0, 0x0, 0x0,
    0x0, 0x0, 0x2f, 0xff, 0xf9, 0xff, 0xf6, 0xa,
    0xbb, 0xbb, 0xb9, 0x0, 0x0, 0x0, 0x0, 0x0,
    0x0, 0x0, 0x0, 0x2f, 0xff, 0xfe, 0xff, 0xf6,
    0xf, 0xff, 0xff, 0xfd, 0x0, 0x0, 0x0, 0x0,
    0x0, 0x0, 0x0, 0x0, 0x2f, 0xff, 0xfe, 0xff,
    0xf6, 0xf, 0xff, 0xff, 0xfd, 0x0, 0x0, 0x0,
    0x0, 0x0, 0x0, 0x0, 0x0, 0x5, 0xaf, 0xfe,
    0xff, 0xf6, 0xf, 0xff, 0xff, 0xfd, 0x0, 0x0,
    0x0, 0x0, 0x0, 0x0, 0x0, 0x0, 0x0, 0x7f,
    0xfe, 0xff, 0xf6, 0xf, 0xff, 0xff, 0xfd, 0x0,
    0x0, 0x0, 0x0, 0x0, 0x0, 0x0, 0x0, 0x0,
    0x7f, 0xfe, 0xff, 0xf6, 0xf, 0xff, 0xff, 0xfd,
    0x0, 0x0, 0x0, 0x0, 0x0, 0x0, 0x0, 0x0,
    0x7, 0xbf, 0xfe, 0xff, 0xf6, 0xf, 0xff, 0xff,
    0xfd, 0x0, 0x0, 0x0, 0x0, 0x0, 0x0, 0x0,
    0x0, 0x2f, 0xff, 0xfe, 0xff, 0xf6, 0x0, 0x0,
    0x0, 0x0, 0x0, 0x0, 0x0, 0x0, 0x0, 0x0,
    0x0, 0x0, 0x2f, 0xff, 0xfe, 0xff, 0xf6, 0x11,
    0x11, 0x11, 0x11, 0x11, 0x11, 0x11, 0x11, 0x11,
    0x11, 0x11, 0x11, 0x3f, 0xff, 0xf8, 0xff, 0xff,
    0xff, 0xff, 0xff, 0xff, 0xff, 0xff, 0xff, 0xff,
    0xff, 0xff, 0xff, 0xff, 0xff, 0xff, 0x30, 0xdf,
    0xff, 0xff, 0xff, 0xff, 0xff, 0xff, 0xff, 0xff,
    0xff, 0xff, 0xff, 0xff, 0xff, 0xff, 0xff, 0x10,
    0x4f, 0xff, 0xff, 0xff, 0xff, 0xff, 0xff, 0xff,
    0xff, 0xff, 0xff, 0xff, 0xff, 0xff, 0xff, 0xf7,
    0x0, 0x1, 0x45, 0x55, 0x55, 0x55, 0x55, 0x55,
    0x55, 0x55, 0x55, 0x55, 0x55, 0x55, 0x55, 0x54,
    0x20, 0x0,

    /* U+F244 "" */
    0x2, 0x66, 0x66, 0x66, 0x66, 0x66, 0x66, 0x66,
    0x66, 0x66, 0x66, 0x66, 0x66, 0x66, 0x66, 0x30,
    0x0, 0x5f, 0xff, 0xff, 0xff, 0xff, 0xff, 0xff,
    0xff, 0xff, 0xff, 0xff, 0xff, 0xff, 0xff, 0xff,
    0xf9, 0x0, 0xef, 0xff, 0xff, 0xff, 0xff, 0xff,
    0xff, 0xff, 0xff, 0xff, 0xff, 0xff, 0xff, 0xff,
    0xff, 0xff, 0x10, 0xff, 0xff, 0xff, 0xff, 0xff,
    0xff, 0xff, 0xff, 0xff, 0xff, 0xff, 0xff, 0xff,
    0xff, 0xff, 0xff, 0x40, 0xff, 0xf6, 0x0, 0x0,
    0x0, 0x0, 0x0, 0x0, 0x0, 0x0, 0x0, 0x0,
    0x0, 0x0, 0x2f, 0xff, 0xf9, 0xff, 0xf6, 0x0,
    0x0, 0x0, 0x0, 0x0, 0x0, 0x0, 0x0, 0x0,
    0x0, 0x0, 0x0, 0x2f, 0xff, 0xfe, 0xff, 0xf6,
    0x0, 0x0, 0x0, 0x0, 0x0, 0x0, 0x0, 0x0,
    0x0, 0x0, 0x0, 0x0, 0x2f, 0xff, 0xfe, 0xff,
    0xf6, 0x0, 0x0, 0x0, 0x0, 0x0, 0x0, 0x0,
    0x0, 0x0, 0x0, 0x0, 0x0, 0x5, 0xaf, 0xfe,
    0xff, 0xf6, 0x0, 0x0, 0x0, 0x0, 0x0, 0x0,
    0x0, 0x0, 0x0, 0x0, 0x0, 0x0, 0x0, 0x7f,
    0xfe, 0xff, 0xf6, 0x0, 0x0, 0x0, 0x0, 0x0,
    0x0, 0x0, 0x0, 0x0, 0x0, 0x0, 0x0, 0x0,
    0x7f, 0xfe, 0xff, 0xf6, 0x0, 0x0, 0x0, 0x0,
    0x0, 0x0, 0x0, 0x0, 0x0, 0x0, 0x0, 0x0,
    0x7, 0xbf, 0xfe, 0xff, 0xf6, 0x0, 0x0, 0x0,
    0x0, 0x0, 0x0, 0x0, 0x0, 0x0, 0x0, 0x0,
    0x0, 0x2f, 0xff, 0xfe, 0xff, 0xf6, 0x0, 0x0,
    0x0, 0x0, 0x0, 0x0, 0x0, 0x0, 0x0, 0x0,
    0x0, 0x0, 0x2f, 0xff, 0xfe, 0xff, 0xf6, 0x11,
    0x11, 0x11, 0x11, 0x11, 0x11, 0x11, 0x11, 0x11,
    0x11, 0x11, 0x11, 0x3f, 0xff, 0xf8, 0xff, 0xff,
    0xff, 0xff, 0xff, 0xff, 0xff, 0xff, 0xff, 0xff,
    0xff, 0xff, 0xff, 0xff, 0xff, 0xff, 0x30, 0xdf,
    0xff, 0xff, 0xff, 0xff, 0xff, 0xff, 0xff, 0xff,
    0xff, 0xff, 0xff, 0xff, 0xff, 0xff, 0xff, 0x10,
    0x4f, 0xff, 0xff, 0xff, 0xff, 0xff, 0xff, 0xff,
    0xff, 0xff, 0xff, 0xff, 0xff, 0xff, 0xff, 0xf7,
    0x0, 0x1, 0x45, 0x55, 0x55, 0x55, 0x55, 0x55,
    0x55, 0x55, 0x55, 0x55, 0x55, 0x55, 0x55, 0x54,
    0x20, 0x0,

    /* U+F287 "" */
    0x0, 0x0, 0x0, 0x0, 0x0, 0x0, 0x0, 0x0,
    0x0, 0x37, 0x50, 0x0, 0x0, 0x0, 0x0, 0x0,
    0x0, 0x0, 0x0, 0x0, 0x0, 0x0, 0x0, 0x0,
    0x0, 0x5, 0xff, 0xfc, 0x0, 0x0, 0x0, 0x0,
    0x0, 0x0, 0x0, 0x0, 0x0, 0x0, 0x0, 0x0,
    0x0, 0x69, 0x9e, 0xff, 0xff, 0x50, 0x0, 0x0,
    0x0, 0x0, 0x0, 0x0, 0x0, 0x0, 0x0, 0x0,
    0x0, 0xc, 0xff, 0xff, 0xff, 0xff, 0x80, 0x0,
    0x0, 0x0, 0x0, 0x0, 0x0, 0x0, 0x0, 0x0,
    0x0, 0x0, 0x8f, 0xd5, 0x4c, 0xff, 0xff, 0x40,
    0x0, 0x0, 0x0, 0x0, 0x0, 0x0, 0x0, 0x0,
    0x0, 0x0, 0x1, 0xff, 0x10, 0x2, 0xdf, 0xf7,
    0x0, 0x0, 0x0, 0x0, 0x0, 0x0, 0x0, 0x0,
    0x0, 0x0, 0x0, 0x8, 0xf8, 0x0, 0x0, 0x1,
    0x0, 0x0, 0x0, 0x0, 0x0, 0x0, 0x0, 0x2,
    0xad, 0xc6, 0x0, 0x0, 0x1f, 0xf1, 0x0, 0x0,
    0x0, 0x0, 0x0, 0x0, 0x0, 0x41, 0x0, 0x0,
    0x2e, 0xff, 0xff, 0x90, 0x0, 0x8f, 0x90, 0x0,
    0x0, 0x0, 0x0, 0x0, 0x0, 0x0, 0xde, 0x60,
    0x0, 0xbf, 0xff, 0xff, 0xf3, 0x4, 0xff, 0x21,
    0x11, 0x11, 0x11, 0x11, 0x11, 0x11, 0x11, 0xdf,
    0xfc, 0x20, 0xff, 0xff, 0xff, 0xff, 0xff, 0xff,
    0xff, 0xff, 0xff, 0xff, 0xff, 0xff, 0xff, 0xff,
    0xff, 0xff, 0xf8, 0xef, 0xff, 0xff, 0xfe, 0xdd,
    0xdd, 0xdf, 0xff, 0xdd, 0xdd, 0xdd, 0xdd, 0xdd,
    0xdd, 0xff, 0xff, 0xe5, 0x9f, 0xff, 0xff, 0xf1,
    0x0, 0x0, 0x4, 0xfe, 0x0, 0x0, 0x0, 0x0,
    0x0, 0x0, 0xdf, 0xf8, 0x0, 0x1c, 0xff, 0xff,
    0x50, 0x0, 0x0, 0x0, 0x9f, 0x70, 0x0, 0x0,
    0x0, 0x0, 0x0, 0xdb, 0x20, 0x0, 0x0, 0x69,
    0x82, 0x0, 0x0, 0x0, 0x0, 0x1f, 0xe0, 0x0,
    0x0, 0x0, 0x0, 0x0, 0x10, 0x0, 0x0, 0x0,
    0x0, 0x0, 0x0, 0x0, 0x0, 0x0, 0xa, 0xf7,
    0x0, 0x29, 0x99, 0x99, 0x20, 0x0, 0x0, 0x0,
    0x0, 0x0, 0x0, 0x0, 0x0, 0x0, 0x0, 0x2,
    0xfe, 0x20, 0x5f, 0xff, 0xff, 0x50, 0x0, 0x0,
    0x0, 0x0, 0x0, 0x0, 0x0, 0x0, 0x0, 0x0,
    0x0, 0x7f, 0xeb, 0xcf, 0xff, 0xff, 0x50, 0x0,
    0x0, 0x0, 0x0, 0x0, 0x0, 0x0, 0x0, 0x0,
    0x0, 0x0, 0x8, 0xff, 0xff, 0xff, 0xff, 0x50,
    0x0, 0x0, 0x0, 0x0, 0x0, 0x0, 0x0, 0x0,
    0x0, 0x0, 0x0, 0x0, 0x2, 0x6f, 0xff, 0xff,
    0x50, 0x0, 0x0, 0x0, 0x0, 0x0, 0x0, 0x0,
    0x0, 0x0, 0x0, 0x0, 0x0, 0x0, 0x4f, 0xff,
    0xff, 0x40, 0x0, 0x0, 0x0, 0x0, 0x0, 0x0,
    0x0, 0x0, 0x0, 0x0, 0x0, 0x0, 0x0, 0x0,
    0x0, 0x0, 0x0, 0x0, 0x0, 0x0,

    /* U+F293 "" */
    0x0, 0x0, 0x0, 0x16, 0x9b, 0xcc, 0xb9, 0x50,
    0x0, 0x0, 0x0, 0x0, 0x0, 0x8f, 0xff, 0xff,
    0xff, 0xff, 0xe6, 0x0, 0x0, 0x0, 0x1, 0xdf,
    0xff, 0xff, 0x9f, 0xff, 0xff, 0xf9, 0x0, 0x0,
    0x1, 0xdf, 0xff, 0xff, 0xf1, 0x9f, 0xff, 0xff,
    0xf8, 0x0, 0x0, 0x9f, 0xff, 0xff, 0xff, 0x10,
    0xaf, 0xff, 0xff, 0xf2, 0x0, 0x1f, 0xff, 0xff,
    0xff, 0xf1, 0x0, 0xbf, 0xff, 0xff, 0x90, 0x7,
    0xff, 0xff, 0xff, 0xff, 0x10, 0x0, 0xcf, 0xff,
    0xfe, 0x0, 0xbf, 0xff, 0xfd, 0xff, 0xf1, 0x9,
    0x1, 0xdf, 0xff, 0xf3, 0xf, 0xff, 0xf3, 0xc,
    0xff, 0x10, 0xfa, 0x1, 0xdf, 0xff, 0x62, 0xff,
    0xff, 0x50, 0xc, 0xf1, 0xf, 0xe1, 0xa, 0xff,
    0xf9, 0x4f, 0xff, 0xff, 0x50, 0xc, 0x10, 0xd2,
    0x8, 0xff, 0xff, 0xa5, 0xff, 0xff, 0xff, 0x50,
    0x0, 0x1, 0x6, 0xff, 0xff, 0xfc, 0x6f, 0xff,
    0xff, 0xff, 0x50, 0x0, 0x5, 0xff, 0xff, 0xff,
    0xc6, 0xff, 0xff, 0xff, 0xff, 0x40, 0x3, 0xff,
    0xff, 0xff, 0xfd, 0x6f, 0xff, 0xff, 0xff, 0xe2,
    0x0, 0xc, 0xff, 0xff, 0xff, 0xc6, 0xff, 0xff,
    0xff, 0xd2, 0x0, 0x0, 0x1d, 0xff, 0xff, 0xfc,
    0x5f, 0xff, 0xff, 0xd1, 0x3, 0x0, 0x40, 0x1e,
    0xff, 0xff, 0xb3, 0xff, 0xff, 0xd1, 0x3, 0xe1,
    0xe, 0x50, 0x2e, 0xff, 0xfa, 0x1f, 0xff, 0xf1,
    0x3, 0xff, 0x10, 0xff, 0x10, 0x5f, 0xff, 0x80,
    0xef, 0xff, 0x83, 0xff, 0xf1, 0xf, 0x40, 0x3e,
    0xff, 0xf5, 0xa, 0xff, 0xff, 0xff, 0xff, 0x10,
    0x40, 0x2e, 0xff, 0xff, 0x20, 0x4f, 0xff, 0xff,
    0xff, 0xf2, 0x0, 0x2e, 0xff, 0xff, 0xd0, 0x0,
    0xdf, 0xff, 0xff, 0xff, 0x20, 0x2e, 0xff, 0xff,
    0xf6, 0x0, 0x4, 0xff, 0xff, 0xff, 0xf2, 0x2e,
    0xff, 0xff, 0xfd, 0x0, 0x0, 0x6, 0xff, 0xff,
    0xff, 0x5e, 0xff, 0xff, 0xff, 0x30, 0x0, 0x0,
    0x4, 0xef, 0xff, 0xff, 0xff, 0xff, 0xfe, 0x40,
    0x0, 0x0, 0x0, 0x0, 0x6b, 0xef, 0xff, 0xff,
    0xc6, 0x0, 0x0, 0x0, 0x0, 0x0, 0x0, 0x0,
    0x1, 0x21, 0x0, 0x0, 0x0, 0x0,

    /* U+F2ED "" */
    0x0, 0x0, 0x0, 0x0, 0x8a, 0xaa, 0xaa, 0xa5,
    0x0, 0x0, 0x0, 0x0, 0x0, 0x0, 0x0, 0x9,
    0xff, 0xff, 0xff, 0xff, 0x30, 0x0, 0x0, 0x0,
    0xcf, 0xff, 0xff, 0xff, 0xff, 0xff, 0xff, 0xff,
    0xff, 0xff, 0xff, 0xf6, 0xff, 0xff, 0xff, 0xff,
    0xff, 0xff, 0xff, 0xff, 0xff, 0xff, 0xff, 0xfa,
    0xff, 0xff, 0xff, 0xff, 0xff, 0xff, 0xff, 0xff,
    0xff, 0xff, 0xff, 0xf9, 0x46, 0x66, 0x66, 0x66,
    0x66, 0x66, 0x66, 0x66, 0x66, 0x66, 0x66, 0x61,
    0x0, 0x0, 0x0, 0x0, 0x0, 0x0, 0x0, 0x0,
    0x0, 0x0, 0x0, 0x0, 0x4, 0xff, 0xff, 0xff,
    0xff, 0xff, 0xff, 0xff, 0xff, 0xff, 0xfe, 0x0,
    0x5, 0xff, 0xff, 0xff, 0xff, 0xff, 0xff, 0xff,
    0xff, 0xff, 0xff, 0x0, 0x5, 0xff, 0xff, 0xff,
    0xff, 0xff, 0xff, 0xff, 0xff, 0xff, 0xff, 0x0,
    0x5, 0xff, 0xff, 0x9d, 0xff, 0xf9, 0xcf, 0xff,
    0xac, 0xff, 0xff, 0x0, 0x5, 0xff, 0xfe, 0x6,
    0xff, 0xf0, 0x5f, 0xff, 0x4, 0xff, 0xff, 0x0,
    0x5, 0xff, 0xfe, 0x6, 0xff, 0xf0, 0x5f, 0xff,
    0x4, 0xff, 0xff, 0x0, 0x5, 0xff, 0xfe, 0x6,
    0xff, 0xf0, 0x5f, 0xff, 0x4, 0xff, 0xff, 0x0,
    0x5, 0xff, 0xfe, 0x6, 0xff, 0xf0, 0x5f, 0xff,
    0x4, 0xff, 0xff, 0x0, 0x5, 0xff, 0xfe, 0x6,
    0xff, 0xf0, 0x5f, 0xff, 0x4, 0xff, 0xff, 0x0,
    0x5, 0xff, 0xfe, 0x6, 0xff, 0xf0, 0x5f, 0xff,
    0x4, 0xff, 0xff, 0x0, 0x5, 0xff, 0xfe, 0x6,
    0xff, 0xf0, 0x5f, 0xff, 0x4, 0xff, 0xff, 0x0,
    0x5, 0xff, 0xfe, 0x6, 0xff, 0xf0, 0x5f, 0xff,
    0x4, 0xff, 0xff, 0x0, 0x5, 0xff, 0xfe, 0x6,
    0xff, 0xf0, 0x5f, 0xff, 0x4, 0xff, 0xff, 0x0,
    0x5, 0xff, 0xfe, 0x6, 0xff, 0xf0, 0x5f, 0xff,
    0x4, 0xff, 0xff, 0x0, 0x5, 0xff, 0xfe, 0x6,
    0xff, 0xf0, 0x5f, 0xff, 0x4, 0xff, 0xff, 0x0,
    0x5, 0xff, 0xfe, 0x6, 0xff, 0xf0, 0x5f, 0xff,
    0x4, 0xff, 0xff, 0x0, 0x5, 0xff, 0xff, 0x29,
    0xff, 0xf2, 0x8f, 0xff, 0x37, 0xff, 0xff, 0x0,
    0x4, 0xff, 0xff, 0xff, 0xff, 0xff, 0xff, 0xff,
    0xff, 0xff, 0xfe, 0x0, 0x2, 0xff, 0xff, 0xff,
    0xff, 0xff, 0xff, 0xff, 0xff, 0xff, 0xfc, 0x0,
    0x0, 0x9f, 0xff, 0xff, 0xff, 0xff, 0xff, 0xff,
    0xff, 0xff, 0xf4, 0x0, 0x0, 0x3, 0x56, 0x66,
    0x66, 0x66, 0x66, 0x66, 0x66, 0x65, 0x10, 0x0,

    /* U+F304 "" */
    0x0, 0x0, 0x0, 0x0, 0x0, 0x0, 0x0, 0x0,
    0x0, 0x0, 0x7, 0x94, 0x0, 0x0, 0x0, 0x0,
    0x0, 0x0, 0x0, 0x0, 0x0, 0x0, 0x0, 0x1,
    0xcf, 0xff, 0x70, 0x0, 0x0, 0x0, 0x0, 0x0,
    0x0, 0x0, 0x0, 0x0, 0x0, 0x1c, 0xff, 0xff,
    0xf7, 0x0, 0x0, 0x0, 0x0, 0x0, 0x0, 0x0,
    0x0, 0x0, 0x1, 0xcf, 0xff, 0xff, 0xff, 0x70,
    0x0, 0x0, 0x0, 0x0, 0x0, 0x0, 0x0, 0x0,
    0x2, 0xef, 0xff, 0xff, 0xff, 0xf6, 0x0, 0x0,
    0x0, 0x0, 0x0, 0x0, 0x0, 0x1, 0x70, 0x3e,
    0xff, 0xff, 0xff, 0xfe, 0x0, 0x0, 0x0, 0x0,
    0x0, 0x0, 0x0, 0x1c, 0xf8, 0x3, 0xef, 0xff,
    0xff, 0xfe, 0x0, 0x0, 0x0, 0x0, 0x0, 0x0,
    0x1, 0xcf, 0xff, 0x80, 0x3e, 0xff, 0xff, 0xf8,
    0x0, 0x0, 0x0, 0x0, 0x0, 0x0, 0x1c, 0xff,
    0xff, 0xf8, 0x3, 0xef, 0xff, 0x90, 0x0, 0x0,
    0x0, 0x0, 0x0, 0x1, 0xcf, 0xff, 0xff, 0xff,
    0x80, 0x3e, 0xf9, 0x0, 0x0, 0x0, 0x0, 0x0,
    0x0, 0x1c, 0xff, 0xff, 0xff, 0xff, 0xf8, 0x3,
    0x90, 0x0, 0x0, 0x0, 0x0, 0x0, 0x1, 0xcf,
    0xff, 0xff, 0xff, 0xff, 0xff, 0x80, 0x0, 0x0,
    0x0, 0x0, 0x0, 0x0, 0x1c, 0xff, 0xff, 0xff,
    0xff, 0xff, 0xff, 0x90, 0x0, 0x0, 0x0, 0x0,
    0x0, 0x1, 0xcf, 0xff, 0xff, 0xff, 0xff, 0xff,
    0xf9, 0x0, 0x0, 0x0, 0x0, 0x0, 0x0, 0x1c,
    0xff, 0xff, 0xff, 0xff, 0xff, 0xff, 0x90, 0x0,
    0x0, 0x0, 0x0, 0x0, 0x1, 0xcf, 0xff, 0xff,
    0xff, 0xff, 0xff, 0xf9, 0x0, 0x0, 0x0, 0x0,
    0x0, 0x0, 0x1c, 0xff, 0xff, 0xff, 0xff, 0xff,
    0xff, 0x90, 0x0, 0x0, 0x0, 0x0, 0x0, 0x1,
    0xcf, 0xff, 0xff, 0xff, 0xff, 0xff, 0xf9, 0x0,
    0x0, 0x0, 0x0, 0x0, 0x0, 0x1c, 0xff, 0xff,
    0xff, 0xff, 0xff, 0xff, 0x90, 0x0, 0x0, 0x0,
    0x0, 0x0, 0x1, 0xcf, 0xff, 0xff, 0xff, 0xff,
    0xff, 0xf9, 0x0, 0x0, 0x0, 0x0, 0x0, 0x0,
    0x6, 0xff, 0xff, 0xff, 0xff, 0xff, 0xff, 0x90,
    0x0, 0x0, 0x0, 0x0, 0x0, 0x0, 0x7, 0xff,
    0xff, 0xff, 0xff, 0xff, 0xf9, 0x0, 0x0, 0x0,
    0x0, 0x0, 0x0, 0x0, 0x9, 0xff, 0xff, 0xff,
    0xff, 0xff, 0x90, 0x0, 0x0, 0x0, 0x0, 0x0,
    0x0, 0x0, 0xb, 0xff, 0xff, 0xff, 0xff, 0xf9,
    0x0, 0x0, 0x0, 0x0, 0x0, 0x0, 0x0, 0x0,
    0xd, 0xff, 0xff, 0xff, 0xff, 0x90, 0x0, 0x0,
    0x0, 0x0, 0x0, 0x0, 0x0, 0x0, 0xf, 0xff,
    0xff, 0xff, 0xf9, 0x0, 0x0, 0x0, 0x0, 0x0,
    0x0, 0x0, 0x0, 0x0, 0xe, 0xff, 0xff, 0xec,
    0x80, 0x0, 0x0, 0x0, 0x0, 0x0, 0x0, 0x0,
    0x0, 0x0, 0x1, 0x54, 0x20, 0x0, 0x0, 0x0,
    0x0, 0x0, 0x0, 0x0, 0x0, 0x0, 0x0, 0x0,

    /* U+F55A "" */
    0x0, 0x0, 0x0, 0x0, 0x0, 0x24, 0x44, 0x44,
    0x44, 0x44, 0x44, 0x44, 0x44, 0x44, 0x44, 0x30,
    0x0, 0x0, 0x0, 0x0, 0x0, 0x4e, 0xff, 0xff,
    0xff, 0xff, 0xff, 0xff, 0xff, 0xff, 0xff, 0xff,
    0xff, 0x60, 0x0, 0x0, 0x0, 0x5, 0xff, 0xff,
    0xff, 0xff, 0xff, 0xff, 0xff, 0xff, 0xff, 0xff,
    0xff, 0xff, 0xf4, 0x0, 0x0, 0x0, 0x5f, 0xff,
    0xff, 0xff, 0xff, 0xff, 0xff, 0xff, 0xff, 0xff,
    0xff, 0xff, 0xff, 0xfa, 0x0, 0x0, 0x5, 0xff,
    0xff, 0xff, 0xff, 0xff, 0xff, 0xff, 0xff, 0xff,
    0xff, 0xff, 0xff, 0xff, 0xfb, 0x0, 0x0, 0x5f,
    0xff, 0xff, 0xff, 0xff, 0xf8, 0xb, 0xff, 0xff,
    0xf4, 0x2e, 0xff, 0xff, 0xff, 0xfc, 0x0, 0x5,
    0xff, 0xff, 0xff, 0xff, 0xff, 0x90, 0x0, 0xbf,
    0xff, 0x40, 0x2, 0xff, 0xff, 0xff, 0xfc, 0x0,
    0x5f, 0xff, 0xff, 0xff, 0xff, 0xff, 0x80, 0x0,
    0xb, 0xf4, 0x0, 0x2, 0xef, 0xff, 0xff, 0xfc,
    0x5, 0xff, 0xff, 0xff, 0xff, 0xff, 0xff, 0xf8,
    0x0, 0x0, 0x30, 0x0, 0x1e, 0xff, 0xff, 0xff,
    0xfc, 0x5f, 0xff, 0xff, 0xff, 0xff, 0xff, 0xff,
    0xff, 0x80, 0x0, 0x0, 0x1, 0xef, 0xff, 0xff,
    0xff, 0xfc, 0xef, 0xff, 0xff, 0xff, 0xff, 0xff,
    0xff, 0xff, 0xf7, 0x0, 0x0, 0x1e, 0xff, 0xff,
    0xff, 0xff, 0xfc, 0xdf, 0xff, 0xff, 0xff, 0xff,
    0xff, 0xff, 0xff, 0xf4, 0x0, 0x0, 0xb, 0xff,
    0xff, 0xff, 0xff, 0xfc, 0x3e, 0xff, 0xff, 0xff,
    0xff, 0xff, 0xff, 0xff, 0x40, 0x0, 0x0, 0x0,
    0xbf, 0xff, 0xff, 0xff, 0xfc, 0x3, 0xef, 0xff,
    0xff, 0xff, 0xff, 0xff, 0xf4, 0x0, 0x1, 0x60,
    0x0, 0xb, 0xff, 0xff, 0xff, 0xfc, 0x0, 0x2e,
    0xff, 0xff, 0xff, 0xff, 0xff, 0x60, 0x0, 0x1e,
    0xf8, 0x0, 0x0, 0xef, 0xff, 0xff, 0xfc, 0x0,
    0x2, 0xef, 0xff, 0xff, 0xff, 0xff, 0xb0, 0x1,
    0xef, 0xff, 0x80, 0x4, 0xff, 0xff, 0xff, 0xfc,
    0x0, 0x0, 0x2e, 0xff, 0xff, 0xff, 0xff, 0xfb,
    0x4e, 0xff, 0xff, 0xf8, 0x5f, 0xff, 0xff, 0xff,
    0xfc, 0x0, 0x0, 0x2, 0xef, 0xff, 0xff, 0xff,
    0xff, 0xff, 0xff, 0xff, 0xff, 0xff, 0xff, 0xff,
    0xff, 0xfb, 0x0, 0x0, 0x0, 0x2e, 0xff, 0xff,
    0xff, 0xff, 0xff, 0xff, 0xff, 0xff, 0xff, 0xff,
    0xff, 0xff, 0xf9, 0x0, 0x0, 0x0, 0x2, 0xef,
    0xff, 0xff, 0xff, 0xff, 0xff, 0xff, 0xff, 0xff,
    0xff, 0xff, 0xff, 0xf2, 0x0, 0x0, 0x0, 0x0,
    0x1a, 0xef, 0xff, 0xff, 0xff, 0xff, 0xff, 0xff,
    0xff, 0xff, 0xff, 0xfc, 0x30,

    /* U+F7C2 "" */
    0x0, 0x0, 0x0, 0x36, 0x66, 0x66, 0x66, 0x66,
    0x64, 0x0, 0x0, 0x0, 0x0, 0x3f, 0xff, 0xff,
    0xff, 0xff, 0xff, 0xfe, 0x20, 0x0, 0x0, 0x3f,
    0xff, 0xff, 0xff, 0xff, 0xff, 0xff, 0xfd, 0x0,
    0x0, 0x3f, 0xff, 0xff, 0xff, 0xff, 0xff, 0xff,
    0xff, 0xf2, 0x0, 0x3f, 0xfe, 0x0, 0x9f, 0x10,
    0x2f, 0x90, 0x2f, 0xff, 0x40, 0x4f, 0xff, 0xe0,
    0x9, 0xf1, 0x2, 0xf9, 0x2, 0xff, 0xf4, 0x4f,
    0xff, 0xfe, 0x0, 0x9f, 0x10, 0x2f, 0x90, 0x2f,
    0xff, 0x4f, 0xff, 0xff, 0xe0, 0x9, 0xf1, 0x2,
    0xf9, 0x2, 0xff, 0xf4, 0xff, 0xff, 0xfe, 0x0,
    0xaf, 0x10, 0x2f, 0x90, 0x2f, 0xff, 0x4f, 0xff,
    0xff, 0xff, 0xff, 0xff, 0xff, 0xff, 0xff, 0xff,
    0xf4, 0xff, 0xff, 0xff, 0xff, 0xff, 0xff, 0xff,
    0xff, 0xff, 0xff, 0x4f, 0xff, 0xff, 0xff, 0xff,
    0xff, 0xff, 0xff, 0xff, 0xff, 0xf4, 0xff, 0xff,
    0xff, 0xff, 0xff, 0xff, 0xff, 0xff, 0xff, 0xff,
    0x4f, 0xff, 0xff, 0xff, 0xff, 0xff, 0xff, 0xff,
    0xff, 0xff, 0xf4, 0xff, 0xff, 0xff, 0xff, 0xff,
    0xff, 0xff, 0xff, 0xff, 0xff, 0x4f, 0xff, 0xff,
    0xff, 0xff, 0xff, 0xff, 0xff, 0xff, 0xff, 0xf4,
    0xff, 0xff, 0xff, 0xff, 0xff, 0xff, 0xff, 0xff,
    0xff, 0xff, 0x4f, 0xff, 0xff, 0xff, 0xff, 0xff,
    0xff, 0xff, 0xff, 0xff, 0xf4, 0xff, 0xff, 0xff,
    0xff, 0xff, 0xff, 0xff, 0xff, 0xff, 0xff, 0x4f,
    0xff, 0xff, 0xff, 0xff, 0xff, 0xff, 0xff, 0xff,
    0xff, 0xf4, 0xff, 0xff, 0xff, 0xff, 0xff, 0xff,
    0xff, 0xff, 0xff, 0xff, 0x4f, 0xff, 0xff, 0xff,
    0xff, 0xff, 0xff, 0xff, 0xff, 0xff, 0xf4, 0xff,
    0xff, 0xff, 0xff, 0xff, 0xff, 0xff, 0xff, 0xff,
    0xff, 0x4f, 0xff, 0xff, 0xff, 0xff, 0xff, 0xff,
    0xff, 0xff, 0xff, 0xf4, 0xef, 0xff, 0xff, 0xff,
    0xff, 0xff, 0xff, 0xff, 0xff, 0xff, 0x2a, 0xff,
    0xff, 0xff, 0xff, 0xff, 0xff, 0xff, 0xff, 0xff,
    0xe0, 0x1d, 0xff, 0xff, 0xff, 0xff, 0xff, 0xff,
    0xff, 0xff, 0xe3, 0x0, 0x5, 0x88, 0x88, 0x88,
    0x88, 0x88, 0x88, 0x88, 0x61, 0x0,

    /* U+F8A2 "" */
    0x0, 0x0, 0x0, 0x0, 0x0, 0x0, 0x0, 0x0,
    0x0, 0x0, 0x0, 0x0, 0x0, 0x60, 0x0, 0x0,
    0x0, 0x0, 0x0, 0x0, 0x0, 0x0, 0x0, 0x0,
    0x0, 0x0, 0xb, 0xf1, 0x0, 0x0, 0x0, 0x0,
    0x0, 0x0, 0x0, 0x0, 0x0, 0x0, 0x0, 0x0,
    0xbf, 0xf1, 0x0, 0x0, 0x0, 0x1, 0x0, 0x0,
    0x0, 0x0, 0x0, 0x0, 0x0, 0xb, 0xff, 0xf1,
    0x0, 0x0, 0x1, 0xdf, 0x40, 0x0, 0x0, 0x0,
    0x0, 0x0, 0x0, 0x1f, 0xff, 0xf1, 0x0, 0x0,
    0x2d, 0xff, 0x80, 0x0, 0x0, 0x0, 0x0, 0x0,
    0x0, 0x1f, 0xff, 0xf1, 0x0, 0x2, 0xef, 0xff,
    0x80, 0x0, 0x0, 0x0, 0x0, 0x0, 0x0, 0x1f,
    0xff, 0xf1, 0x0, 0x3e, 0xff, 0xff, 0x80, 0x0,
    0x0, 0x0, 0x0, 0x0, 0x0, 0x1f, 0xff, 0xf1,
    0x4, 0xff, 0xff, 0xff, 0xc8, 0x88, 0x88, 0x88,
    0x88, 0x88, 0x88, 0x8f, 0xff, 0xf1, 0x4f, 0xff,
    0xff, 0xff, 0xff, 0xff, 0xff, 0xff, 0xff, 0xff,
    0xff, 0xff, 0xff, 0xf1, 0xdf, 0xff, 0xff, 0xff,
    0xff, 0xff, 0xff, 0xff, 0xff, 0xff, 0xff, 0xff,
    0xff, 0xf1, 0x7f, 0xff, 0xff, 0xff, 0xff, 0xff,
    0xff, 0xff, 0xff, 0xff, 0xff, 0xff, 0xff, 0xf1,
    0x7, 0xff, 0xff, 0xff, 0xdb, 0xbb, 0xbb, 0xbb,
    0xbb, 0xbb, 0xbb, 0xbb, 0xbb, 0x70, 0x0, 0x6f,
    0xff, 0xff, 0x80, 0x0, 0x0, 0x0, 0x0, 0x0,
    0x0, 0x0, 0x0, 0x0, 0x0, 0x5, 0xff, 0xff,
    0x80, 0x0, 0x0, 0x0, 0x0, 0x0, 0x0, 0x0,
    0x0, 0x0, 0x0, 0x0, 0x4f, 0xff, 0x80, 0x0,
    0x0, 0x0, 0x0, 0x0, 0x0, 0x0, 0x0, 0x0,
    0x0, 0x0, 0x3, 0xef, 0x60, 0x0, 0x0, 0x0,
    0x0, 0x0, 0x0, 0x0, 0x0, 0x0, 0x0, 0x0,
    0x0, 0x14, 0x0, 0x0, 0x0, 0x0, 0x0, 0x0,
    0x0, 0x0, 0x0, 0x0
};


/*---------------------
 *  GLYPH DESCRIPTION
 *--------------------*/

static const lv_font_fmt_txt_glyph_dsc_t glyph_dsc[] = {
    {.bitmap_index = 0, .adv_w = 0, .box_w = 0, .box_h = 0, .ofs_x = 0, .ofs_y = 0} /* id = 0 reserved */,
    {.bitmap_index = 0, .adv_w = 112, .box_w = 0, .box_h = 0, .ofs_x = 0, .ofs_y = 0},
    {.bitmap_index = 0, .adv_w = 124, .box_w = 6, .box_h = 19, .ofs_x = 1, .ofs_y = 0},
    {.bitmap_index = 57, .adv_w = 204, .box_w = 10, .box_h = 7, .ofs_x = 1, .ofs_y = 12},
    {.bitmap_index = 92, .adv_w = 279, .box_w = 17, .box_h = 19, .ofs_x = 0, .ofs_y = 0},
    {.bitmap_index = 254, .adv_w = 247, .box_w = 14, .box_h = 23, .ofs_x = 1, .ofs_y = -3},
    {.bitmap_index = 415, .adv_w = 389, .box_w = 24, .box_h = 19, .ofs_x = 0, .ofs_y = 0},
    {.bitmap_index = 643, .adv_w = 324, .box_w = 20, .box_h = 19, .ofs_x = 1, .ofs_y = 0},
    {.bitmap_index = 833, .adv_w = 115, .box_w = 5, .box_h = 7, .ofs_x = 1, .ofs_y = 12},
    {.bitmap_index = 851, .adv_w = 146, .box_w = 8, .box_h = 24, .ofs_x = 1, .ofs_y = -5},
    {.bitmap_index = 947, .adv_w = 146, .box_w = 9, .box_h = 24, .ofs_x = 0, .ofs_y = -5},
    {.bitmap_index = 1055, .adv_w = 235, .box_w = 14, .box_h = 13, .ofs_x = 0, .ofs_y = 7},
    {.bitmap_index = 1146, .adv_w = 247, .box_w = 14, .box_h = 14, .ofs_x = 1, .ofs_y = 3},
    {.bitmap_index = 1244, .adv_w = 123, .box_w = 7, .box_h = 7, .ofs_x = 0, .ofs_y = -3},
    {.bitmap_index = 1269, .adv_w = 139, .box_w = 8, .box_h = 4, .ofs_x = 0, .ofs_y = 6},
    {.bitmap_index = 1285, .adv_w = 123, .box_w = 6, .box_h = 5, .ofs_x = 1, .ofs_y = 0},
    {.bitmap_index = 1300, .adv_w = 178, .box_w = 12, .box_h = 19, .ofs_x = 0, .ofs_y = 0},
    {.bitmap_index = 1414, .adv_w = 247, .box_w = 15, .box_h = 19, .ofs_x = 0, .ofs_y = 0},
    {.bitmap_index = 1557, .adv_w = 247, .box_w = 11, .box_h = 19, .ofs_x = 1, .ofs_y = 0},
    {.bitmap_index = 1662, .adv_w = 247, .box_w = 14, .box_h = 19, .ofs_x = 1, .ofs_y = 0},
    {.bitmap_index = 1795, .adv_w = 247, .box_w = 14, .box_h = 19, .ofs_x = 1, .ofs_y = 0},
    {.bitmap_index = 1928, .adv_w = 247, .box_w = 15, .box_h = 19, .ofs_x = 0, .ofs_y = 0},
    {.bitmap_index = 2071, .adv_w = 247, .box_w = 14, .box_h = 19, .ofs_x = 1, .ofs_y = 0},
    {.bitmap_index = 2204, .adv_w = 247, .box_w = 15, .box_h = 19, .ofs_x = 0, .ofs_y = 0},
    {.bitmap_index = 2347, .adv_w = 247, .box_w = 15, .box_h = 19, .ofs_x = 0, .ofs_y = 0},
    {.bitmap_index = 2490, .adv_w = 247, .box_w = 15, .box_h = 19, .ofs_x = 0, .ofs_y = 0},
    {.bitmap_index = 2633, .adv_w = 247, .box_w = 15, .box_h = 19, .ofs_x = 0, .ofs_y = 0},
    {.bitmap_index = 2776, .adv_w = 123, .box_w = 6, .box_h = 15, .ofs_x = 1, .ofs_y = 0},
    {.bitmap_index = 2821, .adv_w = 123, .box_w = 7, .box_h = 19, .ofs_x = 0, .ofs_y = -4},
    {.bitmap_index = 2888, .adv_w = 247, .box_w = 14, .box_h = 15, .ofs_x = 1, .ofs_y = 2},
    {.bitmap_index = 2993, .adv_w = 247, .box_w = 14, .box_h = 8, .ofs_x = 1, .ofs_y = 6},
    {.bitmap_index = 3049, .adv_w = 247, .box_w = 14, .box_h = 15, .ofs_x = 1, .ofs_y = 2},
    {.bitmap_index = 3154, .adv_w = 206, .box_w = 13, .box_h = 19, .ofs_x = 0, .ofs_y = 0},
    {.bitmap_index = 3278, .adv_w = 387, .box_w = 22, .box_h = 21, .ofs_x = 1, .ofs_y = -2},
    {.bitmap_index = 3509, .adv_w = 298, .box_w = 19, .box_h = 19, .ofs_x = 0, .ofs_y = 0},
    {.bitmap_index = 3690, .adv_w = 290, .box_w = 15, .box_h = 19, .ofs_x = 2, .ofs_y = 0},
    {.bitmap_index = 3833, .adv_w = 275, .box_w = 16, .box_h = 19, .ofs_x = 1, .ofs_y = 0},
    {.bitmap_index = 3985, .adv_w = 320, .box_w = 17, .box_h = 19, .ofs_x = 2, .ofs_y = 0},
    {.bitmap_index = 4147, .adv_w = 242, .box_w = 12, .box_h = 19, .ofs_x = 2, .ofs_y = 0},
    {.bitmap_index = 4261, .adv_w = 237, .box_w = 12, .box_h = 19, .ofs_x = 2, .ofs_y = 0},
    {.bitmap_index = 4375, .adv_w = 313, .box_w = 17, .box_h = 19, .ofs_x = 1, .ofs_y = 0},
    {.bitmap_index = 4537, .adv_w = 331, .box_w = 17, .box_h = 19, .ofs_x = 2, .ofs_y = 0},
    {.bitmap_index = 4699, .adv_w = 168, .box_w = 10, .box_h = 19, .ofs_x = 0, .ofs_y = 0},
    {.bitmap_index = 4794, .adv_w = 143, .box_w = 9, .box_h = 25, .ofs_x = -2, .ofs_y = -6},
    {.bitmap_index = 4907, .adv_w = 287, .box_w = 16, .box_h = 19, .ofs_x = 2, .ofs_y = 0},
    {.bitmap_index = 5059, .adv_w = 244, .box_w = 13, .box_h = 19, .ofs_x = 2, .ofs_y = 0},
    {.bitmap_index = 5183, .adv_w = 407, .box_w = 22, .box_h = 19, .ofs_x = 2, .ofs_y = 0},
    {.bitmap_index = 5392, .adv_w = 351, .box_w = 18, .box_h = 19, .ofs_x = 2, .ofs_y = 0},
    {.bitmap_index = 5563, .adv_w = 344, .box_w = 19, .box_h = 19, .ofs_x = 1, .ofs_y = 0},
    {.bitmap_index = 5744, .adv_w = 271, .box_w = 14, .box_h = 19, .ofs_x = 2, .ofs_y = 0},
    {.bitmap_index = 5877, .adv_w = 344, .box_w = 19, .box_h = 24, .ofs_x = 1, .ofs_y = -5},
    {.bitmap_index = 6105, .adv_w = 285, .box_w = 16, .box_h = 19, .ofs_x = 2, .ofs_y = 0},
    {.bitmap_index = 6257, .adv_w = 238, .box_w = 13, .box_h = 19, .ofs_x = 1, .ofs_y = 0},
    {.bitmap_index = 6381, .adv_w = 250, .box_w = 16, .box_h = 19, .ofs_x = 0, .ofs_y = 0},
    {.bitmap_index = 6533, .adv_w = 327, .box_w = 17, .box_h = 19, .ofs_x = 2, .ofs_y = 0},
    {.bitmap_index = 6695, .adv_w = 281, .box_w = 18, .box_h = 19, .ofs_x = 0, .ofs_y = 0},
    {.bitmap_index = 6866, .adv_w = 418, .box_w = 27, .box_h = 19, .ofs_x = 0, .ofs_y = 0},
    {.bitmap_index = 7123, .adv_w = 288, .box_w = 19, .box_h = 19, .ofs_x = 0, .ofs_y = 0},
    {.bitmap_index = 7304, .adv_w = 270, .box_w = 17, .box_h = 19, .ofs_x = 0, .ofs_y = 0},
    {.bitmap_index = 7466, .adv_w = 250, .box_w = 15, .box_h = 19, .ofs_x = 0, .ofs_y = 0},
    {.bitmap_index = 7609, .adv_w = 143, .box_w = 8, .box_h = 24, .ofs_x = 1, .ofs_y = -5},
    {.bitmap_index = 7705, .adv_w = 178, .box_w = 11, .box_h = 19, .ofs_x = 0, .ofs_y = 0},
    {.bitmap_index = 7810, .adv_w = 143, .box_w = 8, .box_h = 24, .ofs_x = 0, .ofs_y = -5},
    {.bitmap_index = 7906, .adv_w = 247, .box_w = 15, .box_h = 13, .ofs_x = 0, .ofs_y = 7},
    {.bitmap_index = 8004, .adv_w = 178, .box_w = 13, .box_h = 2, .ofs_x = -1, .ofs_y = -4},
    {.bitmap_index = 8017, .adv_w = 262, .box_w = 8, .box_h = 5, .ofs_x = 4, .ofs_y = 16},
    {.bitmap_index = 8037, .adv_w = 261, .box_w = 14, .box_h = 15, .ofs_x = 1, .ofs_y = 0},
    {.bitmap_index = 8142, .adv_w = 273, .box_w = 14, .box_h = 20, .ofs_x = 2, .ofs_y = 0},
    {.bitmap_index = 8282, .adv_w = 222, .box_w = 13, .box_h = 15, .ofs_x = 1, .ofs_y = 0},
    {.bitmap_index = 8380, .adv_w = 273, .box_w = 14, .box_h = 20, .ofs_x = 1, .ofs_y = 0},
    {.bitmap_index = 8520, .adv_w = 255, .box_w = 14, .box_h = 15, .ofs_x = 1, .ofs_y = 0},
    {.bitmap_index = 8625, .adv_w = 167, .box_w = 12, .box_h = 20, .ofs_x = 0, .ofs_y = 0},
    {.bitmap_index = 8745, .adv_w = 273, .box_w = 14, .box_h = 21, .ofs_x = 1, .ofs_y = -6},
    {.bitmap_index = 8892, .adv_w = 284, .box_w = 14, .box_h = 20, .ofs_x = 2, .ofs_y = 0},
    {.bitmap_index = 9032, .adv_w = 132, .box_w = 6, .box_h = 20, .ofs_x = 1, .ofs_y = 0},
    {.bitmap_index = 9092, .adv_w = 132, .box_w = 9, .box_h = 26, .ofs_x = -2, .ofs_y = -6},
    {.bitmap_index = 9209, .adv_w = 268, .box_w = 15, .box_h = 20, .ofs_x = 2, .ofs_y = 0},
    {.bitmap_index = 9359, .adv_w = 132, .box_w = 5, .box_h = 20, .ofs_x = 2, .ofs_y = 0},
    {.bitmap_index = 9409, .adv_w = 424, .box_w = 23, .box_h = 15, .ofs_x = 2, .ofs_y = 0},
    {.bitmap_index = 9582, .adv_w = 284, .box_w = 14, .box_h = 15, .ofs_x = 2, .ofs_y = 0},
    {.bitmap_index = 9687, .adv_w = 267, .box_w = 15, .box_h = 15, .ofs_x = 1, .ofs_y = 0},
    {.bitmap_index = 9800, .adv_w = 273, .box_w = 14, .box_h = 21, .ofs_x = 2, .ofs_y = -6},
    {.bitmap_index = 9947, .adv_w = 273, .box_w = 14, .box_h = 21, .ofs_x = 1, .ofs_y = -6},
    {.bitmap_index = 10094, .adv_w = 196, .box_w = 10, .box_h = 15, .ofs_x = 2, .ofs_y = 0},
    {.bitmap_index = 10169, .adv_w = 215, .box_w = 12, .box_h = 15, .ofs_x = 1, .ofs_y = 0},
    {.bitmap_index = 10259, .adv_w = 188, .box_w = 11, .box_h = 18, .ofs_x = 0, .ofs_y = 0},
    {.bitmap_index = 10358, .adv_w = 284, .box_w = 14, .box_h = 15, .ofs_x = 2, .ofs_y = 0},
    {.bitmap_index = 10463, .adv_w = 246, .box_w = 16, .box_h = 15, .ofs_x = 0, .ofs_y = 0},
    {.bitmap_index = 10583, .adv_w = 370, .box_w = 23, .box_h = 15, .ofs_x = 0, .ofs_y = 0},
    {.bitmap_index = 10756, .adv_w = 250, .box_w = 16, .box_h = 15, .ofs_x = 0, .ofs_y = 0},
    {.bitmap_index = 10876, .adv_w = 246, .box_w = 16, .box_h = 21, .ofs_x = 0, .ofs_y = -6},
    {.bitmap_index = 11044, .adv_w = 211, .box_w = 13, .box_h = 15, .ofs_x = 0, .ofs_y = 0},
    {.bitmap_index = 11142, .adv_w = 170, .box_w = 10, .box_h = 24, .ofs_x = 0, .ofs_y = -5},
    {.bitmap_index = 11262, .adv_w = 238, .box_w = 3, .box_h = 26, .ofs_x = 6, .ofs_y = -6},
    {.bitmap_index = 11301, .adv_w = 170, .box_w = 10, .box_h = 24, .ofs_x = 1, .ofs_y = -5},
    {.bitmap_index = 11421, .adv_w = 247, .box_w = 14, .box_h = 6, .ofs_x = 1, .ofs_y = 6},
    {.bitmap_index = 11463, .adv_w = 432, .box_w = 27, .box_h = 28, .ofs_x = 0, .ofs_y = -4},
    {.bitmap_index = 11841, .adv_w = 432, .box_w = 27, .box_h = 21, .ofs_x = 0, .ofs_y = 0},
    {.bitmap_index = 12125, .adv_w = 432, .box_w = 27, .box_h = 24, .ofs_x = 0, .ofs_y = -2},
    {.bitmap_index = 12449, .adv_w = 432, .box_w = 27, .box_h = 21, .ofs_x = 0, .ofs_y = 0},
    {.bitmap_index = 12733, .adv_w = 297, .box_w = 19, .box_h = 20, .ofs_x = 0, .ofs_y = 0},
    {.bitmap_index = 12923, .adv_w = 432, .box_w = 28, .box_h = 27, .ofs_x = 0, .ofs_y = -3},
    {.bitmap_index = 13301, .adv_w = 432, .box_w = 27, .box_h = 28, .ofs_x = 0, .ofs_y = -4},
    {.bitmap_index = 13679, .adv_w = 486, .box_w = 31, .box_h = 24, .ofs_x = 0, .ofs_y = -2},
    {.bitmap_index = 14051, .adv_w = 432, .box_w = 27, .box_h = 28, .ofs_x = 0, .ofs_y = -4},
    {.bitmap_index = 14429, .adv_w = 486, .box_w = 31, .box_h = 21, .ofs_x = 0, .ofs_y = 0},
    {.bitmap_index = 14755, .adv_w = 432, .box_w = 27, .box_h = 28, .ofs_x = 0, .ofs_y = -4},
    {.bitmap_index = 15133, .adv_w = 216, .box_w = 14, .box_h = 22, .ofs_x = 0, .ofs_y = -1},
    {.bitmap_index = 15287, .adv_w = 324, .box_w = 21, .box_h = 22, .ofs_x = 0, .ofs_y = -1},
    {.bitmap_index = 15518, .adv_w = 486, .box_w = 31, .box_h = 26, .ofs_x = 0, .ofs_y = -3},
    {.bitmap_index = 15921, .adv_w = 432, .box_w = 27, .box_h = 21, .ofs_x = 0, .ofs_y = 0},
    {.bitmap_index = 16205, .adv_w = 297, .box_w = 19, .box_h = 28, .ofs_x = 0, .ofs_y = -4},
    {.bitmap_index = 16471, .adv_w = 378, .box_w = 18, .box_h = 25, .ofs_x = 3, .ofs_y = -2},
    {.bitmap_index = 16696, .adv_w = 378, .box_w = 24, .box_h = 28, .ofs_x = 0, .ofs_y = -4},
    {.bitmap_index = 17032, .adv_w = 378, .box_w = 24, .box_h = 24, .ofs_x = 0, .ofs_y = -2},
    {.bitmap_index = 17320, .adv_w = 378, .box_w = 24, .box_h = 24, .ofs_x = 0, .ofs_y = -2},
    {.bitmap_index = 17608, .adv_w = 378, .box_w = 18, .box_h = 25, .ofs_x = 3, .ofs_y = -2},
    {.bitmap_index = 17833, .adv_w = 378, .box_w = 26, .box_h = 24, .ofs_x = -1, .ofs_y = -2},
    {.bitmap_index = 18145, .adv_w = 270, .box_w = 15, .box_h = 24, .ofs_x = 1, .ofs_y = -2},
    {.bitmap_index = 18325, .adv_w = 270, .box_w = 15, .box_h = 24, .ofs_x = 1, .ofs_y = -2},
    {.bitmap_index = 18505, .adv_w = 378, .box_w = 24, .box_h = 24, .ofs_x = 0, .ofs_y = -2},
    {.bitmap_index = 18793, .adv_w = 378, .box_w = 24, .box_h = 6, .ofs_x = 0, .ofs_y = 7},
    {.bitmap_index = 18865, .adv_w = 486, .box_w = 31, .box_h = 21, .ofs_x = 0, .ofs_y = 0},
    {.bitmap_index = 19191, .adv_w = 540, .box_w = 34, .box_h = 28, .ofs_x = 0, .ofs_y = -4},
    {.bitmap_index = 19667, .adv_w = 486, .box_w = 32, .box_h = 28, .ofs_x = -1, .ofs_y = -4},
    {.bitmap_index = 20115, .adv_w = 432, .box_w = 27, .box_h = 24, .ofs_x = 0, .ofs_y = -2},
    {.bitmap_index = 20439, .adv_w = 378, .box_w = 24, .box_h = 15, .ofs_x = 0, .ofs_y = 3},
    {.bitmap_index = 20619, .adv_w = 378, .box_w = 24, .box_h = 15, .ofs_x = 0, .ofs_y = 3},
    {.bitmap_index = 20799, .adv_w = 540, .box_w = 34, .box_h = 22, .ofs_x = 0, .ofs_y = -1},
    {.bitmap_index = 21173, .adv_w = 432, .box_w = 27, .box_h = 21, .ofs_x = 0, .ofs_y = 0},
    {.bitmap_index = 21457, .adv_w = 432, .box_w = 27, .box_h = 28, .ofs_x = 0, .ofs_y = -4},
    {.bitmap_index = 21835, .adv_w = 432, .box_w = 28, .box_h = 28, .ofs_x = -1, .ofs_y = -4},
    {.bitmap_index = 22227, .adv_w = 378, .box_w = 24, .box_h = 24, .ofs_x = 0, .ofs_y = -2},
    {.bitmap_index = 22515, .adv_w = 378, .box_w = 24, .box_h = 28, .ofs_x = 0, .ofs_y = -4},
    {.bitmap_index = 22851, .adv_w = 378, .box_w = 24, .box_h = 24, .ofs_x = 0, .ofs_y = -2},
    {.bitmap_index = 23139, .adv_w = 378, .box_w = 24, .box_h = 22, .ofs_x = 0, .ofs_y = -1},
    {.bitmap_index = 23403, .adv_w = 432, .box_w = 27, .box_h = 21, .ofs_x = 0, .ofs_y = 0},
    {.bitmap_index = 23687, .adv_w = 270, .box_w = 19, .box_h = 28, .ofs_x = -1, .ofs_y = -4},
    {.bitmap_index = 23953, .adv_w = 378, .box_w = 24, .box_h = 28, .ofs_x = 0, .ofs_y = -4},
    {.bitmap_index = 24289, .adv_w = 378, .box_w = 24, .box_h = 28, .ofs_x = 0, .ofs_y = -4},
    {.bitmap_index = 24625, .adv_w = 486, .box_w = 31, .box_h = 21, .ofs_x = 0, .ofs_y = 0},
    {.bitmap_index = 24951, .adv_w = 432, .box_w = 29, .box_h = 29, .ofs_x = -1, .ofs_y = -4},
    {.bitmap_index = 25372, .adv_w = 324, .box_w = 21, .box_h = 28, .ofs_x = 0, .ofs_y = -4},
    {.bitmap_index = 25666, .adv_w = 540, .box_w = 34, .box_h = 25, .ofs_x = 0, .ofs_y = -2},
    {.bitmap_index = 26091, .adv_w = 540, .box_w = 34, .box_h = 18, .ofs_x = 0, .ofs_y = 1},
    {.bitmap_index = 26397, .adv_w = 540, .box_w = 34, .box_h = 18, .ofs_x = 0, .ofs_y = 1},
    {.bitmap_index = 26703, .adv_w = 540, .box_w = 34, .box_h = 18, .ofs_x = 0, .ofs_y = 1},
    {.bitmap_index = 27009, .adv_w = 540, .box_w = 34, .box_h = 18, .ofs_x = 0, .ofs_y = 1},
    {.bitmap_index = 27315, .adv_w = 540, .box_w = 34, .box_h = 18, .ofs_x = 0, .ofs_y = 1},
    {.bitmap_index = 27621, .adv_w = 540, .box_w = 34, .box_h = 22, .ofs_x = 0, .ofs_y = -1},
    {.bitmap_index = 27995, .adv_w = 378, .box_w = 21, .box_h = 28, .ofs_x = 1, .ofs_y = -4},
    {.bitmap_index = 28289, .adv_w = 378, .box_w = 24, .box_h = 28, .ofs_x = 0, .ofs_y = -4},
    {.bitmap_index = 28625, .adv_w = 432, .box_w = 28, .box_h = 28, .ofs_x = -1, .ofs_y = -4},
    {.bitmap_index = 29017, .adv_w = 540, .box_w = 34, .box_h = 21, .ofs_x = 0, .ofs_y = 0},
    {.bitmap_index = 29374, .adv_w = 324, .box_w = 21, .box_h = 28, .ofs_x = 0, .ofs_y = -4},
    {.bitmap_index = 29668, .adv_w = 435, .box_w = 28, .box_h = 18, .ofs_x = 0, .ofs_y = 1}
};

/*---------------------
 *  CHARACTER MAPPING
 *--------------------*/

static const uint16_t unicode_list_1[] = {
    0x0, 0x7, 0xa, 0xb, 0xc, 0x10, 0x12, 0x14,
    0x18, 0x1b, 0x20, 0x25, 0x26, 0x27, 0x3d, 0x42,
    0x47, 0x4a, 0x4b, 0x4c, 0x50, 0x51, 0x52, 0x53,
    0x66, 0x67, 0x6d, 0x6f, 0x70, 0x73, 0x76, 0x77,
    0x78, 0x7a, 0x92, 0x94, 0xc3, 0xc4, 0xc6, 0xc8,
    0xdf, 0xe6, 0xe9, 0xf2, 0x11b, 0x123, 0x15a, 0x1ea,
    0x23f, 0x240, 0x241, 0x242, 0x243, 0x286, 0x292, 0x2ec,
    0x303, 0x559, 0x7c1, 0x8a1
};

/*Collect the unicode lists and glyph_id offsets*/
static const lv_font_fmt_txt_cmap_t cmaps[] =
{
    {
        .range_start = 32, .range_length = 95, .glyph_id_start = 1,
        .unicode_list = NULL, .glyph_id_ofs_list = NULL, .list_length = 0, .type = LV_FONT_FMT_TXT_CMAP_FORMAT0_TINY
    },
    {
        .range_start = 61441, .range_length = 2210, .glyph_id_start = 96,
        .unicode_list = unicode_list_1, .glyph_id_ofs_list = NULL, .list_length = 60, .type = LV_FONT_FMT_TXT_CMAP_SPARSE_TINY
    }
};



/*--------------------
 *  ALL CUSTOM DATA
 *--------------------*/

#if LVGL_VERSION_MAJOR == 8
/*Store all the custom data of the font*/
static  lv_font_fmt_txt_glyph_cache_t cache;
#endif

#if LVGL_VERSION_MAJOR >= 8
static const lv_font_fmt_txt_dsc_t font_dsc = {
#else
static lv_font_fmt_txt_dsc_t font_dsc = {
#endif
    .glyph_bitmap = glyph_bitmap,
    .glyph_dsc = glyph_dsc,
    .cmaps = cmaps,
    .kern_dsc = NULL,
    .kern_scale = 0,
    .cmap_num = 2,
    .bpp = 4,
    .kern_classes = 0,
    .bitmap_format = 0,
#if LVGL_VERSION_MAJOR == 8
    .cache = &cache
#endif
};



/*-----------------
 *  PUBLIC FONT
 *----------------*/

/*Initialize a public general font descriptor*/
#if LVGL_VERSION_MAJOR >= 8
const lv_font_t lv_font_NotoSans_Bold_27 = {
#else
lv_font_t lv_font_NotoSans_Bold_27 = {
#endif
    .get_glyph_dsc = lv_font_get_glyph_dsc_fmt_txt,    /*Function pointer to get glyph's data*/
    .get_glyph_bitmap = lv_font_get_bitmap_fmt_txt,    /*Function pointer to get glyph's bitmap*/
    .line_height = 27,          /*The maximum line height required by the font*/
    .base_line = 4,             /*Baseline measured from the bottom of the line*/
#if !(LVGL_VERSION_MAJOR == 6 && LVGL_VERSION_MINOR == 0)
    .subpx = LV_FONT_SUBPX_NONE,
#endif
#if LV_VERSION_CHECK(7, 4, 0) || LVGL_VERSION_MAJOR >= 8
    .underline_position = -2,
    .underline_thickness = 1,
#endif
    .dsc = &font_dsc,          /*The custom font data. Will be accessed by `get_glyph_bitmap/dsc` */
#if LV_VERSION_CHECK(8, 2, 0) || LVGL_VERSION_MAJOR >= 9
    .fallback = NULL,
#endif
    .user_data = NULL,
};



#endif /*#if LV_FONT_NOTOSANS_BOLD_27*/

